sample_id,source_file,line_number,text
thai_0001,tha_Thai.dev,1,เมื่อวันจันทร์ที่ผ่านมา นักวิทยาศาสตร์จากโรงเรียนการแพทย์แห่งมหาวิทยาลัยสแตนฟอร์ดได้ประกาศถึงการประดิษฐ์เครื่องมือวินิจฉัยใหม่ที่สามารถจัดเรียงเซลล์ตามประเภทได้ ซึ่งก็คือชิปขนาดเล็กซึ่งสามารถผลิตได้โดยใช้เครื่องพิมพ์อิงค์เจ็ตแบบมาตรฐานในราคาประมาณชิ้นละหนึ่งเซ็นต์ดอลลาร์สหรัฐ
thai_0002,tha_Thai.dev,2,นักวิจัยชั้นนำกล่าวว่าสิ่งนี้อาจทำให้มีการตรวจหามะเร็ง วัณโรค เอชไอวี และมาลาเรียระยะเริ่มต้นในผู้ป่วยในประเทศที่ประชากรมีรายได้น้อย ซึ่งอัตราการรอดชีวิตจากการเจ็บป่วยต่าง ๆ เช่น มะเร็งเต้านม อาจมีเพียงครึ่งหนึ่งของประเทศที่รวยกว่า
thai_0003,tha_Thai.dev,3,JAS 39C Gripen ตกลงบนรันเวย์เมื่อเวลาประมาณ 09.30 น. ตามเวลาท้องถิ่น (0230 ตามเวลามาตรฐานสากล) และเกิดการระเบิด ทำให้สนามบินสำหรับเที่ยวบินเชิงพาณิชย์ต้องปิดให้บริการ
thai_0004,tha_Thai.dev,4,นักบินคนดังกล่าวถูกระบุว่าเป็นนาวาอากาศตรีดิลกฤทธิ์ ปัถวี
thai_0005,tha_Thai.dev,5,ผู้สื่อข่าวท้องถิ่นรายงานว่ารถดับเพลิงประจำสนามบินรีบรุดเข้าไปยังที่เกิดเหตุในทันที
thai_0006,tha_Thai.dev,6,วิดัลวัย 28 ปี ย้ายจากเซบีญ่ามาเข้าร่วมกับบาร์ซ่าเมื่อสามฤดูกาลก่อน
thai_0007,tha_Thai.dev,7,นับตั้งแต่ย้ายมาที่เมืองหลวงของกาตาลุญญา วิดัลได้ลงเล่นให้กับสโมสรไปทั้งสิ้น 49 เกม
thai_0008,tha_Thai.dev,8,การประท้วงเริ่มขึ้นประมาณ 11.00 น. ตามเวลาท้องถิ่น (UTC+1) ที่ไวท์ฮอลล์ซึ่งอยู่ตรงข้ามทางเข้าสู่ถนนดาวนิงซึ่งเป็นบ้านพักอย่างเป็นทางการของนายกรัฐมนตรี โดยทางเข้านั้นมีเจ้าหน้าที่ตำรวจรักษาความปลอดภัยอยู่
thai_0009,tha_Thai.dev,9,หลังเวลา 11.00 น. พอดิบพอดี ผู้ประท้วงปิดกั้นการจราจรบนถนนที่ทอดไปทางทิศเหนือในไวท์ฮอลล์
thai_0010,tha_Thai.dev,10,เมื่อเวลา 11.20 น. ตำรวจได้ขอให้ผู้ประท้วงย้ายกลับขึ้นไปบนบาทวิถี โดยระบุว่าพวกเขาต้องถ่วงดุลระหว่างสิทธิที่จะทำการประท้วงกับการทำให้การจราจรติดขัดด้วย
thai_0011,tha_Thai.dev,11,เมื่อประมาณ 11.29 น. การประท้วงได้เคลื่อนตัวจากไวท์ฮอลล์ ผ่านจัตุรัสทราฟัลการ์ไปตามถนนสแตรนด์ ผ่านอัลด์วิช และเลยคิงส์เวย์ไปยังฮอลบอร์นที่ซึ่งพรรคอนุรักษ์นิยมกำลังจัดการประชุมในฤดูใบไม้ผลิในโรงแรม Grand Connaught Rooms
thai_0012,tha_Thai.dev,12,สถิติการแข่งเฮด-ทู-เฮดของนาดาลกับผู้เล่นชาวแคนาดาคือ 7-2
thai_0013,tha_Thai.dev,13,เขาเพิ่งพ่ายแพ้ราโอนิกเมื่อไม่นานมานี้ในบริสเบนโอเพ่น
thai_0014,tha_Thai.dev,14,นาดาลเก็บคะแนนไป 88% ถ้วนในการแข่งขัน ชนะด้วย 76 คะแนนในเกมเสิร์ฟแรก
thai_0015,tha_Thai.dev,15,"หลังจบการแข่งขัน ราชาคอร์ตดินกล่าวว่า ""ผมตื่นเต้นที่ได้กลับมาเล่นในรอบสุดท้ายของการแข่งขันที่สำคัญที่สุด ผมมาที่นี่เพื่อพยายามคว้าชัยชนะ"""
thai_0016,tha_Thai.dev,16,เอกสารปานามาเป็นคำศัพท์ที่ครอบคลุมในวงกว้างที่ใช้เรียกเอกสารประมาณสิบล้านฉบับจากสำนักงานกฎหมาย Mossack Fonseca ในปานามาที่รั่วไหลสู่สื่อมวลชนในฤดูใบไม้ผลิปี 2016
thai_0017,tha_Thai.dev,17,เอกสารต่าง ๆ ชี้ให้เห็นว่าธนาคาร 14 แห่งได้ช่วยเหลือลูกค้าที่มั่งคั่งซ่อนทรัพย์สมบัติหลายพันล้านดอลลาร์สหรัฐฯ เพื่อเลี่ยงภาษีและกฎเกณฑ์อื่น ๆ
thai_0018,tha_Thai.dev,18,หนังสือพิมพ์เดอะการ์เดียนของอังกฤษแย้มดอยซ์แบงก์ควบคุมประมาณหนึ่งในสามของ 1200 บริษัทบังหน้าที่ใช้ในการบรรลุเป้าหมายนี้
thai_0019,tha_Thai.dev,19,มีการประท้วงเกิดขึ้นทั่วโลก มีการฟ้องร้องทางอาญาหลายครั้ง นอกจากนั้นผู้นำของรัฐบาลไอซ์แลนด์และปากีสถานก็ลาออกทั้งสองคน
thai_0020,tha_Thai.dev,20,"หม่า เกิดในฮ่องกง เรียนที่มหาวิทยาลัยนิวยอร์กและโรงเรียนกฎหมายฮาร์วาร์ด และยังเคยมี ""กรีนการ์ด"" สำหรับสิทธิ์พักอาศัยถาวรในอเมริกา"
thai_0021,tha_Thai.dev,21,เซียะพูดอย่างมีนัยในระหว่างการเลือกตั้งว่าหม่าอาจจะหนีออกไปนอกประเทศในช่วงเวลาวิกฤตก็เป็นได้
thai_0022,tha_Thai.dev,22,เซียะยังถกเถียงอีกด้วยว่าหม่าซึ่งถ่ายรูปขึ้นนั้นเป็นสไตล์มากกว่าสิ่งที่จับต้องได้
thai_0023,tha_Thai.dev,23,แม้จะมีข้อกล่าวหาเหล่านี้ แต่หม่าก็ชนะบนแพลตฟอร์มหนึ่งอย่างง่ายดาย จากการสนับสนุนให้มีความสัมพันธ์ใกล้ชิดกับชาวจีนแผ่นดินใหญ่มากขึ้น
thai_0024,tha_Thai.dev,24,ผู้เล่นประจำวันของวันนี้คือ อเล็กซ์ โอเวคคิน จากวอชิงตันแคปิตัลส์
thai_0025,tha_Thai.dev,25,เขายิงได้ 2 ประตูและส่งลูกให้คนอื่นยิงประตู 2 ครั้งในการชนะ Atlanta Thrashers ด้วยคะแนน 5-3 ที่วองชิงตัน
thai_0026,tha_Thai.dev,26,การส่งลูกเพื่อทำคะแนนครั้งแรกในคืนนี้ของ Ovechkin คือ การส่งลูกให้ Nicklas Backstrom ทำประตูที่ทำให้ชนะการแข่งขัน
thai_0027,tha_Thai.dev,27,ประตูที่สองของเขาในคืนนี้คือประตูที่ 60 ของฤดูกาลทำให้เขากลายเป็นผู้เล่นคนแรกที่ทำได้ 60 ประตูขึ้นไปในฤดูกาลเดียวนับตั้งแต่ปี 1995-96 ซึ่งเป็นปีที่จาโรเมียร์ แจ็กเกอร์และมาริโอ เลมิวซ์เคยทำได้
thai_0028,tha_Thai.dev,28,ในรายชื่อชาวอเมริกัน 400 คนที่ร่ำรวยที่สุดในปีค.ศ. 2008 บัตเทนอยู่อันดับที่ 190 โดยมีรายได้ราว 2.3 พันล้านดอลลาร์
thai_0029,tha_Thai.dev,29,เขาจบการศึกษาจากวิทยาลับศิลปศาสตร์และวิทยาศาตร์แห่งมหาวิทยาลัยเวอร์จิเนียในปี 1950 และเป็นผู้บริจาคคนสำคัญให้กับสถาบันดังกล่าว
thai_0030,tha_Thai.dev,30,เรือนจำอาบูกราอิบของอิรักได้ถูกเผาในช่วงที่เกิดการจราจล
thai_0031,tha_Thai.dev,31,คุกดังกล่าวกลายเป็นที่โจษจันหลังพบว่ามีการล่วงละเมิดนักโทษภายหลังจากที่กองกำลังสหรัฐอเมริกาเข้าควบคุม
thai_0032,tha_Thai.dev,32,ปิเกต์ จูเนียร์เกิดอุบัติเหตุชนในการแข่งขันสิงคโปร์กรังด์ปรีซ์ปีในปี 2008 หลังจากที่เฟอร์นันโด อลอนโซหยุดจอดในโซนพักรถก่อนกำหนด และมีการนำรถดูแลความปลอดภัยออกมา
thai_0033,tha_Thai.dev,33,ในขณะที่รถคันต่าง ๆ ที่อยู่หน้าอลอนโซเข้าไปเติมน้ำมันใต้รถควบคุมความเร็วของรถที่เข้าแข่งขัน เขาก็แซงหน้าฝูงรถเพื่อคว้าชัยชนะ
thai_0034,tha_Thai.dev,34,ปิเกต์ จูเนียร์ถูกเชิญออกหลังจากการแข่งขันฮังการีกรังด์ปรีซ์ปี 2009
thai_0035,tha_Thai.dev,35,ณ เวลา 8.46 น. พอดิบพอดี ความเงียบปกคลุมไปทั่วเมือง เป็นสัญลักษณ์บ่งบอกเวลาที่เครื่องบินไอพ่นลำแรกพุ่งเข้าชนเป้าหมาย
thai_0036,tha_Thai.dev,36,มีการฉายลำแสงขึ้นไปบนฟ้าสองลำตลอดทั้งคืน
thai_0037,tha_Thai.dev,37,ขณะนี้กำลังมีการดำเนินการก่อสร้างตึกระฟ้าแห่งใหม่ห้าแห่งในบริเวณนี้ โดยมีศูนย์การขนส่งและสวนอนุสรณ์อยู่ตรงกลาง
thai_0038,tha_Thai.dev,38,รายการ PBS ได้รับรางวัล Emmy เกินยี่สิบกว่ารางวัล และออกฉายนานน้อยกว่า Sesame Street และ Mister Rogers 'Neighborhood เท่านั้น
thai_0039,tha_Thai.dev,39,รายการแต่ละตอนจะเน้นไปที่ประเด็นสำคัญของหนังสือเล่มใดเล่มหนึ่ง จากนั้นจึงสำรวจประเด็นนั้นผ่านเรื่องราวต่าง ๆ
thai_0040,tha_Thai.dev,40,แต่ละรายการจะแนะนำหนังสือที่เด็ก ๆ ควรมองหาเมื่อเข้าห้องสมุดด้วย
thai_0041,tha_Thai.dev,41,"จอห์น แกรนต์ จาก WNED Buffalo (สถานีหลักของรีดดิ้งเรนโบว์) กล่าวว่า ""รีดดิ้งเรนโบว์สอนให้เด็ก ๆ รู้ว่าทำไมถึงต้องอ่าน ... การรักในการอ่าน [รายการนี้] ส่งเสริมให้เด็กหยิบหนังสือขึ้นมาอ่าน"""
thai_0042,tha_Thai.dev,42,หลายคนรวมทั้งจอห์น แกรนท์เชื่อว่าทั้งการประสบปัญหาด้านเงินทุน และการเปลี่ยนแปลงในระบบการวางโปรแกรมรายการโทรทัศน์ด้านการศึกษามีส่วนทำให้รายการนี้ต้องจบลง
thai_0043,tha_Thai.dev,43,"นักพยากรณ์อากาศกล่าวว่า มีความเป็นไปได้ที่พายุซึ่งอยู่ห่างจากหมู่เกาะ Cape Verse ไปทางทิศตะวันตกเฉียงใต้ราว 645 ไมล์ (1,040 กม.) ลูกนี้จะลดกำลังลงก่อนที่จะเข้าสู่พื้นที่บนบกแห่งใดก็ตาม"
thai_0044,tha_Thai.dev,44,ขณะนี้พายุเฟรดมีความเร็วลมอยู่ที่ 105 ไมล์ต่อชั่วโมง (165 กม./ชม.) และกำลังเคลื่อนตัวไปทางทิศตะวันตกเฉียงเหนือ
thai_0045,tha_Thai.dev,45,เท่าที่เคยมีการบันทึกไว้ นับตั้งแต่การถือกำเนิดของภาพถ่ายดาวเทียมเป็นต้นมา เฟรดคือพายุหมุนเขตร้อนที่รุนแรงที่สุดที่เคยปรากฏทางตอนใต้และตะวันออกในแอตแลนติก และเป็นพายุเฮอริเคนลูกใหญ่ลูกที่สามเท่านั้นที่มีการบันทึกไว้ทางตะวันออกของเส้นเมริเดียนที่ 35° ตะวันตก
thai_0046,tha_Thai.dev,46,"เมื่อวันที่ 24 กันยายน 1759 อาเธอร์ กินเนสส์ได้ลงนามในสัญญาเช่า 9,000 ปีสำหรับโรงเบียร์เซนต์เจมส์เกตในดับลิน ประเทศไอร์แลนด์"
thai_0047,tha_Thai.dev,47,250 ปีต่อมา กินเนสส์ได้เติบโตเป็นธุรกิจระดับโลกที่ทำรายได้มากกว่า 10 พันล้านยูโร (14.7 พันล้านดอลลาร์สหรัฐ) ในทุกปี
thai_0048,tha_Thai.dev,48,Jonny Reid นักแข่งรถร่วมของทีม A1GP นิวซีแลนด์ได้สร้างประวัติศาสตร์ในวันนี้ด้วยการขับรถบนสะพานโอ๊คแลนด์ฮาร์เบอร์ในนิวซีแลนด์ซึ่งมีอายุ 48 ปีได้เร็วที่สุดอย่างถูกกฎหมาย
thai_0049,tha_Thai.dev,49,นาย Reid สามารถขับ Black Beauty ซึ่งเป็นรถ A1GP ของนิวซีแลนด์ ด้วยความเร็วสูงกว่า 160 กม./ชม. เจ็ดครั้งบนสะพาน
thai_0050,tha_Thai.dev,50,ตำรวจนิวซีแลนด์เผชิญปัญหาในการใช้ปืนเรดาร์ตรวจจับความเร็วเพื่อตรวจสอบว่านาย Reid ขับรถไปเร็วขนาดไหน เนื่องจากแบล็กบิวตี้มีความสูงไม่มาก และมีเพียงครั้งเดียวที่ตำรวจตรวจจับนาย Reid ได้สำเร็จ ก็คือตอนที่เขาชะลอความเร็วลงมาที่ 160 กม./ชม.
thai_0051,tha_Thai.dev,51,ในช่วง 3 เดือนที่ผ่านมา ผู้ถูกจับกุมกว่า 80 รายได้รับการปล่อยตัวจากศูนย์บันทึกข้อหากลางโดยไม่ได้ถูกตั้งข้อหาอย่างเป็นทางการ
thai_0052,tha_Thai.dev,52,ในเดือนเมษายนปีนี้ ผู้พิพากษากลินน์ได้ออกคำสั่งห้ามชั่วคราวเพื่อต่อต้านการบังคับปล่อยตัวผู้ที่ถูกกักขังนานกว่า 24 ชั่วโมงหลังจากการรับพวกเขาเข้ามาซึ่งเป็นผู้ที่ไม่ได้รับการพิจารณาจากคณะกรรมาธิการศาล
thai_0053,tha_Thai.dev,53,ผู้ตรวจการแผ่นดินจะให้ประกันตัวหากได้รับอนุญาตและดำเนินการตามข้อกล่าวหาที่เจ้าหน้าที่จับกุมได้ลงไว้อย่างเป็นทางการ จากนั้นข้อกล่าวหาทั้งหมดจะเข้าสู่ระบบคอมพิวเตอร์ของรัฐที่ติดตามคดี
thai_0054,tha_Thai.dev,54,การพิจารณาคดียังถือเป็นวันที่ผู้ต้องสงสัยมีสิทธิ์ได้รับการตัดสินคดีอย่างรวดเร็วอีกด้วย
thai_0055,tha_Thai.dev,55,ปีเตอร์ คอสเตลโล เหรัญญิกชาวออสเตรเลียและผู้ที่มีแนวโน้มว่าจะได้รับสืบทอดตำแหน่งต่อจากนายกรัฐมนตรีจอห์น โฮเวิร์ด ในฐานะหัวหน้าพรรคเสรีนิยม ได้ให้การสนับสนุนอุตสาหกรรมพลังงานนิวเคลียร์ในออสเตรเลีย
thai_0056,tha_Thai.dev,56,นายคอสเตลโลกล่าวว่า การผลิตไฟฟ้าจากนิวเคลียร์สามารถใช้การได้ในเชิงเศรษฐกิจเมื่อไร ออสเตรเลียก็ควรจะพยายามนำมาใช้
thai_0057,tha_Thai.dev,57,"นายคอสเตลโลกล่าวว่า ""ถ้ามันกลายเป็นสินค้าเชิงพาณิชย์ เราก็ควรมีไว้ นั่นหมายความว่าโดยหลักการแล้วการคัดค้านพลังงานนิวเคลียร์นั้นไม่มีอยู่จริง"""
thai_0058,tha_Thai.dev,58,"Ansa กล่าวว่า ""ตำรวจกังวลว่าการโจมตีระดับสูงสักสองสามครั้งอาจก่อให้เกิดสงครามสืบทอดเต็มรูปแบบ"
thai_0059,tha_Thai.dev,59,ตำรวจกล่าวว่า Lo Piccolo ได้เปรียบกว่าเนื่องจากเขาเป็นมือขวาของ Provenzano ใน Palermo มาก่อน และประสบการณ์ที่มากกว่าของเขานี่เองที่ทำให้เขาได้รับความเคารพจากผู้นำรุ่นเก่า เนื่องจากพวกเขาปฏิบัติตามนโยบายของ Provenzano ในการไม่ทำตัวเป็นจุดสนใจให้มากที่สุดเท่าที่จะเป็นไปได้ ในขณะที่สร้างความเข้มแข็งให้แก่เครือข่ายอำนาจของตนเอง
thai_0060,tha_Thai.dev,60,หัวหน้าเหล่านี้ถูก Provenzano ควบคุมเมื่อเขายุติสงครามที่ขับเคลื่อนโดย Riina กับรัฐที่คร่าชีวิตของ Giovanni Falcone และ Paolo Borsellino ผู้ต่อต้านมาเฟีย ในปี 1992
thai_0061,tha_Thai.dev,61,สตีฟ จ็อบส์ ซีอีโอของแอปเปิ้ลเปิดตัวอุปกรณ์นี้ด้วยการเดินขึ้นไปบนเวที แล้วควักไอโฟนออกจากกระเป๋ากางเกงยีน
thai_0062,tha_Thai.dev,62,"ในระหว่างการพูด 2 ชั่วโมง เขาได้กล่าวว่า ""วันนี้แอปเปิลจะพลิกโฉมโทรศัพท์ขึ้นมาใหม่ เราจะสร้างประวัติศาสตร์กันในวันนี้"""
thai_0063,tha_Thai.dev,63,บราซิลคือประเทศที่มีประชาชนนับถือศาสนาคริสต์นิกายโรมันคาทอลิกจำนวนมากที่สุดในโลก และคริสตจักรนิกายโรมันคาทอลิกก็ได้คัดค้านการทำให้การแต่งงานระหว่างเพศเดียวกันเป็นเรื่องที่ถูกต้องตามกฎหมายในประเทศนี้มาอย่างต่อเนื่อง
thai_0064,tha_Thai.dev,64,สภาแห่งชาติบราซิลได้พิจารณาการทำให้เรื่องนี้ถูกกฎหมายมานาน 10 ปี และในปัจจุบันการสมรสตามกฎหมายถูกต้องตามกฎหมายใน Rio Grande do Sul เท่านั้น
thai_0065,tha_Thai.dev,65,Marta Suplicy อดีตนายกเทศมนตรีเมืองเซาเปาโล เป็นผู้ร่างพระราชบัญญัติฉบับเดิม หลังจากที่ได้รับการแก้ไขแล้ว กฎหมายที่ได้รับการนำเสนอฉบับนี้ก็อยู่ในมือของ Roberto Jefferson ในขณะนี้
thai_0066,tha_Thai.dev,66,ผู้ประท้วงหวังจะรวบรวมรายชื่อผู้ร้องเรียนได้ถึง 1.2 ล้านรายชื่อเพื่อเสนอต่อสภาคองเกรสในเดือนพฤศจิกายน
thai_0067,tha_Thai.dev,67,หลังจากปรากฎชัดแล้วว่ามีหลายครอบครัวกำลังเรียกร้องขอความช่วยเหลือทางด้านกฎหมายเพื่อต่อสู้กับการฟ้องขับไล่ จึงได้จัดประชุมสำหรับเหยื่อผู้ถูโกงที่อยู่อาศัยขึ้นเมื่อวันที่ 20 มีนาคมที่ศูนย์กฎหมายชุมชน East Bay
thai_0068,tha_Thai.dev,68,เมื่อผู้เช่าเริ่มเล่าสิ่งที่เกิดขึ้นกับพวกเขาสู่กันฟัง ครอบครัวส่วนใหญ่ที่เกี่ยวข้องก็รู้ทันทีว่า แคโรลีน วิลสัน แห่ง OHA ขโมยเงินประกันของพวกเขาและหนีออกจากเมืองไปแล้ว
thai_0069,tha_Thai.dev,69,ผู้เช่าที่ Lockwood Gardens เชื่อว่าอาจมีครอบครัวอื่น ๆ อีกอย่างน้อย 40 ครอบครัวที่จะต้องเผชิญกับการฟ้องขับไล่ เนื่องจากพวกเขาทราบว่าเจ้าหน้าที่ตำรวจ OHA กำลังดำเนินการสืบสวนทรัพย์สินของการเคหะแห่งชาติในโอ๊กแลนด์ที่อาจโดนกลหลอกลวงเกี่ยวกับการเคหะครั้งนี้
thai_0070,tha_Thai.dev,70,"วงดนตรีวงนี้ได้ยกเลิกการแสดงที่สนามกีฬา Maui's War Memorial Stadium ที่จะมีผู้เข้าร่วมถึง 9,000 คนพร้อมทั้งกล่าวขอโทษบรรดาแฟน ๆ"
thai_0071,tha_Thai.dev,71,HK Management Inc. ซึ่งเป็นบริษัทจัดการของวงไม่ได้ให้เหตุผลเบื้องต้นตอนที่พวกเขายกเลิกในวันที่ 20 กันยายน แต่วันรุ่งขึ้นก็กล่าวโทษเหตุผลที่มีตรรกะต่าง ๆ
thai_0072,tha_Thai.dev,72,ทนายความชาวกรีกที่มีชื่อเสียงซึ่งมีชื่อว่า Sakis Kechagioglou และ George Nikolakopoulos ถูกคุมขังอยู่ในเรือนจำ Korydallus ในกรุงเอเธนส์ เนื่องจากถูกตัดสินว่ามีความผิดฐานทุจริตและรับสินบน
thai_0073,tha_Thai.dev,73,ด้วยเหตุนี้ เรื่องอื้อฉาวครั้งใหญ่ในชุมชนกฎหมายกรีกจึงเกิดขึ้นจากการเปิดเผยการกระทำผิดกฎหมายที่ผู้พิพากษา นักกฎหมาย และเหล่าทนายความได้กระทำในช่วงหลายปีที่ผ่านมา
thai_0074,tha_Thai.dev,74,"ไม่ช่วงกี่สัปดาห์ที่ผ่านมาหลังจากมีการเผยแพร่ข้อมูลโดย Makis Triantafylopoulos ผู้สื่อข่าวโทรทัศน์ในรายการยอดนิยม ""Zoungla"" ทางช่อง Alpha TV สมาชิกรัฐสภาและทนายความ Petros Mantouvalos ได้ลาออกจากตำแหน่งเนื่องจากสมาชิกในสำนักงานของเขามีส่วนเกี่ยวข้องกับการทุจริตและการรับสินบนโดยมิชอบด้วยกฎหมาย"
thai_0075,tha_Thai.dev,75,นอกจากนั้น ผู้พิพากษาสูงสุด เอวานเจลอส คาลูซิสยังถูกจำคุกเนื่องจากมีความผิดฐานคอรัปชั่นและมีพฤติกรรมที่เสื่อมเสีย​
thai_0076,tha_Thai.dev,76,โรเบิร์ตปฏิเสธอย่างเด็ดขาดที่จะพูดถึงตอนที่เขาเชื่อว่าชีวิตเริ่มต้นขึ้น ซึ่งเป็นคำถามสำคัญข้อหนึ่งเมื่อพิจารณาถึงจริยธรรมของการทำแท้ง โดยกล่าวว่าอาจเป็นเรื่องผิดจรรยาบรรณที่จะให้ความเห็นในสิ่งที่เฉพาะเจาะจงถึงกรณีที่เป็นไปได้
thai_0077,tha_Thai.dev,77,"ทว่าเขาได้ย้ำคำพูดก่อนหน้านี้ว่า โร วี. เวด คือ ""กฎที่มั่นคงแห่งแผ่นดิน"" โดยเน้นที่ความสำคัญของคำวินิจฉัยของศาลฎีกาที่สอดคล้องกัน"
thai_0078,tha_Thai.dev,78,นอกจากนี้เขายังยืนยันว่าเขาเชื่อในสิทธิโดยนัยในความเป็นส่วนตัว นี่เป็นสิ่งที่ Roe ตัดสินใจเอาไว้
thai_0079,tha_Thai.dev,79,Maroochydore อยู่ในอันดับสูงสุด โดยคว้าคะแนนนำ Noosa ที่ได้อันดับสองไป 6 คะแนน
thai_0080,tha_Thai.dev,80,ทั้งสองฝ่ายได้พบกันในรอบรองชนะเลิศครั้งสำคัญ ซึ่งนูซ่าเป็นฝ่ายชนะด้วยคะแนน 11 คะแนน
thai_0081,tha_Thai.dev,81,จากนั้น Maroochydore ก็เอาชนะ Caboolture ได้ในรอบชิงชนะเลิศรอบแรก
thai_0082,tha_Thai.dev,82,Hesperonychus elizabethae เป็นสายพันธุ์หนึ่งของวงศ์ Dromaeosauridae และเป็นเครือญาติของ Velociraptor
thai_0083,tha_Thai.dev,83,เชื่อกันว่านกล่าเหยื่อที่เป็นสัตว์เลือดอุ่นและมีขนนกปกคลุมเต็มตัวชนิดนี้เดินตัวตรงโดยใช้สองขาและมีกรงเล็บเหมือนวิลอซีแรปเตอร์
thai_0084,tha_Thai.dev,84,"กรงเล็บที่สองมีขนาดใหญ่กว่า และเป็นที่มาของชื่อ Hesperonychus ที่มีความหมายว่า ""กรงเล็บตะวันตก"""
thai_0085,tha_Thai.dev,85,นอกเหนือจากน้ำแข็งซึ่งบดขยี้แล้ว สภาพอากาศที่เลวร้ายสุดขีดยังขัดขวางการพยายามช่วยเหลืออีกด้วย
thai_0086,tha_Thai.dev,86,พิตต์ชี้ให้เห็นว่าสถานการณ์ต่าง ๆ จะยังไม่ดีขึ้นจนกว่าจะถึงสัปดาห์หน้า
thai_0087,tha_Thai.dev,87,ตามที่พิตต์แมนกล่าว ปริมาณและความหนาของแพน้ำแข็งนี้นับว่าเลวร้ายที่สุดในรอบ 15 ปีที่ผ่านมาสำหรับเรือล่าแมวน้ำ
thai_0088,tha_Thai.dev,88,ข่าวแพร่สะพัดในชุมชนเรดเลคในวันนี้ว่ามีนักเรียนอีกคนถูกจับุมจากการก่อเหตุกราดยิงในโรงเรียนเมื่อวันที่ 21 มีนาคม ขณะที่งานศพของ Jeff Weise และเหยื่อ 3 ใน 9 คนดำเนินอยู่
thai_0089,tha_Thai.dev,89,เจ้าหน้าที่กล่าวอย่างเป็นทางการเล็กน้อยนอกเหนือจากยืนยันการจับกุมในวันนี้
thai_0090,tha_Thai.dev,90,อย่างไรก็ดี แหล่งข่าวที่มีความรู้เกี่ยวกับการสอบสวนบอกกับมินนีแอโพิสสตาร์ทริบูนว่านั่นคือ หลุยส์ ชูร์แดง ลูกชายวัย 16 ปี ของ ฟลอยด์ ชูร์แดง ประธานแห่ง Red Lake Tribal
thai_0091,tha_Thai.dev,91,ในขณะนี้ยังไม่ทราบว่าจะมีการตั้งข้อหาใดหรือสิ่งใดที่นำเจ้าหน้าที่ไปสู่เด็กคนนี้ แต่มีการเริ่มกระบวนการพิจารณาคดีเด็กและเยาวชนในศาลรัฐบาลกลางแล้ว
thai_0092,tha_Thai.dev,92,Lodin ยังกล่าวอีกว่าเจ้าหน้าที่ตัดสินใจยกเลิกการเลือกตั้งซ้ำเพื่อเป็นการประหยัดค่าใช้จ่ายและป้องกันความเสี่ยงด้านความปลอดภัยของการเลือกตั้งอื่นให้กับชาวอัฟกานิสถาน
thai_0093,tha_Thai.dev,93,นักการทูตทั้งหลายแถลงว่าพวกเขาพบว่ารัฐธรรมนูญของอัฟกานิสถานมีความคลุมเครือมากพอที่จะตัดสินว่าการเลือกตั้งซ้ำเป็นสิ่งที่ไม่จำเป็น
thai_0094,tha_Thai.dev,94,เหตุการณ์นี้ขัดแย้งกับรายงานก่อนหน้านี้ที่กล่าวว่าการยกเลิกการเลือกตั้งผู้สมัครรอบสองจะเป็นการขัดต่อรัฐธรรมนูญ
thai_0095,tha_Thai.dev,95,เครื่องบินลำนี้เดินทางมุ่งหน้าไปยังอีร์คุตสค์ โดยมีกองกำลังภายในเป็นผู้ขับควบคุม
thai_0096,tha_Thai.dev,96,มีการจัดให้มีการสอบสวนเพื่อสืบสวน
thai_0097,tha_Thai.dev,97,นับตั้งแต่ปี 1970 เครื่องบิน Il-76 ถือเป็นองค์ประกอบสำคัญทั้งในกองทัพรัสเซียและโซเวียต และเคยเกิดอุบัติเหตุร้ายแรงมาแล้วในช่วงเดือนที่ผ่านมาที่รัสเซีย
thai_0098,tha_Thai.dev,98,ในวันที่ 7 ตุลาคม เครื่องยนต์แยกออกจากกันขณะขึ้นบินโดยไม่มีผู้ได้รับบาดเจ็บ รัสเซียสั่งหยุดการใช้งาน Il-76s เป็นเวลาสั้น ๆ หลังจากเกิดอุบัติเหตุดังกล่าว
thai_0099,tha_Thai.dev,99,ระบบท่อขนส่งที่มีความยาว 800 ไมล์ของทรานส์-อะแลสกา ปิดตัวหลังจากมีน้ำมันดิบหลายพันบาร์เรลรั่วไหลในทางตอนใต้ของเมืองแฟร์แบงค์ในรัฐอะแลสกา
thai_0100,tha_Thai.dev,100,ไฟฟ้าขัดข้องที่เกิดขึ้นต่อเนื่องจากการทดสอบระบบควบคุมอัคคีภัยส่งผลให้วาล์วระบายเปิดออกจนเป็นสาเหตุให้เกิดการรั่วไหลของน้ำมันดิบในบริเวณใกล้เคียงกับสถานีสูบน้ำมันหมายเลข 9 ณ ฟอร์ตกรีลี
thai_0101,tha_Thai.dev,101,"การที่วาล์วเปิดทำให้แรงดันถูกปล่อยออกจากระบบ แล้วน้ำมันก็ไหลไปตามรางสู่ถังที่มีความจุ 55,000 บาร์เรล (2.3 ล้านแกลลอน)"
thai_0102,tha_Thai.dev,102,เมื่อบ่ายวันพุธ ช่องระบายอากาศของแทงก์ยังคงรั่ว ซึ่งอาจเกิดจากการขยายตัวของความร้อนภายในแทงก์
thai_0103,tha_Thai.dev,103,"พื้นที่สำหรับบรรจุรองอีกแห่งใต้แทงก์ซึ่งสามารถรองรับได้ 104,500 บาร์เรลยังมีน้ำมันบรรจุอยู่ไม่เต็ม"
thai_0104,tha_Thai.dev,104,ความคิดเห็นต่าง ๆ ซึ่งออกอากาศสดทางทีวี แสดงให้เห็นว่านี่เป็นครั้งแรกที่แหล่งข่าวอาวุโสชาวอิหร่านยอมรับว่ามาตรการคว่ำบาตรมีผลกระทบบางอย่าง
thai_0105,tha_Thai.dev,105,ซึ่งรวมถึงข้อจำกัดทางการเงินและคำสั่งห้ามส่งออกน้ำมันดิบของสหภาพยุโรป ซึ่งเป็นช่องทางรับรายได้จากต่างประเทศถึง 80% ของเศรษฐกิจอิหร่าน
thai_0106,tha_Thai.dev,106,ในรายงานประจำเดือนฉบับล่าสุด โอเปกกล่าวว่าการส่งออกน้ำมันดิบลดฮวบสู่ระดับต่ำสุดในช่วงสองทศวรรษ โดยอยู่ที่ 2.8 ล้านบาร์เรลต่อวัน
thai_0107,tha_Thai.dev,107,"Ayatollah Ali Khamenei ผู้นำสูงสุดของประเทศระบุถึงการที่ต้องพึ่งพาน้ำมันว่าเป็น ""กับดัก"" ที่สืบเนื่องมาตั้งแต่ก่อนอิหร่านทำการปฏิวัติอิสลามในปีค.ศ. 1979 และประเทศควรเป็นอิสระจากกับดักนี้ได้แล้ว"
thai_0108,tha_Thai.dev,108,เมื่อแคปซูลมาถึงโลกและเข้าสู่ชั้นบรรยากาศเมื่อราว 5 น. (เวลามาตรฐานตะวันออก) คาดว่าสำหรับชาวแคลิฟอร์เนียตอนเหนือ โอเรกอน เนวาดา และยูทาห์ จะเห็นแสงสีสวยงามทีเดียว
thai_0109,tha_Thai.dev,109,แคปซูลจะดูเหมือนดาวตกที่กำลังพุ่งข้ามฟากฟ้าอย่างมาก
thai_0110,tha_Thai.dev,110,แคปซูลจะเดินทางด้วยควาวมเร็วประมาณ 12.8 กม. หรือ 8 ไมล์ ต่อวินาที ซึ่งเร็วพอที่จะเดินทางจากซานฟรานซิสโกไปลอสแอนเจลิสในหนึ่งนาที
thai_0111,tha_Thai.dev,111,Stardust จะสร้างสถิติใหม่ตลอดกาลสำหรับการเป็นยานอวกาศที่กลับสู่โลกได้เร็วที่สุด ทำลายสถิติเดิมในเดือนพฤษภาคมปี ค.ศ. 1969 ระหว่างที่ยานบังคับการของ Apollo X กลับมาสู่โลก
thai_0112,tha_Thai.dev,112,มันจะเคลื่อนตัวเหนือชายฝั่งด้านตะวันตกของแคลิฟอร์เนียตอนเหนือและจะส่องท้องฟ้าจากแคลิฟอร์เนียทะลุผ่านภาคกลางของออริกอน และผ่านต่อไปยังเนวาดาและไอดาโฮ และเข้าไปสู่ยูทาห์ ทอม ดักซ์บิวรี ผู้จัดการของโครงการ Stardust กล่าว
thai_0113,tha_Thai.dev,113,การตัดสินใจของนายรัดด์ที่จะการลงนามในพิธีสารเกียวโตที่ว่าด้วยเรื่องสภาพอากาศทำให้สหรัฐอเมริกาแยกตัวออกมา ซึ่งตอนนี้จะเป็นชาติพัฒนาแล้วเพียงชาติเดียวที่ไม่ให้สัตยาบันในข้อตกลง
thai_0114,tha_Thai.dev,114,อดีตรัฐบาลอนุรักษ์นิยมของออสเตรเลียปฏิเสธที่จะให้สัตยาบันกับพิธีสารเกียวโต โดยกล่าวว่าจะสร้างความเสียหายต่อเศรษฐกิจจากการพึ่งพาการส่งออกถ่านหินอย่างหนัก ในขณะที่ประเทศต่าง ๆ เช่น อินเดียและจีนไม่ถูกผูกมัดกับเป้าหมายการปล่อยมลพิษ
thai_0115,tha_Thai.dev,115,การเข้าซื้อกิจการครั้งนี้นับว่าเป็นการทุ่มทุนครั้งใหญ่ที่สุดในประวัติศาสตร์ของ eBay
thai_0116,tha_Thai.dev,116,บริษัทหวังที่จะกระจายแหล่งทำกำไรให้หลากหลายและได้รับความนิยมในพื้นที่ที่ Skype ครองความนิยมไว้ได้อย่างเหนียวแน่น เช่น จีน ยุโรปตะวันออก และบราซิล
thai_0117,tha_Thai.dev,117,นักวิทยาศาสตร์หลายคนข้องใจว่าเอนเซลาดัสคือการเคลื่อนไหวทางธรณีวิทยา อีกทั้งยังเป็นไปได้ว่าเป็นแหล่งกำเนิดของวงแหวน E ของดาวเสาร์อีกด้วย
thai_0118,tha_Thai.dev,118,เอนเซลาดัสเป็นวัตถุที่สะท้อนแสงมากที่สุดในระบบสุริยะโดยสะท้อนแสงอาทิตย์ประมาณร้อยละ 90 ที่ตกกระทบพื้นผิวของมัน
thai_0119,tha_Thai.dev,119,โคนามิ บริษัทผู้จัดจำหน่ายเกมกล่าวไว้หนังสือพิมพ์ญี่ปุ่นวันนี้ว่า พวกเขาจะไม่ปล่อยเกม Six Days in Fallujah
thai_0120,tha_Thai.dev,120,เกมนี้อ้างอิงมาจากสงครามครั้งที่สองของเมืองฟัลลูจาห์ซึ่งเป็นสงครามอันดุเดือดระหว่างกองทัพอเมริกาและกองทัพอิรัก
thai_0121,tha_Thai.dev,121,นอกจากนี้ ACMA ยังพบว่าแม้จะมีการสตรีมวิดีโอทางอินเทอร์เน็ต แต่บิกบราเธอร์ก็ไม่ได้ละเมิดกฎหมายการเซ็นเซอร์เนื้อหาออนไลน์ เนื่องจากสื่อดังกล่าวไม่ได้ถูกจัดเก็บไว้ในเว็บไซต์ของบิกบราเธอร์
thai_0122,tha_Thai.dev,122,พระราชบัญญัติการบริการกระจายเสียงกำหนดให้มีการควบคุมเนื้อหาทางอินเทอร์เน็ต ทว่าสิ่งที่จะถูกพิจารณาว่าเป็นเนื้อหาทางอินเทอร์เน็ตต้องอยู่บนเซิร์ฟเวอร์เท่านั้น
thai_0123,tha_Thai.dev,123,"สถานทูตสหรัฐอเมริกาในเมืองไนโรบี ประเทศเคนยา ได้ประกาศเตือนว่า ""กลุ่มหัวรุนแรงจากโซมาเลีย"" กำลังวางแผนที่จะโจมตีด้วยระเบิดพลีชีพในเคนยาและเอธิโอเปีย"
thai_0124,tha_Thai.dev,124,"สหรัฐฯ แถลงว่าได้รับข้อมูลจากแหล่งข่าวที่ไม่เปิดเผย ซึ่งระบุโดยเฉพาะถึงการใช้มือระเบิดพลีชีพเพื่อระเบิด ""สถานที่สำคัญต่าง ๆ"" ในประเทศเอธิโอเปียและเคนยา"
thai_0125,tha_Thai.dev,125,นานมาแล้วตั้งแต่สมัยที่เฮ็คและจอห์นสันยังเป็นนักศึกษาในมหาวิทยาลัยวิสคอนซิน-แมดิสัน (University of Wisconsin-Madison) ในปี 1988 พวกเขามองเห็นการณ์ไกลไปถึงสื่อสิ่งพิมพ์ที่ล้อเลียนข่าวและการรายงานข่าว ก่อนที่จะเริ่มจัดทำรายการ The Daily Show และ The Colbert Report
thai_0126,tha_Thai.dev,126,"นับตั้งแต่ก่อตั้งขึ้นมา The Onion ได้กลายเป็นอาณาจักรข่าวล้อเลียนที่แท้จริง โดยมีทั้งฉบับตีพิมพ์ เว็บไซต์ที่ดึงดูดผู้เข้าชมได้ถึง 5,000,000 คนในเดือนตุลาคม นอกจากนี้ยังมีโฆษณาส่วนบุคคล เครือข่ายข่าว 24 ชั่วโมง พอดแคสต์ และแผนที่โลกชื่อว่า Our Dumb World ที่เพิ่งเปิดตัวไปเมื่อไม่นานมานี้"
thai_0127,tha_Thai.dev,127,อัล กอร์และนายพลทอมมี่ แฟรงกส์พูดคุยกันอย่างไม่เป็นทางการเกี่ยวกับหัวข้อข่าวที่พวกเขาโปรดปราน (หัวข้อของกอร์คือตอนที่เดอะ ออนเนียนรายงานว่าเขากับทิปเปอร์ได้มีเซ็กซ์ที่ดีที่สุดในชีวิต หลังจากคณะผู้เลือกตั้งของเขาพ่ายแพ้ในปี 2000
thai_0128,tha_Thai.dev,128,นักเขียนหลายคนของพวกเขาได้สร้างอิทธิพลอย่างมากต่อรายการล้อเลียนข่าวของจอน สจ๊วต และสตีเฟน โคลแบร์
thai_0129,tha_Thai.dev,129,งานรวมศิลปินครั้งนี้ที่ยังเป็นส่วนหนึ่งของแคมเปญที่จัดโดยศาลาว่าการกรุงบูคาเรสต์ ในการพยายามสร้างภาพลักษณ์ของเมืองหลวงของโรมาเนียให้เป็นมหานครที่มีความสร้างสรรค์และมีสีสันอีกครั้ง
thai_0130,tha_Thai.dev,130,เมืองนี้จะเป็นเมืองแรกในยุโรปตะวันออกเฉียงใต้ที่จัด CowParade ซึ่งเป็นงานศิลปะสาธารณะที่ใหญ่ที่สุดในโลก โดยจะจัดขึ้นในช่วงระหว่างเดือนมิถุนายนจนถึงสิงหาคมปีนี้
thai_0131,tha_Thai.dev,131,แถลงการณ์ในวันนี้ยังขยายความรับผิดชอบที่รัฐบาลสร้างไว้ในเดือนมีนาคมของปีนี้ในการจัดหาเงินสนับสนุนการขนส่งพิเศษอีกด้วย
thai_0132,tha_Thai.dev,132,"การเพิ่มอีก 300 ทำให้ต้องมีตู้โดยสารทั้งหมด 1,300 ตู้เพื่อบรรเทาความแออัด"
thai_0133,tha_Thai.dev,133,Christopher Garcia โฆษกกรมตำรวจลอสแองเจลิสกล่าวว่า ผู้ต้องสงสัยว่ากระทำความผิดเพศชายรายนี้กำลังถูกสอบสวนในข้อหาบุกรุกมากกว่าการทำลายทรัพย์สิน
thai_0134,tha_Thai.dev,134,"ป้ายไม่ได้รับความเสียหายแต่อย่างใด การปรับเปลี่ยนทำโดยใช้ผ้าใบกันน้ำสีดำที่ตกแต่งด้วยสัญลักษณ์แห่งสันติภาพและหัวใจเพื่อเปลี่ยนอักษร ""O"" ให้กลายเป็นอักษร ""e"""
thai_0135,tha_Thai.dev,135,ปรากฏการณ์ทะเลแดงเกิดจากการที่ Karenia brevis ซึ่งเป็นสิ่งมีชีวิตในทะเลเซลล์เดียวที่เกิดขึ้นเองตามธรรมชาติมีความหนาแน่นมากกว่าปกติ
thai_0136,tha_Thai.dev,136,ปัจจัยทางธรรมชาติสามารถขัดขวางการสร้างสภาวะที่ดี ทำให้สาหร่ายชนิดนี้เพิ่มจำนวนขี้นอย่างรวดเร็ว
thai_0137,tha_Thai.dev,137,สาหร่ายชนิดนี้จะปล่อยสารพิษต่อระบบประสาทซึ่งอาจทำให้เส้นประสาทหย่อนความสามารถได้ทั้งในมนุษย์และสัตว์น้ำ
thai_0138,tha_Thai.dev,138,บ่อยครั้งที่ปลาเสียชีวิตเพราะในน้ำมีสารพิษที่มีความเข้มข้นสูง
thai_0139,tha_Thai.dev,139,มนุษย์สามารถได้รับผลกระทบจากการสูดหายใจรับน้ำที่เกิดปรากฏการณ์ซึ่งถูกลมและคลื่นพัดพาขึ้นไปในอากาศ
thai_0140,tha_Thai.dev,140,เมื่ออยู่ในภาวะรุนแรงสูงสุด พายุหมุนเขตร้อนโกนู ซึ่งได้รับการตั้งชื่อตามกระเป๋าใบปาล์มในภาษามัลดีฟส์ มีความเร็วลมถึง 240 กิโลเมตรต่อชั่วโมง (149 ไมล์ต่อชั่วโมง)
thai_0141,tha_Thai.dev,141,เมื่อช่วงเช้าของวันนี้ ลมมีแรงกำลังราว 83 กม./ชม. และคาดกันว่าจะอ่อนกำลังลงเรื่อย ๆ
thai_0142,tha_Thai.dev,142,เมื่อวันพุธที่ผ่านมา สมาคมบาสเกตบอลแห่งชาติของสหรัฐอเมริกา (NBA) ได้ระงับฤดูกาลแข่งขันบาสเกตบอลอาชีพของทางสมาคมเนื่องด้วยมีความกังวลเกี่ยวกับโควิด-19
thai_0143,tha_Thai.dev,143,การตัดสินใจของ NBA เกิดขึ้นเนื่องจากผู้เล่นของยูทาห์แจ๊สได้รับผลการตรวจหาเชื้อไวรัส โควิด-19 ที่เป็นบวก
thai_0144,tha_Thai.dev,144,อิงจากซากฟอสซิลนี้ หมายความว่ารอยแตกนี้เกิดขึ้นเร็วกว่าที่คาดการณ์ไว้โดยหลักฐานระดับโมเลกุล
thai_0145,tha_Thai.dev,145,"นั่นหมายความว่าจะต้องหยุดพักทุกอย่างไว้ก่อน"" Berhane Asfaw นักวิจัยที่ Rift Vally Research Service ในเอธิโอเปียและผู้เขียนร่วมในการค้นคว้านี้กล่าว"
thai_0146,tha_Thai.dev,146,AOL สามารถขับเคลื่อนและพัฒนาตลาด IM ได้ด้วยตนเองมาจนถึงปัจจุบัน เนื่องจากมีการใช้งานอย่างแพร่หลายในประเทศสหรัฐอเมริกา
thai_0147,tha_Thai.dev,147,การดำเนินการนี้อาจทำให้เสรีภาพนี้สิ้นสุดลงได้
thai_0148,tha_Thai.dev,148,จำนวนผู้ใช้ Yahoo! และบริการของไมโครซอฟต์รวมกันจะมีมากพอจนแข่งขันกับจำนวนลูกค้าของ AOL ได้
thai_0149,tha_Thai.dev,149,ธนาคารนอร์เทิร์นร็อกกลายเป็นสมบัติของชาติในปีค.ศ. 2008 หลังจากมีการเปิดเผยว่าบริษัทได้รับการสนับสนุนฉุกเฉินจากรัฐบาลสหราชอาณาจักร
thai_0150,tha_Thai.dev,150,Northern Rock ร้องขอการสนับสนุนเนื่องจากสถานะทางการเงินของพวกเขาในช่วงวิกฤตสินเชื่อซับไพรม์ในปี 2007
thai_0151,tha_Thai.dev,151,เวอร์จินกรุ๊ปของเซอร์ริชาร์ด แบรนสันได้เสนอราคาสำหรับธนาคารที่ถูกปฏิเสธก่อนการโอนให้เป็นของรัฐ
thai_0152,tha_Thai.dev,152,ในปีพ.ศ. 2553 ขณะที่มีสถานะเป็นของรัฐ ธนาคารรายใหญ่ที่มีสาขามากมายในปัจจุบันอย่าง Northern Rock plc ได้แยกตัวมาออกจาก Northern Rock (การจัดการสินทรัพย์) ซึ่งเป็น 'ธนาคารที่ไม่ดี'
thai_0153,tha_Thai.dev,153,เวอร์จินซื้อเฉพาะ 'ธนาคารที่ดี' ของนอร์เทิร์นร็อกเท่านั้น ไม่ใช่บริษัทบริหารสินทรัพย์
thai_0154,tha_Thai.dev,154,เชื่อกันว่าครั้งนี้คือครั้งที่ห้าในประวัติศาสตร์ที่ผู้สังเกตพบสิ่งที่ภายหลังปรากฏว่าเป็นวัตถุจากดาวอังคารที่ได้รับการยืนยันทางเคมีตกลงมายังโลก
thai_0155,tha_Thai.dev,155,"ในบรรดาอุกกาบาตราว 24,000 ดวงที่ทราบว่าตกลงมายังโลก มีเพียง 34 ดวงเท่านั้นที่ตรวจสอบยืนยันแล้วว่ามาจากดาวอังคาร"
thai_0156,tha_Thai.dev,156,หิน 15 ก้อนนี้มาจากฝนดาวตกในเดือนกรกฎาคมที่ผ่านมา
thai_0157,tha_Thai.dev,157,"หินบางชนิดที่หาได้ยากมากในโลก มีการขายตั้งแต่ราคา 11,000 ดอลลาร์สหรัฐไปจนถึง 22,500 ดอลลาร์สหรัฐต่อออนซ์ ซึ่งแพงกว่าราคาทองคำราวสิบเท่า"
thai_0158,tha_Thai.dev,158,"หลังจากการแข่งขัน Keselowski ยังคงเป็นผู้นำของการแข่งขันชิงแชมป์นักดำน้ำด้วยคะแนน 2,250 แต้ม"
thai_0159,tha_Thai.dev,159,"จอห์นสันซึ่งตามหลังอยู่ 7 คะแนน ได้อันดับสองด้วย 2,243 คะแนน"
thai_0160,tha_Thai.dev,160,"แฮมลินตามหลังมา 20 คะแนนในลำดับที่สาม แต่นำหน้าโบว์เยอร์อยู่ 5 คะแนน คาห์นและทรูเอกซ์ จูเนียร์ได้ลำดับที่ห้าและหกด้วยคะแนน 2,220 และ 2207"
thai_0161,tha_Thai.dev,161,"Stewart, Gordon, Kenseth และ Harvick จบการแข่งขันโดยอยู่ในอันดับสูงสุดสิบอันดับแรกสำหรับการแข่งขัน Driver's Championship โดยมีการแข่งขันเหลือในฤดูกาลนี้อีกสี่รายการ"
thai_0162,tha_Thai.dev,162,นอกจากนี้ กองทัพเรือสหรัฐฯ ยังระบุอีกด้วยว่ากำลังดำเนินการสอบสวนเหตุการณ์นี้
thai_0163,tha_Thai.dev,163,"พวกเขายังกล่าวในแถลงการณ์ด้วยว่า ""ขณะนี้ลูกเรือกำลังดำเนินการเพื่อกำหนดวิธีที่ดีที่สุดในการดึงเรือขึ้นอย่างปลอดภัย"""
thai_0164,tha_Thai.dev,164,เรือต่อต้านทุ่นระเบิดประเภท Avenger เรือลำนี้อยู่ระหว่างทางไปยังปูเวร์โตปรินเซซาในปาลาวัน
thai_0165,tha_Thai.dev,165,มีการมอบหมายให้อยู่ในความดูแลของกองเรือที่เจ็ดแห่งกองทัพเรือสหรัฐอเมริกาและมีฐานอยู่ที่ซาเซโบ นางาซากิ ประเทศญี่ปุ่น
thai_0166,tha_Thai.dev,166,บรรดาผู้ที่โจมตีมุมไบมาถึงทางเรือในวันที่ 26 พฤศจิกายน 2008 โดยนำระเบิดมือ อาวุธอัตโนมัติมาด้วย และโจมตีเป้าหมายหลายแห่ง รวมถึงสถานีรถไฟ Chhatrapati Shivaji Terminus ที่แน่นขนัดและโรงแรม Taj Mahal ที่ทีชื่เสียง
thai_0167,tha_Thai.dev,167,การสอดแนมและการรวบรวมข้อมูลของเดวิด เฮดลีย์ทำให้มือปืน 10 คนจากกลุ่ม Laskhar-e-Taiba ที่พร้อมสู้รบของปากีสถานสามารถปฏิบัติการได้
thai_0168,tha_Thai.dev,168,การจู่โจมครั้งนี้ทำให้ความสัมพันธ์ระหว่างอินเดียและปากีสถานมีความตึงเครียดอย่างใหญ่หลวง
thai_0169,tha_Thai.dev,169,เขาร่วมกับเจ้าหน้าที่ให้ความมั่นใจกับชาวเท็กซัสว่ามีการดำเนินการตามขั้นตอนเพื่อปกป้องความปลอดภัยของประชาชน
thai_0170,tha_Thai.dev,170,"เพอร์รี่กล่าวโดยเฉพาะเจาะจงว่า ""มีเพียงไม่กี่แห่งในโลกที่พร้อมรับมือกับปัญหาท้าทายที่เกิดขึ้นในกรณีนี้ได้ดีกว่า"""
thai_0171,tha_Thai.dev,171,"นอกจากนี้ ผู้ว่าการรัฐยังกล่าวอีกด้วยว่า ""วันนี้เราได้รับทราบว่ามีเด็กวัยเรียนบางคนที่ถูกระบุว่าสัมผัสกับผู้ป่วย"""
thai_0172,tha_Thai.dev,172,"เขากล่าวต่อไปว่า ""นี่เป็นเรื่องที่ร้ายแรง แต่ขอให้มั่นใจว่าระบบของเราสามารถทำงานได้อย่างที่ควรจะเป็น"""
thai_0173,tha_Thai.dev,173,หากได้รับการยืนยัน การสืบเสาะหามุซาชิกว่า 8 ปีของอัลเลนก็จะเสร็จสิ้นลง
thai_0174,tha_Thai.dev,174,หลังจากทำแผนที่พื้นทะเลแล้วก็ได้พบซากปรักหักพังด้วยการใช้ ROV
thai_0175,tha_Thai.dev,175,มีรายงานว่าอัลเลน ซึ่งเป็นบุคคลที่ร่ำรวยที่สุดคนหนึ่งของโลกได้ลงทุนทรัพย์สินมากมายไปกับการสำรวจทางทะเลและเริ่มภารกิจค้นหามูซาชิเพราะความสนใจเกี่ยวกับสงครามที่มีมาชั่วชีวิต
thai_0176,tha_Thai.dev,176,ในช่วงที่อยู่ที่แอตแลนตา เธอได้รับเสียงชื่นชมอย่างมาก และได้รับการยอมรับในเรื่องความสร้างสรรค์ทางการศึกษาในสังคมเมือง
thai_0177,tha_Thai.dev,177,ในปี พ.ศ. 2552 เธอได้รับรางวัลผู้กำกับการแห่งชาติประจำปี
thai_0178,tha_Thai.dev,178,ณ ช่วงเวลาที่มีการแจกรางวัล โรงเรียนต่าง ๆ ในแอตแลนตามีคะแนนการทดสอบที่ดีขึ้นมาก
thai_0179,tha_Thai.dev,179,หลังจากนั้นไม่นาน The Atlanta Journal-Constitution ก็ได้ตีพิมพ์รายงานแสดงปัญหาของผลสอบ
thai_0180,tha_Thai.dev,180,รายงานแสดงให้เห็นว่าคะแนนสอบเพิ่มขึ้นรวดเร็วอย่างเหลือเชื่อ และกล่าวหาว่าโรงเรียนตรวจพบปัญหาภายใน แต่ไม่ได้ดำเนินใด ๆ เพื่อแก้ไขเลย
thai_0181,tha_Thai.dev,181,หลักฐานหลังจากนั้นชี้ให้เห็นว่ามีการดัดแปลงเอกสารการทดสอบ ฮอลล์พร้อมทั้งเจ้าหน้าที่การศึกษารายอื่น ๆ อีก 34 คนถูกดำเนินคดีในปี 2013
thai_0182,tha_Thai.dev,182,รัฐบาลไอร์แลนด์กำลังตอกย้ำถึงความจำเป็นเร่งด่วนในการบัญญัติกฎหมายรัฐสภาเพื่อแก้ไขสถานการณ์
thai_0183,tha_Thai.dev,183,ตอนนี้เป็นเรื่องสำคัญทั้งในแง่ของสาธารณสุขและความยุติธรรมทางอาญาที่จะต้องออกกฎหมายโดยเร็วที่สุดเท่าที่จะทำได้ โฆษกรัฐบาลกล่าว
thai_0184,tha_Thai.dev,184,รัฐมนตรีว่าการกระทรวงสาธารณสุขแสดงความกังวลทั้งในเรื่องสวัสดิภาพของบุคคลที่ใช้ประโยชน์จากความถูกต้องตามกฎหมายชั่วคราวในสารที่เกี่ยวข้อง และความเชื่อมั่นที่เกี่ยวข้องกับยาเสพติด นับตั้งแต่ที่การเปลี่ยนแปลงที่ไม่ชอบด้วยรัฐธรรมนูญมีผลบังคับใช้ขึ้นมา
thai_0185,tha_Thai.dev,185,เช้าวันนั้น Jarque กำลังฝึกอยู่ในช่วงฝึกซ้อมระหว่างพรีซีซั่นที่ Coverciano ในอิตาลี เขาพักในโรงแรมของทีมก่อนการแข่งขันกับโบโลเนียที่กำหนดไว้เป็นวันอาทิตย์
thai_0186,tha_Thai.dev,186,เขาพักอยู่ในโรงแรมของทีมก่อนทำการแข่งขันกับโบโลเนียในวันอาทิตย์ตามที่ได้มีการวางแผนไว้
thai_0187,tha_Thai.dev,187,รถโดยสารมุ่งหน้าไปยัง Six Flags St. Louis ในมิสซูรี เพื่อให้วงเล่นดนตรีแก่ฝูงชนที่ซื้อบัตรจนหมดเกลี้ยง
thai_0188,tha_Thai.dev,188,พยานระบุว่า เมื่อเวลา 1.15 น. ของวันเสาร์รถยนต์ได้เลี้ยวตัดหน้ารถโดยสารที่กำลังแล่นผ่านไฟเขียว
thai_0189,tha_Thai.dev,189,เมื่อคืนวันที่ 9 สิงหาคม ตาพายุของไต้ฝุ่นมรกตอยู่ห่างจากมณฑลฝูเจี้ยนของจีนประมาณเจ็ดสิบกิโลเมตร
thai_0190,tha_Thai.dev,190,คาดการณ์ว่าพายุไต้ฝุ่นลูกนี้จะเคลื่อนไปยังประเทศจีนด้วยความเร็ว 11 กิโลเมตรต่อชั่วโมง
thai_0191,tha_Thai.dev,191,ผู้โดยสารได้รับน้ำในระหว่างรอท่ามกลางอุณหภูมิ 90 องศาฟาเรนไฮต์
thai_0192,tha_Thai.dev,192,"Scott Kouns หัวหน้าหน่วยดับเพลิงกล่าวว่า ""วันนั้นในเมืองซานตาคลารามีอากาศร้อน อุณหภูมิอยู่ในช่วง 90 องศา"
thai_0193,tha_Thai.dev,193,"การติดอยู่ในรถไฟเหาะไม่ว่านานเท่าใดล้วนเป็นเรื่องน่าปวดใจ เพราะกว่าจะสามารถช่วยคนแรกออกมาได้ต้องใช้เวลาอย่างน้อยหนึ่งชั่วโมงเลยทีเดียว"""
thai_0194,tha_Thai.dev,194,ชูมัคเกอร์ซึ่งเกษียณในปี 2006 หลังจากที่คว้าแชมป์ฟอร์มูล่าวันไปเจ็ดครั้ง ต้องเข้ามาทำหน้าที่แทนเฟลิเป้ มาสซาซึ่งได้รับบาดเจ็บ
thai_0195,tha_Thai.dev,195,อุบัติเหตุในฮังการีกรังด์ปรีซ์ปี 2009 ส่งผลให้นักแข่งชาวบราซิลผู้นี้ได้รับบาดเจ็บที่ศีรษะอย่างรุนแรง
thai_0196,tha_Thai.dev,196,มาสซามีกำหนดที่จะต้องออกจากการแข่งขันอย่างน้อยก็ตลอดช่วงที่เหลือของฤดูกาล 2009
thai_0197,tha_Thai.dev,197,โรดริโก อาริอัส รัฐมนตรีในตำแหน่งประธานาธิบดี กล่าวว่าผลการทดสอบไวรัสของอาริอัสเป็นบวกชนิดไม่รุนแรง
thai_0198,tha_Thai.dev,198,อาการของประธานาธิบดีนั้นคงที่ แต่ต้องถูกกักตัวอยู่ที่บ้านหลายวัน
thai_0199,tha_Thai.dev,199,ถึงผมจะมีไข้และเจ็บคอ แต่ก็รู้สึกสบายและแข็งแรงดีที่จะทำงานผ่านระบบโทรคมนาคม
thai_0200,tha_Thai.dev,200,"ผมคิดว่าจะกลับไปทำหน้าที่ทุกอย่างในวันจันทร์ ""อาเรียสกล่าวในแถลงการณ์"
thai_0201,tha_Thai.dev,201,Falicia ซึ่งคยเป็นพายุระดับ 4 ในมาตราเฮอร์ริเคนแซฟเฟอร์-ซิมป์สัน ได้อ่อนกำลังลงเป็นพายุดีเปรสชั่นโซนร้อนก่อนที่จะสลายตัวไปในวันอังคาร
thai_0202,tha_Thai.dev,202,ส่วนที่เหลือได้ก่อให้เกิดฝนโปรยปรายเกือบทั่วทั้งเกาะ แต่ยังไม่มีรายงานความเสียหายหรือน้ำท่วมแต่อย่างใด
thai_0203,tha_Thai.dev,203,"มีการระบุว่าปริมาณหยาดน้ำฟ้าที่สูงถึง 6.34 นิ้วที่มาตรวัดบน Oahu นั้น ""เป็นประโยชน์"""
thai_0204,tha_Thai.dev,204,ฝนบางส่วนมาพร้อมกับพายุฝนฟ้าคะนองและฟ้าผ่าที่เกิดบ่อยครั้ง
thai_0205,tha_Thai.dev,205,เครื่องทวินอ็อตเตอร์ของสายการบินพีเอ็นจีเที่ยวบินที่ CG4684 พยายามลงจอดที่โคโคดาเมื่อวาน แต่ล้มเลิกไปแล้วครั้งหนึ่ง
thai_0206,tha_Thai.dev,206,ประมาณสิบนาทีก่อนถึงเวลาลงจอด เครื่องบินลำดังกล่าวหายไปเมื่อเข้าใกล้จุดหมายครั้งที่สอง
thai_0207,tha_Thai.dev,207,สถานที่ที่เครื่องบินตกถูกค้นพบในวันนี้ และเข้าถึงได้ยากมากจนต้องปล่อยตำรวจสองนายลงในป่าเพื่อปีนขึ้นไปยังที่เกิดเหตุแล้วค้นหาผู้รอดชีวิต
thai_0208,tha_Thai.dev,208,สภาพอากาศเลวร้ายที่เป็นสาเหตุของการยกเลิกการลงจอดทำให้การค้นหายากลำบาก
thai_0209,tha_Thai.dev,209,อ้างอิงจากการรายงาน อพาร์ทเมนต์แห่งหนึ่งบนถนนเม็กเบธเกิดการระเบิดเนื่องจากแก๊สรั่ว
thai_0210,tha_Thai.dev,210,เจ้าหน้าที่คนหนึ่งของบริษัทแก๊สรายงานไปยังที่เกิดเหตุ หลังจากเพื่อนบ้านโทรมาแจ้งเรื่องแก๊สรั่ว
thai_0211,tha_Thai.dev,211,เมื่อเจ้าหน้าที่มาถึงห้องชุดก็ระเบิดแล้ว
thai_0212,tha_Thai.dev,212,ไม่มีรายงานการบาดเจ็บที่สำคัญ แต่มีอย่างน้อยห้าคนที่อยู่ในที่เกิดเหตุขณะเกิดการระเบิดได้รับการรักษาอาการช็อก
thai_0213,tha_Thai.dev,213,ไม่มีใครอยู่ในอะพาร์ตเมนต์สักคน
thai_0214,tha_Thai.dev,214,ณ ขณะนั้น ผู้อยู่อาศัยเกือบ 100 คนถูกอพยพออกจากพื้นที่
thai_0215,tha_Thai.dev,215,มีการเตรียมการที่จะนำทั้งกอล์ฟและรักบี้กลับไปแข่งขันในกีฬาโอลิมปิก
thai_0216,tha_Thai.dev,216,ระหว่างการประชุมคณะกรรมการบริหารในกรุงเบอร์ลินวันนี้ คณะกรรมการโอลิมปิกสากลได้ลงมติให้บรรจุกีฬาเหล่านี้เข้าไว้ โดยมีผู้ลงคะแนนเลือกรักบี้ (โดยเฉพาะสหพันธ์รักบี้) และกอล์ฟมากกว่ากีฬาอื่นๆ อีก 5 ชนิดที่นำมาพิจารณาให้เข้าร่วมโอลิมปิกครั้งนี้
thai_0217,tha_Thai.dev,217,กีฬาสควอช คาราเต้ และโรลเลอร์ พยายามเข้าร่วมในโครงการโอลิมปิกเช่นเดียวกับเบสบอลและซอฟต์บอลที่ได้รับการโหวตให้ออกจากการแข่งขันกีฬาโอลิมปิกในปี 2005
thai_0218,tha_Thai.dev,218,การโหวตยังต้องได้รับการรับรองจากคณะกรรมการโอลิมปิกสากลครบองค์ประชุมในการประชุมที่จะจัดขึ้นในเดือนตุลาคมที่โคเปนเฮเกน
thai_0219,tha_Thai.dev,219,ไม่ใช่ทุกคนที่สนับสนุนการนำอันดับของผู้หญิงมารวมด้วย
thai_0220,tha_Thai.dev,220,"อาเมียร์ ข่าน เจ้าของเหรียญเงินโอลิมปิกปี 2004 กล่าวว่า ""ลึก ๆ แล้วผมคิดว่าผู้หญิงไม่ควรต่อสู้ นั่นคือความคิดเห็นของผม"""
thai_0221,tha_Thai.dev,221,เขากล่าวสวนทางกับความคิดเห็นของตนเองว่าจะสนับสนุนนักแข่งชาวอังกฤษในการแข่งขันกีฬาโอลิมปิก 2012 ที่จะจัดขึ้นในกรุงลอนดอน
thai_0222,tha_Thai.dev,222,การพิจารณาคดีเกิดขึ้น ณ ศาลสูงคดีอาญาแห่งเบอร์มิงแฮม และได้ข้อสรุปในวันที่ 3 สิงหาคม
thai_0223,tha_Thai.dev,223,ผู้ประกาศข่าวซึ่งถูกจับกุมในที่เกิดเหตุปฏิเสธการทำร้ายร่างกาย และอ้างว่าเขาใช้เสาเพื่อป้องกันตัวจากขวดที่มีคนมากถึงสามสิบคนขว้างปาใส่เขา
thai_0224,tha_Thai.dev,224,เบลกยังถูกตัดสินว่าพยายามบิดเบือนกระบวนการยุติธรรม
thai_0225,tha_Thai.dev,225,"ผู้พิพากษาบอกเบลกว่า ""แทบจะเลี่ยงไม่ได้เลย"" ที่เขาจะต้องถูกส่งตัวเข้าไปอยู่ในคุก"
thai_0226,tha_Thai.dev,226,พลังงานมืด เป็นพลังที่ไม่สามารถมองเห็นได้โดยสิ้นเชิงซึ่งส่งผลต่อจักรวาลอยู่ตลอดเวลา
thai_0227,tha_Thai.dev,227,เรารู้กันว่ามันดำรงอยู่เพียงเพราะมันส่งผลกระทบต่อการขยายตัวของจักรวาลเท่านั้น
thai_0228,tha_Thai.dev,228,นักวิทยาศาสตร์ได้ค้นพบรูปแบบของเปลือกโลกที่เรียกว่า lobate scarp กระจัดกระจายอยู่ทั่วพื้นผิวดวงจันทร์ ซึ่งปรากฏว่าเป็นผลมาจากการที่ดวงจันทร์หดตัวช้ามาก
thai_0229,tha_Thai.dev,229,เนินชันเหล่านี้พบได้ทั่วดวงจันทร์ และดูเหมือนว่าจะเกิดการผุกร่อนเพียงเล็กน้อย ซึ่งแสดงให้เห็นว่าเพิ่งเกิดเหตุการณ์ทางธรณีวิทยาที่ทำให้เกิดเนินเหล่านี้ขึ้นได้ไม่นาน
thai_0230,tha_Thai.dev,230,ทฤษฎีนี้ย้อนแย้งกับคำกล่าวอ้างที่ว่า ดวงจันทร์นั้นไม่มีความเคลื่อนไหวทางธรณีวิทยาเลยแม้แต่น้อย
thai_0231,tha_Thai.dev,231,ชายผู้นี้ได้รับการกล่าวหาว่าขับพาหนะสามล้อติดอาวุธระเบิดเข้าไปในฝูงชน (3)
thai_0232,tha_Thai.dev,232,ชายต้องสงสัยว่าจุดชนวนระเบิดถูกคุมขังภายหลังจากที่ได้รับบาดเจ็บจากเหตุการณ์ระเบิด
thai_0233,tha_Thai.dev,233,เจ้าหน้าที่ยังไม่รู้ชื่อของเขา รู้เพียงว่าเขาเป็นสมาชิกของกลุ่มชาติพันธุ์อุยกูร์
thai_0234,tha_Thai.dev,234,นาเดีย เกิดเมื่อวันที่ 17 เดือนกันยายน 2007 ด้วยการผ่าตัดคลอดในคลินิกสูตินรีเวชในเมือง Aleisk ประเทศรัสเซีย ด้วยน้ำหนักที่มากถึง 17 ปอนด์ 1 ออนซ์
thai_0235,tha_Thai.dev,235,เราทุกคนต่างตกตะลึงสุด ๆ ผู้เป็นแม่กล่าว
thai_0236,tha_Thai.dev,236,"เมื่อถูกถามว่าผู้เป็นพ่อได้พูดอะไรบ้าง เธอตอบว่า ""เขาพูดอะไรไม่ออกเลย ได้แค่ยืนกระพริบตาเฉย ๆ​ เท่านั้น"""
thai_0237,tha_Thai.dev,237,"""มันจะปฏิบัติตัวเหมือนน้ำ มีความโปร่งใสแบบเดียวกับน้ำ"""
thai_0238,tha_Thai.dev,238,ด้วยเหตุนี้ หากคุณยืนอยู่ที่ริมฝั่ง คุณจะสามารถมองเห็นก้อนกรวดใด ๆ หรือโคลนเลนที่อยู่ด้านล่างได้
thai_0239,tha_Thai.dev,239,เท่าที่เราทราบ มีดาวเคราะห์เพียงดวงเดียวที่แสดงพลวัตได้มากกว่าไททัน และชื่อของดาวเคราะห์ดวงนั้นคือโลก” สโตฟานกล่าวเสริม
thai_0240,tha_Thai.dev,240,ปัญหาเริ่มขึ้นในวันที่ 1 มกราคม เมื่อชาวบ้านในท้องถิ่นหลายสิบคนเริ่มร้องเรียนกับที่ทําการไปรษณีย์โอบะนาซาวะเรื่องที่ไม่ได้รับการ์ดปีใหม่ตามธรรมเนียมเหมือนที่เคย
thai_0241,tha_Thai.dev,241,เมื่อวานนี้ ที่ทำการไปรษณีย์ได้เผยแพร่คำกล่าวขอโทษประชาชนและสื่อมวลชนหลังพบว่าเด็กหนุ่มนำเอกสารไปรษณีย์มากกว่า 600 ฉบับไปซ่อน โดยรวมถึงโปสการ์ดปีใหม่จำนวน 429 ใบ ทำให้เอกสารเหล่านี้ไม่ได้ส่งถึงมือผู้รับตามที่ตั้งใจไว้
thai_0242,tha_Thai.dev,242,"จันทรายาน-1 ซึ่งเป็นยานโคจรรอบดวงจันทร์ไร้คนขับ ได้ปล่อยยานลูก ""มูน อิมแพ็ค โพรบ (MIP)"" ให้พุ่งข้ามพื้นผิวดวงจันทร์ด้วยความเร็ว 1.5 กิโลเมตรต่อวินาที (3,000 ไมล์ต่อชั่วโมง) และลงจอดใกล้ขั้วโลกใต้ของดวงจันทร์ได้สำเร็จ"
thai_0243,tha_Thai.dev,243,ไม่เพียงแต่บรรทุกเครื่องมือทางวิทยาศาสตร์ที่สำคัญสามชิ้นเท่านั้น แต่ยานสำรวจดวงจันทร์ยังมีภาพธงชาติอินเดียที่วาดไว้ทุกด้านอีกด้วย
thai_0244,tha_Thai.dev,244,ขอบคุณผู้ที่สนับสนุนผู้กระทำผิดอย่างดิฉัน ศิริพรกล่าวที่งานแถลงข่าว
thai_0245,tha_Thai.dev,245,บางคนอาจไม่เห็นด้วย แต่ฉันไม่แคร์หรอก
thai_0246,tha_Thai.dev,246,ฉันดีใจที่มีคนยินดีที่จะสนับสนุนฉัน
thai_0247,tha_Thai.dev,247,"นับตั้งแต่ปากีสถานประกาศอิสรภาพจากการยึดครองของอังกฤษในปี 1947 ประธานาธิบดีปากีสถานได้แต่งตั้ง ""ผู้แทนทางการเมือง"" ขึ้นมาปกครองภูมิภาค FATA โดยที่ผู้แทนเหล่านี้มีอำนาจควบคุมพื้นที่แห่งนี้ได้อย่างอิสระโดยเกือบสิ้นเชิง"
thai_0248,tha_Thai.dev,248,เจ้าหน้าที่เหล่านี้รับผิดชอบในการให้บริการของภาครัฐและบริการทางกระบวนการยุติธรรมตามมาตราที่ 247 แห่งรัฐธรรมนูญของปากีสถาน
thai_0249,tha_Thai.dev,249,โฮสเทลแห่งหนึ่งถล่มในเมกกะซึ่งเป็นเมืองศักดิ์สิทธิ์ของศาสนาอิสลามเมื่อเวลาประมาณ 10 นาฬิกาของเช้าวันนี้ตามเวลาท้องถิ่น
thai_0250,tha_Thai.dev,250,อาคารแห่งนี้เป็นที่พำนักของผู้แสวงบุญมากมายที่มาเที่ยวชมเมืองศักดิ์สิทธิ์ในช่วงก่อนประกอบพิธีฮัจญ์
thai_0251,tha_Thai.dev,251,แขกส่วนใหญ่ของโฮสเทลเป็นประชาชนที่เดินทางมาจากสหรัฐอาหรับเอมิเรตส์
thai_0252,tha_Thai.dev,252,จำนวนผู้เสียชีวิตมีอย่างน้อย 15 คน ซึ่งเป็นตัวเลขที่คาดว่าจะสูงขึ้น
thai_0253,tha_Thai.dev,253,"Leonov หรือที่เรียกกันว่า ""cosmonaut No. 11"" เป็นส่วนหนึ่งของทีมนักบินอวกาศดั้งเดิมของสหภาพโซเวียต"
thai_0254,tha_Thai.dev,254,"วันที่ 18 มีนาคม 1965 เขาได้ทำกิจกรรมนอกยานอวกาศ (EVA) หรือที่เรียกว่า ""เดินอวกาศ"" เป็นครั้งแรก โดยอยู่นอกยานเพียงลำพังนานกว่า 12 นาที"
thai_0255,tha_Thai.dev,255,"เขาได้รับรางวัล ""วีรบุรุษแห่งสหภาพสาธารณรัฐสังคมนิยมโซเวียต"" สำหรับผลงานของเขา ซึ่งเป็นเกียรติสูงสุดของสหภาพโซเวียต"
thai_0256,tha_Thai.dev,256,สิบปีต่อมา เขาเป็นผู้นำภารกิจ Apollo-Soyuz ในส่วนที่เป็นของโซเวียต ซึ่งเป็นสัญลักษณ์ว่าการแข่งขันด้านอวกาศได้สิ้นสุดลงแล้ว
thai_0257,tha_Thai.dev,257,"เธอกล่าวว่า ""ไม่มีข้อมูลข่าวกรองที่ระบุว่าจะเกิดการก่อการร้ายขึ้น"""
thai_0258,tha_Thai.dev,258,อย่างไรก็ตาม การลดระดับภัยคุกคามเป็นขั้นรุนแรงไม่ได้หมายความว่าภัยคุกคามโดยรวมหมดไปแล้ว
thai_0259,tha_Thai.dev,259,แม้เจ้าหน้าที่จะยังไม่แน่ใจว่าคำขู่นั้นเชื่อถือได้หรือไม่ แต่องค์การขนส่งรัฐแมรี่แลนด์ก็ตัดสินใจปิดให้บริการตามคำแนะนำจาก FBI
thai_0260,tha_Thai.dev,260,มีการใช้รถบรรทุกเทท้ายปิดกั้นทางเข้าอุโมงค์ โดยมีกำลังตำรวจ 80 นายคอยโบกให้ผู้ขับขี่ยานพาหนะขับอ้อมไป
thai_0261,tha_Thai.dev,261,ไม่มีการรายงานเกี่ยวกับการจราจรหนาแน่นบนถนนวงแหวนที่เป็นเส้นทางสำรองของเมือง
thai_0262,tha_Thai.dev,262,ก่อนหน้านี้ไนจีเรียประกาศว่าได้วางแผนที่จะเข้าร่วมกับ AfCFTA ในสัปดาห์ซึ่งนำไปสู่การประชุมสุดยอด
thai_0263,tha_Thai.dev,263,อัลเบิร์ต มูชังกา กรรมาธิการการค้าและอุตสาหกรรมของ สหพันธ์แอฟริกาแถลงว่าเบนินก็จะเข้าร่วมด้วย
thai_0264,tha_Thai.dev,264,"ผู้บัญชาการแถลงว่า ""เรายังไม่ได้ตกลงกันเรื่องกฎระเบียบเกี่ยวกับแหล่งที่มาของสินค้าและข้อตกลงทางด้านภาษี แต่ขอบข่ายที่เรามีอยู่ก็เพียงพอสำหรับการเริ่มซื้อขายในวันที่ 1 กรกฎาคม 2020"""
thai_0265,tha_Thai.dev,265,การวางตัวของสถานียังคงอยู่ในลักษณะเดิมจนกระทั่งสิ้นสุดการเดินสำรวจอวกาศ แม้จะสูญเสียไจโรสโคปไปก่อนหน้านี้ในการปฏิบัติภารกิจสถานีอวกาศก็ตาม
thai_0266,tha_Thai.dev,266,มีรายงานว่า Chiao และ Sharipov อยู่ในระยะที่ปลอดภัยจากเครื่องยนต์ที่สร้างแรงขับดันในการปรับท่าการทรงตัว
thai_0267,tha_Thai.dev,267,หน่วยควบคุมภาคพื้นดินรัสเซียเปิดใช้งานเครื่องยนต์ไอพ่นส่งผลให้สถานีกลับมาอยู่ในท่าปกติอีกครั้ง
thai_0268,tha_Thai.dev,268,คดีนี้ดำเนินในเวอร์จิเนียเนื่องจากที่นี่เป็นที่อยู่ของ AOL ผู้ให้บริการอินเทอร์เน็ตชั้นนำที่ผลักดันให้เกิดการฟ้องร้อง
thai_0269,tha_Thai.dev,269,นี่เป็นครั้งแรกที่มีการตัดสินการกระทำผิดจากการใช้กฎหมายที่ตราขึ้นในปี ค.ศ. 2003 เพื่อควบคุมไม่ให้มีการแจกจ่ายอีเมลจำนวนมากหรือที่เรียกว่าสแปมไปยังกล่องจดหมายของผู้ใช้โดยไม่ได้ร้องขอ
thai_0270,tha_Thai.dev,270,เยซูวัย 21 ปี ย้ายจากสโมสรัลไมรัสของบราซิลมาเข้าร่วมกับแมนเชสเตอร์ซิตี้ในปีที่แล้วเมื่อเดือนมกราคม 2017 ด้วยค่าตัว 27 ล้านปอนด์
thai_0271,tha_Thai.dev,271,นับตั้งแต่นั้นมา นักเตะชาวบราซิลผู้นี้ได้ลงเล่นให้แก่สโมสรในทุกการแข่งขันรวม 53 นัด และทำประตูไปทั้งหมด 24 ประตู
thai_0272,tha_Thai.dev,272,นอกจากนี้ ดร. ลียังแสดงความกังวลเกี่ยวกับรายงานที่ว่าเด็ก ๆ ในตุรกีติดเชื้อไวรัสไข้หวัดนกสายพันธุ์ A (H5N1) โดยไม่มีอาการป่วย
thai_0273,tha_Thai.dev,273,เขาตั้งข้อสังเกตว่า งานวิจัยบางชิ้นชี้ให้เห็นว่าโรคนี้จำเป็นต้องมีอันตรายน้อยลงก่อนที่มันจะแพร่ระบาดไปทั่วโลก
thai_0274,tha_Thai.dev,274,เกิดความกังวลกันว่าผู้ป่วยอาจแพร่เชื้อให้ผู้คนมากขึ้นเรื่อย ๆ จากการทำกิจวัตรประจำวันหากยังไม่มีอาการไข้หวัดรุนแรง
thai_0275,tha_Thai.dev,275,Leslie Aun โฆษกของมูลนิธิ Komen กล่าวว่าองค์กรออกกฎใหม่ซึ่งใม่อนุญาตให้มอบเงินช่วยเหลือหรือเงินทุนให้แก่องค์กรที่อยู่ระหว่างการสอบสวนทางกฎหมาย
thai_0276,tha_Thai.dev,276,นโยบายของ Komen จะตัดสิทธิ์ขององค์กร Planned Parenthood เนื่องจากอยู่ในระหว่างรอการตรวจสอบ Planned Parenthood เกี่ยวกับการใช้จ่ายและรายงานการเงินที่ดำเนินการโดย Cliff Stearns ซึ่งเป็นตัวแทน
thai_0277,tha_Thai.dev,277,สเติร์นส์กำลังสืบสวนว่ามีการใช้ภาษีเพื่อสนับสนุนการทำแท้งผ่านองค์กร Planned Parenthood หรือไม่ ขณะที่สวมบทบาทประธานคณะอนุกรรมการกำกับดูแลและสืบสวน ซึ่งอยู่ภายใต้คณะกรรมาธิการพลังงานและการพาณิชย์
thai_0278,tha_Thai.dev,278,มิตต์ รอมนี่ย์ (Mitt Romney) อดีตผู้ว่าการรัฐแมสซาชูเซตส์ชนะการเลือกตั้งขั้นต้นจากการลงชิงตำแหน่งประธานาธิบดีในนามพรรครีพับลิกันจากรัฐฟลอริดาเมื่อวันอังคารที่ผ่านมา ด้วยคะแนนเสียงมากกว่าร้อยละ 46
thai_0279,tha_Thai.dev,279,อดีตประธานสภาสหรัฐ Newt Gingrich ได้ผลโหวตตามมาเป็นอันดับที่สองด้วยคะแนนเสียง 32 เปอร์เซ็นต์
thai_0280,tha_Thai.dev,280,เนื่องจากเป็นรัฐแบบผู้ชนะได้คะแนนจากคณะผู้เลือกตั้งของรัฐทั้งหมด ฟลอริดาจึงได้มอบคะแนนเสียงของผู้แทนทั้งห้าสิบคนให้แก่รอมนีย์ ผลักดันให้เขาเป็นตัวเต็งในการได้รับแต่งตั้งของพรรครีพับลิกัน
thai_0281,tha_Thai.dev,281,"ผู้จัดงานประท้วงระบุว่ามีผู้คนประมาณ 100,000 คนปรากฏตัวตามเมืองต่าง ๆ ของเยอรมัน เช่น เบอร์ลิน โคโลญ ฮัมบูร์ก และฮันโนเวอร์"
thai_0282,tha_Thai.dev,282,"ตำรวจประเมินว่ามีผู้ประท้วงประมาณ 6,500 คนในเบอร์ลิน"
thai_0283,tha_Thai.dev,283,นอกจากนี้ การประท้วงยังเกิดขึ้นในเมืองปารีส เมืองโซเฟียในบัลแกเรีย เมืองวิลนีอุสในลิทัวเนีย เมืองวัลเลตตาในมอลตา เมืองทาลลินน์ในเอสโตเนีย รวมถึงเมืองเอดินบะระและเมืองกลาสโกว์ในสกอตแลนด์อีกด้วย
thai_0284,tha_Thai.dev,284,ในลอนดอน มีผู้ชุมนุมประมาณ 200 คนรวมกลุ่มประท้วงภายนอกสำนักงานของผู้ถือลิขสิทธิ์รายใหญ่บางแห่ง
thai_0285,tha_Thai.dev,285,เดือนที่แล้วเกิดการประท้วงครั้งใหญ่ในโปแลนด์ เมื่อมีการลงนามใน ACTA ซึ่งทำให้รัฐบาลโปแลนด์ตัดสินใจที่จะไม่ให้สัตยาบันในข้อตกลงในตอนนี้
thai_0286,tha_Thai.dev,286,ทั้งลัตเวียและสโลวาเกียต่างก็ชะลอการเข้าร่วมกับ ACTA
thai_0287,tha_Thai.dev,287,องค์กรเพื่อเสรีภาพของสัตว์และราชสมาคมเพื่อการป้องกันการทารุณกรรมสัตว์ (RSPA) เรียกร้องอีกครั้งให้มีการบังคับติดตั้งกล้องวงจรปิดในโรงฆ่าสัตว์ทุกแห่งในออสเตรเลีย
thai_0288,tha_Thai.dev,288,เดวิด โอ'แชนเนสซี หัวหน้าผู้ตรวจการแห่ง RSPCA ในนิวเซาท์เวล กล่าวกับสำนักข่าว ABC ว่าการควบคุมดูแลและตรวจสอบโรงฆ่าสัตว์ควรเป็นเรื่องที่เกิดขึ้นเป็นปกติในออสเตรเลีย
thai_0289,tha_Thai.dev,289,กล้องวงจรปิดจะส่งสัญญาณที่ชัดแจ้งให้แก่ผู้คนที่ทำงานกับสัตว์ว่าสวัสดิภาพของพวกเขาเป็นสิ่งสำคัญสูงสุด
thai_0290,tha_Thai.dev,290,แผนที่ภัยพิบัติแผ่นดินไหวระหว่างประเทศของกรมสำรวจทางธรณีวิทยาของสหรัฐอเมริกาแสดงให้เห็นว่าไม่มีแผ่นดินไหวเกิดขึ้นในไอซ์แลนด์เมื่อสัปดาห์ก่อน
thai_0291,tha_Thai.dev,291,สำนักอุตุนิยมวิทยาของไอซ์แลนด์ยังรายงานด้วยว่าในช่วง 48 ชั่วโมงที่ผ่านมา ไม่มีเหตุแผ่นดินไหวเกิดขึ้นในพื้นที่เฮกลา
thai_0292,tha_Thai.dev,292,เหตุการณ์แผ่นดินไหวครั้งสำคัญส่งผลให้เกิดการเปลี่ยนแปลงทางด้านตะวันออกเฉียงเหนือของแอ่งยุบปากปล่องบนยอดภูเขาไฟเมื่อวันที่ 10 มีนาคม
thai_0293,tha_Thai.dev,293,มีการรายงานที่ฐานของภูเขาเกี่ยวกับเมฆดำที่ไม่มีส่วนเกี่ยวข้องกับการระเบิดของภูเขาไฟ
thai_0294,tha_Thai.dev,294,ปุยเมฆทำให้สับสนว่าได้มีการระเบิดเกิดขึ้นจริงหรือไม่
thai_0295,tha_Thai.dev,295,ลูโนมีเชื้อเพลิง 120–160 ลูกบาศก์เมตรบรรจุอยู่ในขณะที่แตก แล้วลมและคลื่นอันแรงก็พัดพาเรือลำนี้ไปยังกำแพงกั้นคลื่น
thai_0296,tha_Thai.dev,296,เฮลิคอปเตอร์ช่วยชีวิตลูกเรือทั้งสิบสองคน และอาการบาดเจ็บเดียวที่เกิดขึ้นคืออาการจมูกหัก
thai_0297,tha_Thai.dev,297,เรือยาว 100 เมตรลำนี้อยู่ระหว่างการเดินทางเพื่อไปรับสินค้าปุ๋ยตามปกติ และเดิมที่เจ้าหน้าที่เกรงว่าเรือลำนี้อาจทำสินค้าร่วงหล่น
thai_0298,tha_Thai.dev,298,การแก้ไขที่มีการเสนอได้ผ่านการพิจารณาจากทั้งสองสภาในปี 2011
thai_0299,tha_Thai.dev,299,การเปลี่ยนแปลงเกิดขึ้นในการประชุมสภานี้เมื่อสภาผู้แทนราษฎรลบประโยคที่สอง จากนั้นวุฒิสภาผ่านร่างในลักษณะเดียวกันในวันจันทร์
thai_0300,tha_Thai.dev,300,ความล้มเหลวของประโยคที่สอง ที่เสนอให้ห้ามการครองคู่แบบได้รับรองตามกฎหมายของเพศเดียวกันนั้น อาจนำไปสู่การยอมรับการครองคู่แบบได้รับรองตามกฎหมายในอนาคต
thai_0301,tha_Thai.dev,301,หลังจากกระบวนการ HJR-3 จะได้รับการพิจารณาครั้งโดยสภานิติบัญญัติที่มาจากการเลือกตั้งครั้งต่อไปในปี 2015 หรือ 2016 เพื่อให้อยู่ในกระบวนการต่อไป
thai_0302,tha_Thai.dev,302,นอกจากการกำกับภาพยนตร์แล้ว ความสำเร็จของ Vautier ยังรวมถึงการอดอาหารประท้วงสิ่งที่เขามองว่าเป็นการเซ็นเซอร์ทางการเมืองเมื่อปี 1973
thai_0303,tha_Thai.dev,303,กฎหมายฝรั่งเศสเปลี่ยนแปลงไปแล้ว การเคลื่อนไหวของเขาเริ่มต้นเมื่อเขาอายุ 15 ปี ขณะที่เข้าร่วมในกลุ่มต่อต้านฝรั่งเศสในช่วงสงครามโลกครั้งที่สอง
thai_0304,tha_Thai.dev,304,เขาบันทึกชีวิตตัวเองไว้ในหนังสือที่เขียนในปี 1998
thai_0305,tha_Thai.dev,305,ในทศวรรษที่ 1960 เขามุ่งหน้ากลับไปยังแอลจีเรียซึ่งเพิ่งได้รับเอกราชเพื่อสอนเกี่ยวกับการกำกับภาพยนตร์
thai_0306,tha_Thai.dev,306,ฮิโตชิ ไซโตะ นักยูโดชาวญี่ปุ่นผู้ได้รับรางวัลเหรียญทองโอลิมปิก 2 สมัย สิ้นลมหายใจในวัย 54 ปี
thai_0307,tha_Thai.dev,307,มีการประกาศว่าสาเหตุของการเสียชีวิตคือมะเร็งท่อน้ำดีภายในตับ
thai_0308,tha_Thai.dev,308,เขาเสียชีวิตที่โอซาก้าในวันอังคาร
thai_0309,tha_Thai.dev,309,นอกจากจะเป็นอดีตแชมป์โอลิมปิกและแชมป์โลกแล้ว ในขณะที่เสียชีวิตไซโตะยังเป็นประธานคณะกรรมการฝึกอบรมของสหพันธ์ยูโดแห่งประเทศญี่ปุ่นอีกด้วย
thai_0310,tha_Thai.dev,310,มีผู้คนอย่างน้อย 100 คนเข้าร่วมงานปาร์ตี้เพื่อเฉลิมฉลองวันครบรอบปีแรกของคู่รักที่จัดงานแต่งงานขึ้นเมื่อปีที่แล้ว
thai_0311,tha_Thai.dev,311,เจ้าหน้าที่กล่าวว่า จะดำเนินการจัดงานครบรอบขึ้นอย่างเป็นทางการในภายหลัง
thai_0312,tha_Thai.dev,312,คู่รักคู่นี้แต่งงานกันที่เท็กซัสเมื่อหนึ่งปีก่อน และมาที่บัฟฟาโลเพื่อฉลองกับเพื่อนฝูงและญาติมิตร
thai_0313,tha_Thai.dev,313,สามีวัย 30 ปี ซึ่งเกิดที่เมืองบัฟฟาโล เป็นผู้เสียชีวิตหนึ่งในสี่รายจากเหตุการณ์ยิงกราดครั้งนี้ แต่ภรรยาของเขาไม่ได้รับบาดเจ็บแต่อย่างใด
thai_0314,tha_Thai.dev,314,"คาร์โน เป็นครูสอนพิเศษภาษาอังกฤษที่มีชื่อเสียงแต่ก็มีกรณีโต้เถียงกันเรื่องเขา เขาสอนอยู่ที่ Modern Education และ King's Glory โดยอ้างว่ามีนักเรียน 9,000 คนในช่วงสูงสุดของการประกอบอาชีพของเขา"
thai_0315,tha_Thai.dev,315,เขาใช้ถ้อยคำที่พ่อแม่บางคนถือว่าเป็นคำหยาบในบันทึกของเขา และมีรายงานว่าเขาใช้คำหยาบคายในชั้นเรียน
thai_0316,tha_Thai.dev,316,โมเดิร์นเอ็ดยูเคชัน กล่าวหาว่าเขาพิมพ์โฆษณาขนาดใหญ่บนรถเมล์โดยไม่ได้รับอนุญาตและโป้ปดมดเท็จโดยบอกว่าเขาเป็นหัวหน้าติวเตอร์สอนภาษาอังกฤษ
thai_0317,tha_Thai.dev,317,เขาเคยโดนกล่าวหาว่าละเมิดลิขสิทธิ์ด้วยเช่นกัน ทว่าไม่ได้ถูกตั้งข้อหา
thai_0318,tha_Thai.dev,318,อดีตนักเรียนคนหนึ่งกล่าวว่าเขา 'ใช้คำสแลงในชั้นเรียน สอนทักษะการออกเดตในบันทึกย่อ และเป็นเหมือนเพื่อนของนักเรียน'
thai_0319,tha_Thai.dev,319,ในช่วงสามทศวรรษที่ผ่านมา จีนได้พัฒนาเศรษฐกิจการตลาดขึ้นมา ทั้งที่ยังคงความเป็นรัฐคอมมิวนิสต์ไว้อย่างเหนียวแน่น
thai_0320,tha_Thai.dev,320,การปฏิรูปเศรษฐกิจครั้งแรก ๆ เกิดขึ้นขณะที่เติ้ง เสี่ยวผิงเป็นผู้นำ
thai_0321,tha_Thai.dev,321,ตั้งแต่นั้นเป็นต้นมา เศรษฐกิจของประเทศจีนได้เติบโตเพิ่มขึ้นถึง 90 เท่า
thai_0322,tha_Thai.dev,322,ปีที่แล้วจีนส่งออกรถยนต์มากกว่าเยอรมนีเป็นครั้งแรก อีกทั้งยังแซงสหรัฐอเมริกาไปในฐานะตลาดที่ใหญ่ที่สุดสำหรับอุตสาหกรรมนี้
thai_0323,tha_Thai.dev,323,ผลิตภัณฑ์มวลรวมในประเทศ (GDP) ของประเทศจีนอาจสูงกว่าสหรัฐอเมริกาภายในสองทศวรรษ
thai_0324,tha_Thai.dev,324,พายุโซนร้อนแดเนียลได้ก่อตัวขึ้นในมหาสมุทรแอตแลนติกฝั่งตะวันออก พายุลูกนี้เป็นลูกที่สี่ของฤดูเฮอริเคนในมหาสมุทรแอตแลนติกเมื่อปี 2010 ที่ได้รับการตั้งชื่อ
thai_0325,tha_Thai.dev,325,"พายุลูกนี้อยู่ห่างจากเมืองไมอามี่ในรัฐฟลอริดาราว 3,000 ไมล์โดยมีแรงลมสูงสุดอยู่ที่ 40 ไมล์/ชม. (64 กม./ชม.)"
thai_0326,tha_Thai.dev,326,นักวิทยาศาสตร์ที่ศูนย์พายุเฮอร์ริเคนแห่งชาติทำนายว่าแดเนียลจะทวีกำลังเป็นเฮอร์ริเคนในวันพุธ
thai_0327,tha_Thai.dev,327,เนื่องจากพายุอยู่ห่างไกลจากแผ่นดิน จึงยังประเมินผลกระทบที่อาจเกิดขึ้นกับสหรัฐอเมริกาหรือแคริบเบียนได้ยาก
thai_0328,tha_Thai.dev,328,โบเบ็ก เกิดในซาเกร็บซึ่งเป็นเมืองหลวงของโครเอเชียและมีชื่อเสียงขึ้นมาขณะเล่นให้กับปาร์ติซานเบลเกรด
thai_0329,tha_Thai.dev,329,เขาเข้าร่วมทีมกับพวกเขาในปี 1945 และอยู่มาจนกระทั่งปี 1958
thai_0330,tha_Thai.dev,330,ระหว่างที่อยู่ในทีม เขาทำประตูได้ 403 ประตูในการลงสนาม 468 ครั้ง
thai_0331,tha_Thai.dev,331,ไม่มีใครเคยปรากฏตัวหรือทำประตูให้สโมสรได้มากกว่าโบเบ็กมาก่อน
thai_0332,tha_Thai.dev,332,ในปี พ.ศ. 2538 เขาได้รับโหวตให้เป็นสุดยอดผู้เล่นในหน้าประวัติศาสตร์ของปาร์ติซาน
thai_0333,tha_Thai.dev,333,การฉลองเริ่มด้วยการแสดงพิเศษของคณะ Cirque du Soleil ซึ่งมีชื่อเสียงระดับโลก
thai_0334,tha_Thai.dev,334,ตามมาด้วยวงซิมโฟนีออร์เคสตราแห่งอิสตันบูล วงดนตรี Janissary วงหนึ่ง และ Fatih Erkoç กับ Müslüm Gürses ซึ่งเป็นนักร้อง
thai_0335,tha_Thai.dev,335,จากนั้นวงเวิร์ลลิง เดอร์วิชเชส ก็ขึ้นเวที
thai_0336,tha_Thai.dev,336,Sezen Aksu นักร้องหญิงระดับดีวาชาวตุรกี ได้แสดงร่วมกับ Alessandro Safina นักร้องเสียงระดับเทเนอร์ชาวอิตาลี และ Haris Alexiou นักร้องชาวกรีก
thai_0337,tha_Thai.dev,337,"กลุ่มเต้นรำ Fire of Anatolia ของตุรกี ได้แสดงการเต้นรำชุด ""Troy"" เพื่อจบการแสดง"
thai_0338,tha_Thai.dev,338,ปีเตอร์ เลนซ์ นักแข่งรถมอเตอร์ไซค์วัย 13 ปี เสียชีวิตหลังจากอยู่ในอุบัติเหตุรถชนกันที่อินเดียนาโปลิสมอเตอร์สปีดเวย์
thai_0339,tha_Thai.dev,339,เลนซ์ตกจากมอเตอร์ไซค์ขณะอุ่นเครื่อง แล้วถูกซาเวียร์ ซาแยต ซึ่งเป็นเพื่อนนักแข่งชน
thai_0340,tha_Thai.dev,340,เขาได้รับการดูแลจากเจ้าหน้าที่ทางการแพทย์ทันที จากนั้นจึงถูกส่งตัวไปยังโรงพยาบาลในพื้นที่และเสียชีวิตที่นั่นในเวลาต่อมา
thai_0341,tha_Thai.dev,341,ซายัตไม่ได้รับบาดเจ็บจากอุบัติเหตุครั้งนี้
thai_0342,tha_Thai.dev,342,"Zapatero กล่าวเกี่ยวกับสถานการณ์ทางการเงินทั่วโลกต่อไปว่า ""ระบบการเงินเป็นส่วนหนึ่งของเศรษฐกิจ เป็นส่วนที่สำคัญเลยทีเดียว"""
thai_0343,tha_Thai.dev,343,"เรามีวิกฤตการณ์ทางการเงินตลอดทั้งปี ซึ่งเป็นช่วงเวลาที่เลวร้ายที่สุดในช่วงสองเดือนที่ผ่านมา และผมคิดว่าตอนนี้ตลาดการเงินกำลังเริ่มฟื้นตัวแล้ว """
thai_0344,tha_Thai.dev,344,สัปดาห์ที่แล้ว Naked News ได้ประกาศว่าจะเพิ่มภาษาต่างประเทศในการรายงานข่าวให้มากขึ้น พร้อมกับออกอากาศรายการใหม่ 3 รายการ
thai_0345,tha_Thai.dev,345,องค์กรระดับโลกแห่งนี้ซึ่งรายงานข่าวเป็นภาษาอังกฤษและภาษาญี่ปุ่นอยู่แล้ว กำลังเปิดตัวรายการในภาษาสเปน อิตาลี และเกาหลี สำหรับโทรทัศน์ เว็บ และอุปกรณ์เคลื่อนที่
thai_0346,tha_Thai.dev,346,โชคดีที่ฉันไม่เป็นอะไร แต่ก็ต้องเจอกับเหตุการณ์ขวัญผวาที่ได้เห็นผู้คนกำลังพยายามทุบทำลายหน้าต่างเพื่อหนีตายออกมาข้างนอก
thai_0347,tha_Thai.dev,347,ผู้คนฟาดเก้าอี้ใส่บานกระจกหน้าต่าง แต่หน้าต่างเหล่านั้นเป็นกระจกแบบแตกไม่ได้
thai_0348,tha_Thai.dev,348,"หน้าต่างบานหนึ่งแตกในที่สุด แล้วพวกเขาก็เริ่มทยอยออกไปทางหน้าต่าง"" Franciszek Kowal ซึ่งเป็นผู้รอดชีวิตกล่าว"
thai_0349,tha_Thai.dev,349,ดาวฤกษ์เปล่งแสงสว่างและความร้อนเนื่องจากมีพลังงานก่อตัวขึ้นขณะที่อะตอมของไฮโดรเจนรวมตัว (หรือหลอมรวม) เข้าด้วยกันเพื่อก่อเกิดเป็นธาตุที่มีน้ำหนักมากกว่า
thai_0350,tha_Thai.dev,350,นักวิทยาศาสตร์กำลังพยายามหาทางสร้างเตาปฏิกรณ์ที่สามารถก่อให้เกิดพลังงานในรูปแบบเดียวกัน
thai_0351,tha_Thai.dev,351,อย่างไรก็ดี นี่เป็นปัญหาที่แก้ไขได้ยากมากและจะต้องใช้เวลาหลายปีก่อนที่เราจะได้เห็นเครื่องปฏิกรณ์ฟิวชันที่มีประโยชน์ได้รับการสร้างขึ้น
thai_0352,tha_Thai.dev,352,แรงตึงผิวทำให้เข็มเหล็กสามารถลอยอยู่บนผิวน้ำได้
thai_0353,tha_Thai.dev,353,แรงตึงผิวเกิดจากการที่โมเลกุลของน้ำที่ผิวน้ำถูกดึงเข้าหากันอย่างรุนแรง มากกว่าที่ถูกดึงเข้าหาโมเลกุลของอากาศซึ่งอยู่เหนือตัวเอง
thai_0354,tha_Thai.dev,354,โมเลกุลของน้ำสร้างผิวที่มองไม่เห็นขึ้นบนผิวน้ำซึ่งช่วยให้สิ่งต่าง ๆ เช่น เข็ม ลอยอยู่บนน้ำ
thai_0355,tha_Thai.dev,355,ใบมีดใต้รองเท้าสเกตน้ำแข็งสมัยใหม่มีสองคมโดยมีรอยเว้าตรงกลางระหว่างสองคมนี้ คมมีดทั้งสองช่วยให้เกาะน้ำแข็งได้ดีขึ้นแม้ในขณะเอียง
thai_0356,tha_Thai.dev,356,เนื่องจากด้านล่างของใบมีดโค้งเล็กน้อย เมื่อใบมีดเอียงไปด้านใดด้านหนึ่ง ขอบที่สัมผัสกับน้ำแข็งจึงโค้งเช่นกัน
thai_0357,tha_Thai.dev,357,ส่งผลให้นักสเก็ตเลี้ยว หากรองเท้าสเก็ตเอียงไปด้านขวา นักสเก็ตก็จะเลี้ยวขวา หากรองเท้าสเก็ตเอียงไปทางซ้าย นักสเก็ตก็จะเลี้ยวซ้าย
thai_0358,tha_Thai.dev,358,ในการกลับสู่ระดับพลังงานก่อนหน้าจะต้องกำจัดพลังงานเพิ่มเติมที่ได้รับจากแสง
thai_0359,tha_Thai.dev,359,"พวกมันทำกระบวนการนี้ได้ด้วยการปล่อยอนุภาคแสงขนาดเล็กจิ๋วที่เรียกว่า ""โฟตอน"" (photon)"
thai_0360,tha_Thai.dev,360,"นักวิทยาศาสตร์เรียกกระบวนการนี้ว่า ""การปล่อยรังสีที่ถูกกระตุ้น"" เนื่องจากอะตอมถูกกระตุ้นโดยแสงที่สว่างจ้า จึงเกิดการปล่อยแสงโฟตอนออกมา และแสงก็คือรังสีชนิดหนึ่ง"
thai_0361,tha_Thai.dev,361,ภาพต่อไปแสดงให้เห็นอะตอมที่กำลังปล่อยโฟตอนออกมา แน่นอนว่าในความเป็นจริงโฟตอนมีขนาดเล็กกว่าที่เห็นในภาพมาก
thai_0362,tha_Thai.dev,362,โฟตอนมีขนาดเล็กกว่าส่วนประกอบของอะตอมเสียอีก!
thai_0363,tha_Thai.dev,363,หลังจากการใช้งานหลายร้อยชั่วโมง ในที่สุดไส้หลอดก็จะไหม้จนหมด แล้วหลอดไฟก็จะใช้งานไม่ได้อีกต่อไป
thai_0364,tha_Thai.dev,364,ก็จะถึงเวลาต้องเปลี่ยนหลอดไฟ ในขณะเปลี่ยนหลอดไฟต้องใช้ความระมัดระวังให้มาก
thai_0365,tha_Thai.dev,365,ก่อนอื่น ต้องปิดสวิตช์โคมไฟหรือถอดสายไฟก่อน
thai_0366,tha_Thai.dev,366,เนื่องจากกระแสไฟฟ้าที่ไหลเข้าไปในปลั๊กไฟซึ่งมีส่วนที่เป็นโลหะของหลอดไฟอยู่อาจทำให้คุณโดนไฟฟ้าช็อตอย่างรุนแรงหากคุณสัมผัสด้านในของปลั๊กไฟหรือฐานโลหะของหลอดไฟในขณะที่ยังบางส่วนอยู่ในปลั๊ก
thai_0367,tha_Thai.dev,367,อวัยวะสำคัญของระบบไหลเวียนโลหิตคือหัวใจ ซึ่งเป็นอวัยวะที่ทำหน้าที่ในการสูบฉีดเลือด
thai_0368,tha_Thai.dev,368,เลือดออกจากหัวใจผ่านหลอดที่เรียกว่าหลอดเลือดแดง แล้วกลับเข้าสู่หัวใจผ่านหลอดที่เรียกว่าหลอดเลือดดำ หลอดเลือดที่เล็กที่สุดเรียกว่าหลอดเลือดฝอย
thai_0369,tha_Thai.dev,369,ฟันของไทรเซอราทอปส์ไม่เพียงสามารถบดเคี้ยวได้แต่ใบไม้ กระทั่งกระทั่งกิ่งก้านและรากที่แข็งมากก็สามารถบดเคี้ยวได้เช่นกัน
thai_0370,tha_Thai.dev,370,นักวิทยาศาสตร์บางรายเชื่อว่าไทรเซราทอปส์กินต้นปรง ซึ่งเป็นพืชที่พบเห็นได้ทั่วไปในยุคครีเทเชียส
thai_0371,tha_Thai.dev,371,ต้นไม้เหล่านี้มีดูเหมือนต้นปาล์มขนาดเล็กที่มีใบไม้แหลมคมเป็นมงกุฎ
thai_0372,tha_Thai.dev,372,ไทรเซอราทอปส์อาจใช้จะงอยปากที่แข็งแรงเด็ดใบออกก่อนกินลำต้นได้
thai_0373,tha_Thai.dev,373,นักวิทยาศาสตร์รายอื่น ๆ แย้งว่าพืชเหล่านี้มีพิษร้ายแรง จึงไม่น่าเป็นไปได้ที่จะมีไดโนเสาร์ตัวใดกินพวกมันได้ แม้ว่าในปัจจุบันสลอธและสัตว์อื่น ๆ เช่น นกแก้ว (ลูกหลานของไดโนเสาร์) จะสามารถกินใบไม้หรือผลไม้มีพิษได้ก็ตาม
thai_0374,tha_Thai.dev,374,แรงโน้มถ่วงของ Io ดึงฉันเข้าไปหาได้อย่างไร หากคุณยืนอยู่บนพื้นผิวของ Io คุณจะมีน้ำหนักน้อยกว่าตอนยืนบนผิวโลก
thai_0375,tha_Thai.dev,375,คนที่หนัก 200 ปอนด์ (90 กก.) บนโลกจะหนักประมาณ 36 ปอนด์ (16 กก.) บนไอโอ เพราะที่นี่มีแรงดึงดูดน้อยกว่า
thai_0376,tha_Thai.dev,376,ดวงอาทิตย์ไม่มีเปลือกผิวให้คุณยืนได้เหมือนโลก ดวงอาทิตย์ทั้งดวงประกอบด้วยก๊าซ ไฟ และพลาสมา
thai_0377,tha_Thai.dev,377,ก๊าซจะเบาบางลงเมื่อเราเคลื่อนที่ไกลออกมาจากศูนย์กลางของดวงอาทิตย์
thai_0378,tha_Thai.dev,378,"ส่วนภายนอกที่เราเห็นเมื่อมองดูพระอาทิตย์เรียกว่าโฟโตสเฟียร์ แปลว่า ""ลูกทรงกลมแห่งแสง"""
thai_0379,tha_Thai.dev,379,ประมาณสามพันปีต่อมา ในปี 1610 นักดาราศาสตร์ชาวอิตาลีนามว่า กาลิเลโอ กาลิเลอี ใช้กล้องโทรทรรศน์เพื่อสังเกตการณ์ว่าดาวศุกร์มีข้างขึ้นข้างแรมเช่นเดียวกับดวงจันทร์
thai_0380,tha_Thai.dev,380,ข้างขึ้นข้างแรมเกิดจากการที่มีเพียงด้านของดาวศุกร์ (หรือดวงจันทร์) ซึ่งหันเข้าหาดวงอาทิตย์เท่านั้นที่ได้รับแสงสว่าง การเกิดข้างขึ้นข้างแรมของดาวศุกร์สนับสนุนทฤษฎีของโคเปอร์นิคัสที่ระบุว่าดาวเคราะห์โคจรรอบดวงอาทิตย์
thai_0381,tha_Thai.dev,381,จากนั้น ไม่กี่ปีต่อมาในปี 1639 นักดาราศาสตร์ชาวอังกฤษนามว่า เจเรไมอาห์ ฮอร์ร็อกส์ ก็ได้เฝ้าสังเกตการเคลื่อนผ่านของดาวศุกร์
thai_0382,tha_Thai.dev,382,อังกฤษได้พบกับความสงบสุขเป็นระยะเวลายาวนานหลังจากที่สามารถยึดบริเวณเดนลอว์คืนได้อีกครั้ง
thai_0383,tha_Thai.dev,383,ทว่าในปี 991 Ethelred ก็ได้เผชิญกับฝูงเรือไวกิ้งที่มีขนาดใหญ่กว่าใดฝูงเรือใด ๆ นับตั้งแต่ที่เผชิญกับ Guthrum เมื่อหนึ่งศตวรรษก่อนหน้า
thai_0384,tha_Thai.dev,384,กองเรือนี้นำโดยโอลาฟ ทริกวัสสัน ชาวนอร์เวย์ผู้มีความุ่งมั่นที่จะปลดปล่อยประเทศของเขาให้เป็นอิสระจากการครอบงำของเดนมาร์ก
thai_0385,tha_Thai.dev,385,หลังจากความล้มเหลวทางการทหารในครั้งแรก Ethelred ได้บรรลุข้อตกลงกับ Olaf ผู้ซึ่งกลับไปยังนอร์เวย์เพื่อพยายามครอบครองอาณาจักรของเขาด้วยความสำเร็จ
thai_0386,tha_Thai.dev,386,ฮันกึลเป็นอักษรที่ประดิษฐ์ขึ้นโดยเจตนาเพียงชุดเดียวที่นิยมใช้ในชีวิตประจำวัน ชุดอักษรนี้ประดิษฐ์ขึ้นในปีค.ศ. 1444 ในรัชสมัยของกษัตริย์เซจง (ค.ศ. 1418 - 1450)
thai_0387,tha_Thai.dev,387,กษัตริย์เซจงเป็นกษัตริย์องค์ที่สี่แห่งราชวงศ์โชซอน และเป็นกษัตริย์องค์หนึ่งที่ได้รับการเคารพยกย่องมากที่สุด
thai_0388,tha_Thai.dev,388,"เดิมเขาตั้งชื่อชุดอักษรฮันกึลว่า ฮุนมิน จองอึม ซึ่งแปลว่า ""เสียงที่ถูกต้องเพื่อการศึกษาของประชาชน"""
thai_0389,tha_Thai.dev,389,มีทฤษฎีจำนวนมากที่กล่าวถึงการเกิดภาษาสันสกฤต หนึ่งในทฤษฎีเหล่านั้นเกี่ยวกับการอพยพของชาวอารยันจากดินแดนตะวันตกเข้ามาในอินเดียพร้อมกับภาษาของตน
thai_0390,tha_Thai.dev,390,สันสกฤตเป็นภาษาโบราณ เทียบเคียงได้กับภาษาละตินที่ใช้พูดกันอยู่ในยุโรป
thai_0391,tha_Thai.dev,391,หนังสือเล่มแรกสุดที่เป็นที่รู้จักในโลกเขียนขึ้นด้วยภาษาสันสกฤต หลังจากที่มีการรวบรวมอุปนิษัทแล้ว ภาษาสันสกฤตก็ค่อย ๆ หายไปเพราะการแบ่งลำดับชั้น
thai_0392,tha_Thai.dev,392,สันสกฤตเป็นภาษาที่มีความสลับซับซ้อนและหลากหลายมาก เป็นที่มาของภาษาอินเดียสมัยใหม่หลายภาษา เหมือนเช่นที่ภาษาละตินเป็นที่มาของภาษาในยุโรปอย่างภาษาฝรั่งเศสและสเปน
thai_0393,tha_Thai.dev,393,เมื่อการสู้รบเพื่อยึดครองฝรั่งเศสจบลง เยอรมนีก็เริ่มเตรียมพร้อมเพื่อรุกรานเกาะบริเตนต่อไป
thai_0394,tha_Thai.dev,394,"เยอรมนีตั้งชื่อรหัสการจู่โจมนี้ว่า ""ยุทธการสิงโตทะเล"" อาวุธหนักและเสบียงส่วนใหญ่ของกองทัพบริเตนสูญหายเมื่ออพยพออกจากดันเคิร์ก กองทัพจึงมีกำลังค่อนข้างอ่อนแอ"
thai_0395,tha_Thai.dev,395,แต่กองทัพเรือของที่นี่ยังคงแข็งแกร่งกว่ากองทัพเรือเยอรมัน (“Kriegsmarine”) เป็นอย่างมาก และอาจทำลายกองเรือรบใด ๆ ก็ตามที่ถูกส่งข้ามช่องแคบอังกฤษได้
thai_0396,tha_Thai.dev,396,อย่างไรก็ตาม มีเรือหลวงของกองทัพเรือเพียงไม่กี่ลำที่ตั้งฐานอยู่ใกล้เส้นทางการรุกรานที่เป็นไปได้ เนื่องจากนายพลเรือเกรงว่าการโจมตีทางอากาศของเยอรมนีจะจมเรือเหล่านั้น
thai_0397,tha_Thai.dev,397,"มาเริ่มต้นด้วยการอธิบายแผนการของอิตาลีกันดีกว่า โดยส่วนใหญ่แล้วตาลีถือได้ว่าเป็น ""น้องชายคนเล็ก"" ของเยอรมนีและญี่ปุ่น"
thai_0398,tha_Thai.dev,398,ที่นี่มีกองทัพทหารและกองทัพเรือที่อ่อนแอกว่า แม้ว่าพวกเขาจะเพิ่งสร้างเรือรบใหม่ถึงสี่ลำก่อนที่สงครามจะเริ่มต้นขึ้นก็ตาม
thai_0399,tha_Thai.dev,399,เป้าหมายหลักของอิตาลีคือประเทศต่าง ๆ ในทวีปแอฟริกา ซึ่งในการที่จะยึดประเทศเหล่านี้ อิตาลีจำเป็นต้องมีฐานทัพสำหรับปล่อยกองกำลังทหาร เพื่อที่ว่ากองทหารนั้นจะได้สามารถล่องเรือข้ามทะเลเมดิเตอร์เรเนียนแล้วเข้าโจมตีทวีปแอฟริกาได้
thai_0400,tha_Thai.dev,400,ดังนั้นพวกเขาจึงต้องกำจัดฐานทัพและเรือของอังกฤษที่อยู่ในอียิปต์ และเรือประจัญบานของอิตาลีไม่ต้องทำสิ่งอื่นใดนอกเหนือจากภารกิจดังกล่าว
thai_0401,tha_Thai.dev,401,คราวนี้พูดถึงญี่ปุ่นกันบ้าง ญี่ปุ่นเป็นประเทศที่มีลักษณะเป็นเกาะเช่นเดียวกับบริเตน
thai_0402,tha_Thai.dev,402,เรือดำน้ำคือเรือที่ออกแบบมาสำหรับเดินทางใต้น้ำและอยู่ในนั้นเป็นเวลานาน
thai_0403,tha_Thai.dev,403,มีการใช้เรือดำน้ำในสงครามโลกครั้งที่หนึ่งและครั้งที่สอง สมัยนั้นพวกมันเคลื่อนที่ช้ามาก อีกทั้งยังมีระยะการยิงที่จำกัด
thai_0404,tha_Thai.dev,404,ในช่วงต้นของสงคราม พวกเขาเดินทางไปบนพื้นผิวทะเลเสียเป็นส่วนใหญ่ แต่เมื่อเรดาร์ได้รับการพัฒนาจนมีความแม่นยำกว่าเดิม เรือดำน้ำก็ถูกบังคับให้ต้องดำไปใต้น้ำเพื่อหลีกเลี่ยงไม่ให้ถูกพบเห็น
thai_0405,tha_Thai.dev,405,เรือดำน้ำของเยอรมันเรียกว่าเรืออู (U-Boat) ชาวเยอรมันเก่งกาจในด้านการเดินเรือและใช้เรือดำน้ำของพวกเขาได้ดีมาก
thai_0406,tha_Thai.dev,406,เนื่องจากพวกเขาประสบความสำเร็จเรื่องเรือดำน้ำ หลังสงครามชาวเยอรมันจึงไม่ได้รับความไว้วางใจให้มีเรือลำน้ำหลายลำ
thai_0407,tha_Thai.dev,407,"ใช่แล้วล่ะ! กษัตริย์ตุตันคามุนซึ่งบางครั้งก็ถูกเรียกว่า ""กษัตริย์ทุต"" หรือ ""กษัตริย์เด็ก"" คือหนึ่งในกษัตริย์อียิปต์โบราณที่เป็นที่รู้จักกันมากที่สุดในยุคปัจจุบัน"
thai_0408,tha_Thai.dev,408,ที่น่าสนใจคือ ผู้คนไม่คิดว่าเขาเป็นคนสำคัญมากในสมัยโบราณ และแทบไม่มีการบันทึกชื่อเขาไว้ในรายชื่อกษัตริย์โบราณเลย
thai_0409,tha_Thai.dev,409,อย่างไรก็ดี การที่เขาค้นพบสุสานในปี 2465 ทำให้เขามีชื่อเสียงขึ้นมา ในขณะที่สุสานในอดีตหลายแห่งถูกปล้น ทว่าสุสานแห่งที่แทบจะไม่ถูกรบกวนเลย
thai_0410,tha_Thai.dev,410,สิ่งที่ถูกฝังไว้พร้อมตุตันคามุนส่วนใหญ่ได้รับการเก็บรักษาเป็นอย่างดี รวมทั้งสิ่งที่ประดิษฐ์ขึ้นจากโลหะมีค่าและหินหายากนับพัน ๆ ชิ้น
thai_0411,tha_Thai.dev,411,การประดิษฐ์คิดค้นล้อทำให้รถรบของชาวอัสซีเรียมีน้ำหนักเบาขึ้น แล่นเร็วขึ้น และพร้อมกว่าเดิมที่จะวิ่งให้เร็วกว่าทหารและรถรบคันอื่น ๆ
thai_0412,tha_Thai.dev,412,ศรจากหน้าไม้มรณะของพวกเขาสามารถเจาะทะลุเกราะของทหารศัตรูได้ ชาวอัสซีเรียเป็นคนกลุ่มแรกที่ริเริ่มการใช้ทหารม้าเมื่อประมาณ 1000 ปีก่อนคริสต์ศักราช
thai_0413,tha_Thai.dev,413,ทหารม้าคือกองทัพที่สู้รบบนหลังม้า ขณะนั้นยังไม่มีการประดิษฐ์อานขึ้น ทหารม้าชาวอัสซีเรียจึงต้องต่อสู้บนหลังม้าเปล่าเปลือย
thai_0414,tha_Thai.dev,414,เรารู้จักนักการเมือง นักวิทยาศาสตร์ และศิลปินชาวกรีกมากมายหลายคน เป็นไปได้ว่าบุคคลที่เป็นที่รู้จักมากที่สุดในวัฒนธรรมนี้คือโฮเมอร์ กวีตาบอดผู้เป็นตำนาน ซึ่งเป็นผู้ประพันธ์วรรณกรรมชิ้นเอกของกรีกสองเรื่อง คือ มหากาพย์อีเลียดและมหากาพย์โอดิสซีย์
thai_0415,tha_Thai.dev,415,โซโฟคลีสกับอริสโตฟานีสยังคงเป็นนักเขียนบทละครยอดนิยม บทละครของพวกเขาได้รับการยอมรับว่าเป็นส่วนหนึ่งของผลงานวรรณคดีที่ยอดเยี่ยมที่สุดในโลก
thai_0416,tha_Thai.dev,416,ชาวกรีกที่มีชื่อเสียงอีกคนหนึ่งคือพีทาโกรัสซึ่งเป็นนักคณิตศาสตร์ที่มีชื่อเสียงจากทฤษฎีบทที่โด่งดังของเขาเกี่ยวกับความสัมพันธ์ของด้านต่าง ๆ ของสามเหลี่ยมมุมฉากเสียเป็นส่วนใหญ่
thai_0417,tha_Thai.dev,417,มีการประมาณการที่แตกต่างกันสำหรับจำนวนคนที่พูดภาษาฮินดี โดยคาดกันว่าภาษานี้เป็นภาษาที่มีจำนวนผู้พูดอยู่ในระหว่างอันดับที่สองและอันดับที่สี่ของโลก
thai_0418,tha_Thai.dev,418,จำนวนผู้พูดที่เป็นเจ้าของภาษาจะต่างกันไป ขึ้นอยู่กับว่าจะนับภาษาถิ่นที่เกี่ยวข้องอย่างใกล้ชิดด้วยหรือไม่
thai_0419,tha_Thai.dev,419,มีผู้พูดอยู่ประมาณ 340 ล้านถึง 500 ล้านคน และมีคนที่เข้าใจภาษานี้มากถึง 800 ล้านคน
thai_0420,tha_Thai.dev,420,ภาษาฮินดูกับภาษาอูรดูมีคำศัพท์คล้ายคลึงกันแต่ตัวหนังสือต่างกัน ดังนั้น คนทั้งสองภาษานี้จึงมักจะสามารถพูดคุยให้เข้าใจกันได้
thai_0421,tha_Thai.dev,421,ในราวศตวรรษที่ 15 ตอนเหนือของเอสโตเนียอยู่ภายใต้อิทธิพลทางวัฒนธรรมของเยอรมนีอย่างใหญ่หลวง
thai_0422,tha_Thai.dev,422,พระชาวเยอรมันบางรูปปรารถนาที่จะให้พระเจ้าใกล้ชิดชาวพื้นเมืองมากขึ้นจึงได้คิดค้นภาษาเอสโตเนียขึ้นมา
thai_0423,tha_Thai.dev,423,"มันมีพื้นฐานมาจากอักษรเยอรมันและเพิ่มอักขระ ""Õ/õ"" เข้าไปหนึ่งตัว"
thai_0424,tha_Thai.dev,424,เมื่อเวลาผ่านไป คำศัพท์หลายคำที่หยิบยืมมาจากภาษาเยอรมันก็เชื่อมถึงกัน นี่คือจุดเริ่มต้นของการเรืองปัญญา
thai_0425,tha_Thai.dev,425,ตามประเพณีแล้ว รัชทายาทของผู้ครองบัลลังก์มักจะเข้าสู่กองทัพทันทีเมื่อพวกเขาเรียนจบ
thai_0426,tha_Thai.dev,426,อย่างไรก็ตาม ชาร์ลส์ไปเรียนที่วิทยาลัยตรินิตี้แห่งเคมบริดจ์ในสาขาวิชามานุษยวิทยาและโบราณคดี และต่อมาก็เรียนประวัติศาสตร์เพิ่มเติม โดยได้รับผลการเรียน 2:2 (ปริญญาชั้นสองระดับต่ำ)
thai_0427,tha_Thai.dev,427,ชาร์ลส์เป็นสมาชิกของราชวงศ์อังกฤษคนแรกที่ได้รับปริญญา
thai_0428,tha_Thai.dev,428,ตุรกีฝั่งยุโรป (ภาคตะวันออกของเทรซหรือรูมีเลียที่่อยู่ในคาบสมุทรบอลข่าน) รวมพื้นที่ 3% ของประเทศอยู่ด้วย
thai_0429,tha_Thai.dev,429,"อาณาเขตของตุรกีมีความยาวเกิน 1,600 กิโลเมตร (1,000 ไมล์) และมีความกว้างราว 800 กิโลเมตร (500 ไมล์) โดยมีรูปร่างคล้ายกับสี่เหลี่ยมผืนผ้า"
thai_0430,tha_Thai.dev,430,"พื้นที่ของตุรกีรวมถึงทะเลสาบมีเนื้อที่ 783,562 ตารางกิโลเมตร (300,948 ตารางไมล์) โดยที่ 755,688 ตารางกิโลเมตร (291,773 ตารางไมล์) อยู่ในเอเชียตะวันตกเฉียงใต้ และ 23,764 ตารางกิโลเมตร (9,174 ตารางไมล์) อยู่ในยุโรป"
thai_0431,tha_Thai.dev,431,พื้นที่ของตุรกีทำให้ประเทศนี้ใหญ่ที่สุดเป็นอันดับที่ 37 ของโลก และมีขนาดพอ ๆ กับประเทศฝรั่งเศสแผ่นดินใหญ่และสหราชอาณาจักรรวมกัน
thai_0432,tha_Thai.dev,432,ประเทศตุรกีมีทะเลล้อมรอบทั้งสามด้าน ได้แก่ทะเลอีเจียนทางทิศตะวันตก ทะเลดำทางตอนเหนือ และทะเลเมดิเตอร์เรเนียนทางตอนใต้
thai_0433,tha_Thai.dev,433,ประเทศลักเซมเบิร์กมีประวัติศาสตร์ความเป็นมาที่ยาวนาน ทว่าเป็นประเทศที่ได้รับเอกราชตั้งแต่ปี ค.ศ. 1839
thai_0434,tha_Thai.dev,434,บางส่วนของเบลเยียมในปัจจุบันเคยเป็นของลักเซ็มเบิร์กมาก่อนในอดีต ทว่ากลายเป็นของเบลเยียมหลังการปฏิวัติเบลเยี่ยมในช่วงคริสตศตวรรษที่ 1830
thai_0435,tha_Thai.dev,435,ประเทศลักเซมเบิร์กพยายามที่จะรักษาความเป็นกลางของประเทศมาโดยตลอด แต่กลับถูกยึดครองโดยประเทศเยอรมนีในสงครามโลกทั้งสองครั้ง
thai_0436,tha_Thai.dev,436,"ปี พ.ศ. 2500 ลักเซมเบิร์กได้เป็นสมาชิกผู้ก่อตั้งองค์กรซึ่งในปัจจุบันรู้จักกันในนาม ""สหภาพยุโรป"""
thai_0437,tha_Thai.dev,437,Drukgyal Dzong คือป้อมปราการที่ปรักหักพัง อีกทั้งยังเป็นอารามทางพระพุทธศาสนาซึ่งอยู่ทางตอนบนของเขต Paro (ในหมู่บ้าน Phondey)
thai_0438,tha_Thai.dev,438,เป็นที่เล่าขานกันมาว่าในปี ค.ศ. 1649 ท่านซับดรุง งาวัง นัมเยล (Zhabdrung Ngawang Namgyel) ได้สร้างป้อมปราการแห่งนี้ขึ้นเพื่อเป็นอนุสรณ์สถานแห่งชัยชนะของตนในการต่อต้านกองกำลังทิเบต-มองโกล
thai_0439,tha_Thai.dev,439,ในปี พ.ศ. 2494 ได้เกิดเหตุไฟไหม้จนมีเพียงซากบางส่วนของป้อมปราการดรุ๊กเกลที่ยังเหลือรอด เช่น รูปบูชาของซับดุง นาวัง นำเกล
thai_0440,tha_Thai.dev,440,หลังจากเกิดเพลิงไหม้ ป้อมปราการได้รับการอนุรักษ์และปกป้อง และยังคงเป็นสถานที่ท่องเที่ยวที่น่าตื่นตาตื่นใจที่สุดแห่งหนึ่งของภูฏาน
thai_0441,tha_Thai.dev,441,ในศตวรรษที่ 18 กัมพูชารู้สึกว่าตนเองเปรียบเสมือนหญ้าแห้งที่อยู่ตรงกลางระหว่างช้างสองตัว คือ ประเทศไทยกับเวียดนาม
thai_0442,tha_Thai.dev,442,ชาวไทยรุกรานกัมพูชาหลายครั้งหลายคราในศตวรรษที่ 18 และได้ทำลายพนมเปญในปี 1772
thai_0443,tha_Thai.dev,443,ในปลายศตวรรษที่ 18 ชาวเวียดนามก็ได้บุกรุกกัมพูชาเช่นกัน
thai_0444,tha_Thai.dev,444,ร้อยละสิบแปดของชาวเวเนซุเอลาเป็นคนว่างงาน ในขณะที่ผู้ที่มีงานทำส่วนใหญ่ทำงานในเศรษฐกิจนอกระบบ
thai_0445,tha_Thai.dev,445,2 ใน 3 ของชาวเวเนซุเอลาที่ทำงานทำงานในภาคบริการ เกือบ 1 ใน 4 ทำงานในภาคอุตสาหกรรม และ 1 ใน 5 ทำงานในภาคเกษตรกรรม
thai_0446,tha_Thai.dev,446,อุตสาหกรรมที่สำคัญสำหรับชาวเวเนซุเอลาคือน้ำมันซึ่งประเทศนี้เป็นผู้ส่งออกสุทธิ แม้จะมีเพียงร้อยละหนึ่งที่ทำงานในอุตสาหกรรมน้ำมันเท่านั้นก็ตาม
thai_0447,tha_Thai.dev,447,ในช่วงแรก ๆ ที่ประเทศได้รับเอกราช ความเชี่ยวชาญของสวนพฤกษศาสตร์สิงคโปร์ได้ช่วยเปลี่ยนเกาะนี้ให้กลายเป็นเมืองสวนแห่งเขตร้อน
thai_0448,tha_Thai.dev,448,ในปี พ.ศ. 2524 กล้วยไม้ลูกผสมชื่อว่าแวนดา มิส โยอาคิม ได้รับเลือกให้เป็นดอกไม้ประจำชาติของประเทศ
thai_0449,tha_Thai.dev,449,ประมาณเดือนตุลาคมของทุกปี สัตว์กินพืชราว 1.5 ล้านตัวจะเดินทางจากเนินเขาด้านทิศเหนือมุ่งหน้าไปยังที่ราบทางตอนใต้ ข้ามแม่น้ำมาราเพื่อไปหาฝน
thai_0450,tha_Thai.dev,450,จากนั้นกลับไปยังภาคเหนือผ่านภาคตะวันตก ข้ามแม่น้ำมาร่าอีกครั้ง หลังจากฝนตกในราวเดือนเมษายน
thai_0451,tha_Thai.dev,451,ในเขต Serengeti จะมีอุทยานแห่งชาติ Serengeti เขตอนุรักษ์ Ngorongoro และเขตอนุรักษ์ Maswa Game ในประเทศแทนซาเนีย รวมถึงเขตอนุรักษ์แห่งชาติ Maasai Mara ในประเทศเคนยา
thai_0452,tha_Thai.dev,452,การเรียนรู้ที่จะสร้างสื่อเชิงโต้ตอบ ต้องใช้ทักษะตามแบบแผนและแบบดั้งเดิม รวมถึงเครื่องมือที่เหมาะสมในชั้นเรียนเชิงโต้ตอบ (สตอรี่บอร์ด การตัดต่อเสียงและวิดีโอ การเล่าเรื่อง และอื่น ๆ)
thai_0453,tha_Thai.dev,453,ในการออกแบบปฏิสัมพันธ์ คุณจำเป็นต้องประเมินสมมติฐานเกี่ยวกับการผลิตสื่ออีกครั้งและเรียนรู้ที่จะคิดในรูปแบบที่พลิกแพลง
thai_0454,tha_Thai.dev,454,การออกแบบเชิงโต้ตอบจำเป็นต้องให้ส่วนประกอบต่าง ๆ ของโปรเจ็กต์เชื่อมต่อกัน แต่ก็ใช้การได้ในฐานะเอนทิตีที่แยกต่างหากด้วยเช่นกัน
thai_0455,tha_Thai.dev,455,ข้อเสียของเลนส์ซูมคือโฟกัสมีความซับซ้อนและจำนวนชิ้นเลนส์ที่ต้องใช้เพื่อให้ได้ช่วงความยาวโฟกัสหนึ่ง ๆ มากกว่าสำหรับเลนส์ไพรม์มาก
thai_0456,tha_Thai.dev,456,สิ่งนี้กลายเป็นปัญหาน้อยลงเนื่องจากผู้ผลิตเลนส์ประสบความสำเร็จในการผลิตเลนส์ด้วยมาตรฐานที่สูงขึ้น
thai_0457,tha_Thai.dev,457,สิ่งนี้ช่วยให้เลนส์ซูมสร้างภาพที่มีคุณภาพใกล้เคียงกับเลนส์ที่มีความยาวโฟกัสคงที่ได้
thai_0458,tha_Thai.dev,458,ข้อเสียอีกประการหนึ่งของเลนส์ซูมคือค่ารูรับแสงสูงสุด (ความเร็ว) ของเลนส์มักจะต่ำกว่า
thai_0459,tha_Thai.dev,459,ทำให้การใช้งานเลนส์ซูมราคาถูกในสภาพที่มีแสงน้อยเป็นไปได้ยาก หากไม่ใช้แฟลชร่วมด้วย
thai_0460,tha_Thai.dev,460,ปัญหาหนึ่งที่พบบ่อยที่สุดเมื่อพยายามแปลงภาพยนตร์ให้อยู่ในรูปแบบดีวีดีคือโอเวอร์สแกน
thai_0461,tha_Thai.dev,461,รายการโทรทัศน์ส่วนใหญ่ทำขึ้นเพื่อเอาใจคนทั่วไป
thai_0462,tha_Thai.dev,462,ด้วยเหตุผลดังกล่าว ทุกอย่างที่คุณเห็นทางโทรทัศน์จึงมีการตัดขอบด้านบน ด้านล่าง และด้านข้างออก
thai_0463,tha_Thai.dev,463,สิ่งนี้ทำขึ้นเพื่อรับประกันว่าภาพจะครอบคลุมทั้งหน้าจอ ซึ่งเรียกกันว่าโอเวอร์สแกน
thai_0464,tha_Thai.dev,464,น่าเสียดายที่เมื่อคุณทำแผ่นดีวีดี ขอบของมันมักจะถูกตัดไปด้วย และถ้าวิดีโอนั้นมีคำบรรยายที่อยู่ใกล้ขอบล่างมากเกินไป ก็จะไม่สามารถเห็นได้หมด
thai_0465,tha_Thai.dev,465,ปราสาทยุคกลางแบบดั้งเดิมเป็นแรงบันดาลใจแห่งจินตนาการมาเนิ่นนาน โดยทำให้เกิดภาพของการแข่งขันต่อสู้ งานเลี้ยง และอัศวินแห่งกษัตริย์อาเธอร์
thai_0466,tha_Thai.dev,466,แม้จะยืนอยู่ท่ามกลางซากปรักหักพังอายุนับพันปี ก็สามารถจินตนาการเสียงและกลิ่นของการต่อสู้ที่จบสิ้นไปนานได้อย่างง่ายดาย ชนิดที่แทบได้ยินเสียงกีบเท้าม้าบนก้อนหินกรวดและกลิ่นของความหวาดกลัวที่ลอยฟุ้งออกมาจากคุกหลุมใต้ดิน
thai_0467,tha_Thai.dev,467,แต่จินตนาการของเราอยู่บนพื้นฐานความเป็นจริงหรือไม่ เหตุใดปราสาทจึงถูกสร้างขึ้นมาในตอนแรก ปราสาทเหล่านั้นออกแบบขึ้นมาและสร้างขึ้นมาได้อย่างไร
thai_0468,tha_Thai.dev,468,ปราสาท Kirby Muxloe ถูกใช้เป็นป้อมปราการมากกว่าที่จะเป็นปราสาทจริงๆ ซึ่งเป็นปกติของช่วงเวลานั้น
thai_0469,tha_Thai.dev,469,หน้าต่างกระจกบานใหญ่และผนังที่บางของปราสาทคงไม่สามารถต้านทานการโจมตีที่จริงจังได้นานนัก
thai_0470,tha_Thai.dev,470,ในทศวรรษ 1480 เมื่อการก่อสร้างเริ่มขึ้นโดยลอร์ดเฮสติงส์ ประเทศค่อนข้างสงบและจะต้องทำการป้องกันก็เพียงเฉพาะต่อกลุ่มชนเร่ร่อนเล็ก ๆ เท่านั้น
thai_0471,tha_Thai.dev,471,การถ่วงดุลอำนาจคือระบบที่ชาติต่าง ๆ ในยุโรปใช้เพื่อพยายามรักษาอธิปไตยแห่งชาติของรัฐในยุโรปทั้งหมด
thai_0472,tha_Thai.dev,472,แนวคิดก็คือ ทุกประเทศในยุโรปต้องพยายามป้องกันไม่ให้ชาติใดชาติหนึ่งมีอำนาจเกินไป และด้วยเหตุนั้นรัฐบาลของชาติต่าง ๆ จึงมักสับเปลี่ยนพันธมิตรเพื่อรักษาสมดุลเอาไว้
thai_0473,tha_Thai.dev,473,สงครามสืบราชบัลลังก์สเปนนับเป็นสงครามครั้งแรกซึ่งปัญหาหลักคือเรื่องดุลอำนาจ
thai_0474,tha_Thai.dev,474,นับเป็นการเปลี่ยนแปลงที่สำคัญเนื่องจากประเทศมหาอำนาจต่าง ๆ ในยุโรปจะไม่มีข้ออ้างว่าเป็นสงครามศาสนาอีกต่อไป ด้วยเหตุนั้น สงครามสามสิบปีจึงเป็นสงครามครั้งสุดท้ายที่ถูกจารึกว่าเป็นสงครามทางศาสนา
thai_0475,tha_Thai.dev,475,วิหารอาร์เทมีสแห่งเอฟีซัสถูกทำลายเมื่อวันที่ 21 กรกฎาคม 356 ปีก่อนคริสตศักราช ด้วยการลอบวางเพลิงโดยเฮโรสตราตัส
thai_0476,tha_Thai.dev,476,อ้างอิงจากเรื่องราว แรงจูงใจของเขาคือการสร้างชื่อเสียงโดยไม่สนสิ่งอื่นใด จนชาวเอเฟซัสที่โกรธถึงกับประกาศว่าจะไม่บันทึกชื่อของเฮโรสตราทัสไว้
thai_0477,tha_Thai.dev,477,สตราโบ นักประวัติศาสตร์ชาวกรีกได้บันทึกชื่อนั้นไว้ในภายหลัง ซึ่งเป็นชื่อที่เรารู้จักในปัจจุบัน วิหารถูกทำลายในคืนเดียวกับที่อเล็กซานเดอร์มหาราชประสูติ
thai_0478,tha_Thai.dev,478,อเล็กซานเดอร์เสนอชำระค่าสร้างวิหารขึ้นใหม่ในฐานะกษัตริย์ ทว่าข้อเสนอของพระองค์ถูกปฏิเสธ ต่อมา หลังจากอเล็กซานเดอร์สิ้นพระชนม์ วิหารก็ได้รับการสร้างขึ้นใหม่ในปี 323 ก่อนคริสตกาล
thai_0479,tha_Thai.dev,479,ปล่อยให้มือของคุณผ่อนคลายที่สุดเท่าที่จะทำได้ขณะที่ยังคงเล่นโน้ตทุกตัวได้อย่างถูกต้อง พยายามไม่เคลื่อนไหวนิ้วมือมากเกินไปโดยไม่จำเป็น
thai_0480,tha_Thai.dev,480,วิธีนี้จะทำให้ลดความเหน็ดเหนื่อยที่คุณได้รับให้เหลือน้อยที่สุด จำไว้ว่าไม่จำเป็นต้องกดแป้นให้แรงเพื่อให้เสียงดังขึ้นเหมือนเปียโน
thai_0481,tha_Thai.dev,481,หากต้องการเพิ่มเสียงของหีบเพลงให้ดังขึ้น ให้ใช้แรงดันหรือความเร็วของที่สูบลมให้มากขึ้น
thai_0482,tha_Thai.dev,482,รหัสยลัทธิ คือการแสวงหาการมีส่วนร่วม การแสวงหาตัวตน หรือการตระหนักรู้ตัว ในความจริงอันสูงสุด เทพเจ้า ความจริงทางจิตวิญญาณ หรือพระเจ้า
thai_0483,tha_Thai.dev,483,ผู้ศรัทธาแสวงหาประสบการณ์ตรง การหยั่งรู้ หรือความเข้าใจเชิงลึกเกี่ยวกับความเป็นจริงอันศักดิ์สิทธิ์/เทพเจ้า หรือเทพ
thai_0484,tha_Thai.dev,484,ผู้นับถือต่างปฏิบัติตามวิธีการบางอย่างในการใช้ชีวิต หรือประพฤติปฏิบัติสิ่งที่มีจุดมุ่งหมายเพื่อบ่มเพาะประสบการณ์เหล่านั้น
thai_0485,tha_Thai.dev,485,ความเชื่อทางไสยศาสตร์สามารถจำแนกออกจากรูปแบบความเชื่อทางศาสนาและการบูชาอื่น ๆ ด้วยลักษณะที่เน้นในเรื่องประสบการณ์ตรงของการตระหนักรู้ในภาวะต่าง ๆ โดยเฉพาะภาวะของความรู้สึกสงบ การหยั่งรู้ ความผาสุก หรือแม้แต่ความปิติยินดีเหลือล้น
thai_0486,tha_Thai.dev,486,ศาสนาซิกข์ คือศาสนาที่กำเนิดขึ้นในอนุทวีปอินเดีย มีต้นกำเนิดในแคว้นปัญจาบในราวคริสต์ศตวรรษที่ 15 จากการแบ่งแยกนิกายภายในศาสนาฮินดู
thai_0487,tha_Thai.dev,487,ชาวซิกข์มองว่าความเชื่อของตนเป็นคนละศาสนากับศาสนาฮินดู แม้จะยอมรับว่าความเชื่อของตนมีรากเหง้าและประเพณีที่สืบทอดมาจากศาสนาฮินดูก็ตาม
thai_0488,tha_Thai.dev,488,"ชาวซิกข์เรียกศาสนาของตนว่ากูร์มัต ซึ่งเป็นภาษาปัญจาบที่แปลว่า ""วิถีแห่งปราชญ์"" มุมมองเรื่องปราชญ์เป็นหลักพื้นฐานที่พบได้ในทุกศาสนาของอินเดีย แต่ศาสนาซิกข์ถือเรื่องนี้เป็นสำคัญจนสิ่งนี้กลายเป็นหัวใจสำคัญในหลักความเชื่อของศาสนาซิกข์"
thai_0489,tha_Thai.dev,489,ศาสนานี้ก่อตั้งขึ้นในศตวรรษที่ 15 โดย Guru Nanak (1469–1539) และมีกูรูอีก 9 คนมารับช่วงต่อ
thai_0490,tha_Thai.dev,490,อย่างไรก็ตาม ในเดือนมิถุนายน ค.ศ. 1956 คำสัญญาของ Krushchev ถูกทดสอบเมื่อการจลาจลในโปแลนด์ซึ่งมีคนงานมาประท้วงเรื่องการขาดแคลนอาหารและการลดค่าจ้างได้กลายเป็นการประท้วงต่อต้านลัทธิคอมมิวนิสต์ไปเสีย
thai_0491,tha_Thai.dev,491,แม้ว่าท้ายที่สุดแล้ว Krushchev จะส่งรถถังเข้าไปกู้คืนความสงบเรียบร้อย เขาก็ยังหลีกทางให้กับข้อเรียกร้องทางเศรษฐกิจบางส่วนและตกลงที่จะแต่งตั้ง Wladyslaw Gomulka ซึ่งเป็นผู้ได้รับความนิยมให้ดำรงตำแหน่งนายกรัฐมนตรีคนใหม่
thai_0492,tha_Thai.dev,492,อารยธรรมลุ่มแม่น้ำสินธุเป็นอารยธรรมยุคสำริดในดินแดนอนุทวีปอินเดียตะวันตกเฉียงเหนือ ซึ่งครอบคลุมพื้นที่ส่วนใหญ่ของปากีสถานยุคปัจจุบันและพื้นที่บางส่วนทางตะวันตกเฉียงเหนือของอินเดียและตะวันออกเฉียงเหนือของอัฟกานิสถาน
thai_0493,tha_Thai.dev,493,อารยธรรมที่เจริญรุ่งเรืองในลุ่มแม่น้ำสินธุคือที่มาของชื่อแม่น้ำแห่งนี้
thai_0494,tha_Thai.dev,494,แม้ว่านักวิชาการบางคนคาดการณ์ว่าอารยธรรมในแอ่งแม่น้ำสรัสวดีที่แห้งเหือดไปแล้วยังคงอยู่ จึงควรได้รับการเรียกขานว่าอารยธรรมสินธุ-สรัสวดี ในขณะที่บางคนยังเรียกว่าอารยธรรมฮารัปปา ซึ่งเริ่มเรียกขานกันหลังจากการขุดพบไซต์แรกในช่วงปี ค.ศ. 1920
thai_0495,tha_Thai.dev,495,ลักษณะทางทหารของอาณาจักรโรมันช่วยพัฒนาการแพทย์ให้มีความก้าวหน้ายิ่งขึ้น
thai_0496,tha_Thai.dev,496,จักรพรรดิออกุสตุสเริ่มคัดเลือกแพทย์ และพวกเขาก็รวมตัวกันเป็นคณะแพทย์โรมันชุดแรกเพื่อช่วยเยียวยาผลพวงจากการสู้รบ
thai_0497,tha_Thai.dev,497,ศัลยแพทย์มีความรู้เกี่ยวกับยาระงับประสาทต่าง ๆ ที่หลากหลาย รวมถึงมอร์ฟีนที่สกัดจากเมล็ดดอกฝิ่น และสโคโพลามีนจากเมล็ดเฮนเบน
thai_0498,tha_Thai.dev,498,ศัลยแพทย์เหล่านี้มีความชำนาญในการผ่าตัดอวัยวะออกเพื่อไม่ให้ผู้ป่วยเสียชีวิตจากเนื้อที่เน่าตาย และยังเชี่ยวชาญในการใช้สายรัดและเครื่องหนีบเส้นเลือดแดงเพื่อหยุดการไหลเวียนของเลือด
thai_0499,tha_Thai.dev,499,ด้วยระยะเวลาหลายศตวรรษ จักรวรรดิโรมันนำไปสู่ความก้าวหน้าทางการแพทย์ที่ยิ่งใหญ่ และก่อให้เกิดความรู้มากมายที่เรารู้ในปัจจุบัน
thai_0500,tha_Thai.dev,500,โอริงามิแบบ Pureland คือ ศิลปะการพับกระดาษที่มีข้อกำหนดว่าในการพับหนึ่งครั้งสามารถสร้างรอยพับได้เพียงหนึ่งรอยเท่านั้น ไม่สามารถพับแบบซับซ้อน เช่น พับแบบพลิกกระดาษได้ และรอยพับต่าง ๆ จะอยู่ในรูปแบบที่ตรงไปตรงมาเข้าใจง่าย
thai_0501,tha_Thai.dev,501,พัฒนาขึ้นโดย จอห์น สมิธ ในปี 1970 เพื่อช่วยนักพับกระดาษที่ไม่มีประสบการณ์หรือผู้ที่มีทักษะด้านการใช้กล้ามเนื้อที่จำกัด
thai_0502,tha_Thai.dev,502,เด็ก ๆ พัฒนาความตระหนักรู้ด้านเชื้อชาติและการมองภาพเหมารวมด้านเชื้อชาติตั้งแต่ยังเล็ก และการมองภาพเหมารวมด้านเชื้อชาติเหล่านี้ส่งผลต่อพฤติกรรม
thai_0503,tha_Thai.dev,503,ตัวอย่างเช่น การที่เด็กชนกลุ่มน้อยทางเชื้อชาติถูกเหมารวมว่าเป็นกลุ่มที่มีผลการเรียนไม่ดี ทำให้ผลการเรียนมีแนวโน้มว่าจะเป็นไปในทิศทางเช่นนั้นเมื่อเด็กกลุ่มนี้ได้เรียนรู้ว่าการเหมารวมนั้นมีความเชื่อมโยงกับเชื้อชาติของพวกเขา
thai_0504,tha_Thai.dev,504,MySpace เป็นเว็บไซต์ที่มีการเข้าใช้มากที่สุดเป็นอันดับสามในสหรัฐอเมริกา และปัจจุบันมีบัญชีผู้ใช้งาน 54 ล้านคน
thai_0505,tha_Thai.dev,505,เว็บไซต์เหล่านี้ได้รับความสนใจอย่างท่วมท้น โดยเฉพาะในแวดวงการศึกษา
thai_0506,tha_Thai.dev,506,เว็บไซต์เหล่านี้มีปัจจัยต่าง ๆ ที่มีข้อดี ซึ่งรวมถึงความสามารถในการจัดตั้งหน้าชั้นเรียนได้อย่างง่ายดาย โดยอาจมีบล็อก วิดีโอ รูปภาพ และคุณสมบัติอื่น ๆ
thai_0507,tha_Thai.dev,507,สามารถเข้าถึงหน้าเพจนี้ได้อย่างง่ายดายด้วยการแจ้งที่อยู่เว็บเพียงที่อยู่เดียว ซึ่งทำให้นักเรียนนักศึกษาที่อาจมีปัญหาในการใช้คีย์บอร์ดหรือมีปัญหาการสะกดคำ สามารถจดจำและพิมพ์ได้ง่าย
thai_0508,tha_Thai.dev,508,มันสามารถถูกปรับแต่งให้อ่านง่ายและยังปรับมีสีสันมากหรือน้อยตามที่ต้องการได้อีกด้วย
thai_0509,tha_Thai.dev,509,"อาการสมาธิสั้น ""คือกลุ่มอาการทางระบบประสาทซึ่งอาการที่พบเป็นประจำ ได้แก่ หุนหันพลันแล่น วอกแวกง่าย อยู่ไม่นิ่ง หรือมีพลังงานมากเกิน"""
thai_0510,tha_Thai.dev,510,"นี่ไม่ใช่กลุ่มอาการขาดทักษะด้านการเรียนรู้ แต่เป็นความผิดปกติทางการเรียนรู้ โรคนี้ ""ส่งผลกระทบต่อเด็กร้อยละ 3 ถึง 5 ซึ่งอาจเป็นเด็กอเมริกันมากถึง 2 ล้านคน"""
thai_0511,tha_Thai.dev,511,เด็กที่มีอาการสมาธิสั้นจดจ่อกับสิ่งต่าง ๆ เช่น การบ้าน ได้ยาก แต่พวกเขาสามารถจดจ่ออยู่กับสิ่งที่ตนเองชื่นชอบที่จะทำ เช่น การเล่นเกม หรือดูการ์ตูนเรื่องโปรด หรือเขียนประโยคแบบไม่มีเครื่องหมายวรรคตอน
thai_0512,tha_Thai.dev,512,"เด็กเหล่านี้มักเผชิญกับปัญหามากมายเพราะพวกเขา ""เข้าไปพัวพันกับพฤติกรรมเสี่ยง การต่อยตี และท้าทายเจ้าหน้าที่"" เพื่อกระตุ้นสมองของตนเอง เนื่องจากสมองของพวกเขาไม่สามารถถูกกระตุ้นด้วยวิธีปกติได้"
thai_0513,tha_Thai.dev,513,อาการสมาธิสั้น (ADD) ส่งผลกระทบต่อความสัมพันธ์กับเพื่อน ๆ เนื่องจากเด็กคนอื่น ๆ ไม่เข้าใจว่าทำไมพวกเขาจึงปฏิบัติตัวหรือสะกดคำเช่นนั้น หรือไม่เข้าใจว่าทำไมระดับวุฒิภาวะของพวกเขาจึงแตกต่างออกไป
thai_0514,tha_Thai.dev,514,เนื่องจากความสามารถในการรับองค์ความรู้และการเรียนรู้เปลี่ยนไปในลักษณะที่กล่าวข้างต้น อัตราพื้นฐานในการรับองค์ความรู้จึงเปลี่ยนไป
thai_0515,tha_Thai.dev,515,วิธีการรับข้อมูลแตกต่างกัน ไม่มีความกดดันในการระลึกได้อีกต่อไป แต่เน้นที่ความสามารถในการจดจำข้อความเสียมากกว่า
thai_0516,tha_Thai.dev,516,โดยสาระสำคัญแล้ว ยุคฟื้นฟูศิลปวิทยาได้เปลี่ยนแปลงวิธีการเรียนรู้และการเผยแพร่ความรู้อย่างยิ่งยวด
thai_0517,tha_Thai.dev,517,โฮมินิดส์แตกต่างจากสัตว์ในตระกูลไพรเมตอื่น ๆ ตรงที่ไม่ได้ใช้มือในการเคลื่อนที่ แบกรับน้ำหนัก หรือโหนต้นไม้อีกต่อไป
thai_0518,tha_Thai.dev,518,มือและเท้าของลิงชิมแปนซีมีขนาดและความยาวเท่า ๆ กัน ซึ่งชี้ให้เห็นว่ามีการใช้มือในการแบกน้ำหนักขณะเดินด้วยข้อนิ้ว
thai_0519,tha_Thai.dev,519,มือของมนุษย์มีขนาดสั้นกว่าเท้าและมีกระดูกนิ้วที่ตรงกว่า
thai_0520,tha_Thai.dev,520,ซากกระดูกมือดึกดำบรรพ์ที่มีอายุราวสองถึงสามล้านปีเผยให้เห็นการเปลี่ยนแปลงจากการใช้มือเพื่อการเคลื่อนไหวไปสู่การจับสิ่งของ
thai_0521,tha_Thai.dev,521,บางคนเชื่อว่าการจงใจทำให้เกิดการฝันแบบรู้ตัวขึ้นหลายครั้งมากเกินไปอาจทำให้รู้สึกเหน็ดเหนื่อยมาก
thai_0522,tha_Thai.dev,522,สาเหตุหลักของปรากฏการณ์ในลักษณะนี้เกิดจากความฝันแบบลูซิดดรีมที่ผู้ฝันรู้ตัวว่ากำลังฝันอยู่ซึ่งขยายช่วงเวลาระหว่างสภาวะ REM
thai_0523,tha_Thai.dev,523,ด้วยช่วง REM ที่น้อยลงต่อคืนในสภาวะนี้คุณจะได้นอนหลับจริง ๆ และร่างกายของคุณฟื้นตัวไม่บ่อยพอที่จะเป็นปัญหา
thai_0524,tha_Thai.dev,524,นี่เป็นเรื่องที่น่าเหนื่อยล้าไม่ต่างกับการที่คุณต้องตื่นมาดูทีวีทุก ๆ ยี่สิบสามสิบนาที
thai_0525,tha_Thai.dev,525,ผลที่เกิดจะขึ้นอยู่กับความถี่ที่สมองพยายามฝันแบบรู้ตัวต่อคืน
thai_0526,tha_Thai.dev,526,เหตุการณ์ไม่สู้ดีนักสําหรับชาวอิตาลีในแอฟริกาเหนือแทบจะตั้งแต่เริ่มต้นเลยทีเดียว ภายในไม่เกินหนึ่งสัปดาห์หลังจากอิตาลีประกาศสงครามเมื่อวันที่ 10 มิถุนายน 1940 ฮุสซาร์ที่ 11 ของอังกฤษก็ได้ยึดฟอร์ตคาปุซโซในลิเบีย
thai_0527,tha_Thai.dev,527,ในการซุ่มโจมตีทางตะวันออกของบาร์เดีย อังกฤษได้จับกุมนายพล Lastucci หัวหน้าวิศวกรประจำกองทัพที่ 10 ของอิตาลี
thai_0528,tha_Thai.dev,528,ในวันที่ 28 มิถุนายน จอมพล Italo Balbo ผู้สำเร็จราชการแห่งลิเบียและทายาทของ Mussolini ถูกฝ่ายเดียวกันยิงระหว่างเครื่องลงจอดใน Tobruk
thai_0529,tha_Thai.dev,529,กีฬาฟันดาบสมัยใหม่มีการแข่งขันกันในหลายระดับ ตั้งแต่ระดับนักศึกษามหาวิทยาลัยไปจนถึงระดับมืออาชีพและในกีฬาโอลิมปิก
thai_0530,tha_Thai.dev,530,กีฬาชนิดนี้เล่นในรูปแบบการดวลเป็นสำคัญ โดยที่นักฟันดาบคนหนึ่งดวลกับนักฟันดาบอีกคนหนึ่ง
thai_0531,tha_Thai.dev,531,กอล์ฟ คือเกมที่ผู้เล่นใช้ไม้ตีลูกให้ลงหลุม
thai_0532,tha_Thai.dev,532,การออกรอบปกติจะมีการเล่นทั้งหมดสิบแปดหลุมด้วยกัน โดยผู้เล่นจะเริ่มเล่นจากหลุมแรกในสนามเรื่อยไปจนจบที่หลุมที่สิบแปด
thai_0533,tha_Thai.dev,533,ผู้เล่นที่เล่นจบคอร์สโดยมีสโตรกหรือการเหวี่ยงไม้น้อยครั้งที่สุดเป็นผู้ชนะ
thai_0534,tha_Thai.dev,534,"เกมนี้เล่นบนสนามหญ้า และหญ้าบริเวณรอบหลุมจะถูกตัดให้สั้นกว่าและมีชื่อเรียกว่า ""กรีน"""
thai_0535,tha_Thai.dev,535,เป็นไปได้ว่าประเภทของการท่องเที่ยวที่พบบ่อยที่สุดคือสิ่งที่คนส่วนใหญ่นำมาเชื่อมโยงเข้ากับการเดินทาง ซึ่งก็คือการท่องเที่ยวเพื่อการพักผ่อนหย่อนใจนั่นเอง
thai_0536,tha_Thai.dev,536,นี่เป็นเวลาที่ผู้คนจะเดินทางไปยังสถานที่ที่แตกต่างไปจากชีวิตประจำวันตามปกติของตัวเองอย่างมาก เพื่อพักผ่อนและทำเรื่องสนุก ๆ
thai_0537,tha_Thai.dev,537,ชายหาด สวนสนุก และลานตั้งแคมป์มักเป็นสถานที่ที่นักท่องเที่ยวที่ชอบทำกิจกรรมหย่อนใจไปบ่อยที่สุด
thai_0538,tha_Thai.dev,538,ถ้าจุดประสงค์ที่ไปเยี่ยมชมสถานที่นั้นๆ คือเพื่อไปทำความรู้จักกับประวัติศาสตร์และวัฒนธรรมของสถานที่แห่งนั้น จะเรียกการท่องเที่ยวรูปแบบนี้ว่าการท่องเที่ยวเชิงวัฒนธรรม
thai_0539,tha_Thai.dev,539,นักท่องเที่ยวอาจไปเยี่ยมชมสถานที่ต่าง ๆ ที่เป็นจุดเด่นของประเทศใดประเทศหนึ่ง หรืออาจแค่เลือกมุ่งเน้นไปที่เพียงพื้นที่เดียวก็ได้
thai_0540,tha_Thai.dev,540,ชาวอาณานิคมที่เห็นการกระทำนี้ก็ร้องขอกำลังเสริมเช่นกัน
thai_0541,tha_Thai.dev,541,กองกำลังที่ช่วยเสริมกำลังในตำแหน่งแนวหน้าประกอบด้วยกองทหารนิวแฮมป์เชียร์ที่ 1 และที่ 3 จำนวน 200 นาย ภายใต้การบังคับบัญชาของพันเอกจอห์น สตาร์ก และเจมส์ รีด (ซึ่งภายหลังได้เป็นนายพลทั้งสองนาย)
thai_0542,tha_Thai.dev,542,คนของ Stark เข้าประจำตำแหน่งตามแนวรั้วทางด้านทิศเหนือของฝั่งชาวอาณานิคม
thai_0543,tha_Thai.dev,543,เมื่อน้ำลงทำให้เกิดพื้นที่ว่างยาวไปตามแม่น้ำมิสติกซึ่งอยู่ทางตะวันออกเฉียงเหนือของคาบสมุทร พวกเขาก็รีบขยายรั้วป้องกันด้วยกำแพงหินสั้น ๆ ไปทางปลายสุดด้านทิศเหนือที่ริมน้ำบนชายหาดเล็ก ๆ
thai_0544,tha_Thai.dev,544,กริดลีย์ หรือ สตาร์ก ได้ปักเสาห่างจากหน้ารั้วราว 100 ฟุต (30 ม.) และออกคำสั่งไม่ให้ผู้ใดยิงจนกว่าจะมีทหารประจำการผ่านเสาต้นนั้น
thai_0545,tha_Thai.dev,545,แผนการของอเมริกาอาศัยการออกโจมตีพร้อมกันจากสามทิศทาง
thai_0546,tha_Thai.dev,546,นายพล John Cadwalder จะเริ่มโจมตีกองทหารอังกฤษที่ Bordentown โดยใช้กลยุทธ์หลอกล่อ เพื่อขวางกั้นไม่ให้กำลังเสริมใด ๆ เข้ามาได้
thai_0547,tha_Thai.dev,547,นายพล James Ewing จะนำทหาร 700 นายข้ามแม่น้ำที่ Trenton Ferry เข้ายึดสะพานข้ามลำห้วย Assunpink และป้องกันไม่ให้กองทหารข้าศึกหลบหนี
thai_0548,tha_Thai.dev,548,"กองกำลังโจมตีหลักจำนวน 2,400 คนจะข้ามแม่น้ำ ณ จุดที่อยู่เหนือจากเทรนตันขึ้นไปเก้าไมล์ แล้วหลังจากนั้นก็จะแยกออกเป็นสองกลุ่ม กลุ่มหนึ่งอยู่ภายใต้การบังคับบัญชาของกรีน อีกกลุ่มอยู่ภายใต้การบังคับบัญของของซัลลิแวน เพื่อเข้าโจมตีก่อนฟ้าสาง"
thai_0549,tha_Thai.dev,549,เมื่อเปลี่ยนจากการวิ่งระยะ 1/4 ไมล์มาเป็นแบบครึ่งไมล์ ความเร็วจะเป็นเรื่องสำคัญน้อยลงมากและความอึดจะกลายเป็นสิ่งจำเป็นอย่างยิ่งแทน
thai_0550,tha_Thai.dev,550,แน่นอนว่านักวิ่งครึ่งไมล์ระดับเฟิร์สคลาสที่สามารถพิชิตสองนาทีได้จะต้องมีความเร็วพอสมควร แต่ความอดทนก็เป็นสิ่งจำเป็นที่ต้องขัดเกลาเพื่อเผชิญหน้าความอันตรายทุกรอบด้าน
thai_0551,tha_Thai.dev,551,การวิ่งข้ามทุ่งในช่วงฤดูหนาว ผสมผสานกับการออกกำลังร่างกายท่อนบน คือการเตรียมพร้อมที่ดีที่สุดสำหรับฤดูแห่งการวิ่ง
thai_0552,tha_Thai.dev,552,การปฏิบัติตามหลักการโภชนาการที่เหมาะสมแค่อย่างเดียวไม่สามารถช่วยให้เกิดสมรรถภาพระดับดีเลิศได้ แต่อาจส่งผลอย่างมากต่อสุขภาพโดยรวมของนักกีฬารุ่นเยาว์
thai_0553,tha_Thai.dev,553,การรักษาสมดุลของพลังงานที่มีประโยชน์ต่อสุขภาพ การฝึกจนเป็นนิสัยให้ร่างกายดูดซึมน้ำได้อย่างมีประสิทธิภาพ และการทำความเข้าใจแง่มุมต่าง ๆ ของการรับประทานวิตามินเสริมช่วยเพิ่มสมรรถนะของนักกีฬาและทำให้พวกเขาเล่นกีฬาได้สนุกสนานมากยิ่งขึ้น
thai_0554,tha_Thai.dev,554,การวิ่งระยะกลางเป็นกีฬาที่มีราคาไม่แพงนัก อย่างไรก็ดี ยังมีความเข้าใจผิดหลายประการเกี่ยวกับอุปกรณ์ไม่กี่ชิ้นที่ต้องใช้ในการวิ่ง
thai_0555,tha_Thai.dev,555,สามารถซื้อผลิตภัณฑ์ต่าง ๆ ได้ตามที่ต้องการ แต่ส่วนใหญ่แล้วจะส่งผลต่อสมรรถภาพเพียงเล็กน้อยเท่านั้นหรือไม่ส่งผลเลย
thai_0556,tha_Thai.dev,556,นักกีฬาอาจรู้สึกชอบผลิตภัณฑ์หนึ่งมากกว่า แม้ว่ามันจะไม่ได้ให้ประโยชน์อย่างแท้จริงก็ตาม
thai_0557,tha_Thai.dev,557,อะตอมถือได้ว่าเป็นโครงสร้างพื้นฐานอย่างหนึ่งของทุกสสาร
thai_0558,tha_Thai.dev,558,มันเป็นอัตลักษณ์ที่ซับซ้อนมาก ซึ่งตามแบบจำลองอย่างง่ายของ Bohr แล้ว ประกอบด้วยนิวเคลียสส่วนกลางที่มีอิเล็กตรอนโคจรรอบ คล้ายคลึงกับการที่ดาวเคราะห์โคจรรอบดวงอาทิตย์เล็กน้อย - ดูรูปที่ 1.1
thai_0559,tha_Thai.dev,559,นิวเคลียสประกอบด้วยอนุภาคสองชนิด คือ นิวตรอนและโปรตอน
thai_0560,tha_Thai.dev,560,โปรตอนมีประจุไฟฟ้าขั้วบวก ในขณะที่นิวตรอนไม่มีประจุไฟฟ้า ส่วนอิเล็กตรอนมีประจุไฟฟ้าขั้วลบ
thai_0561,tha_Thai.dev,561,เพื่อความปลอดภัยของคุณ จะต้องมีการสำรวจสถานที่เกิดเหตุก่อนจะตรวจสอบเหยื่อ
thai_0562,tha_Thai.dev,562,คุณต้องสังเกตตำแหน่งของเหยื่อขณะที่เข้าไปหาเขาหรือเธอและสัญญาณที่บ่งบอกอันตรายโดยอัตโนมัติ
thai_0563,tha_Thai.dev,563,หากการพยายามช่วยทำให้คุณได้รับบาดเจ็บ ก็อาจทำให้สถานการณ์ยิ่งเลวร้ายกว่าเดิม
thai_0564,tha_Thai.dev,564,การศึกษาพบว่าภาวะซึมเศร้า ความหวาดกลัว และการคิดว่าสิ่งที่เป็นอยู่คือหายนะ เป็นสื่อกลางของความสัมพันธ์ระหว่างความเจ็บปวดและทุพพลภาพในผู้ป่วยที่ปวดหลังส่วนล่าง
thai_0565,tha_Thai.dev,565,เฉพาะผลกระทบของการคิดว่าสิ่งเลวร้ายจะเกิดขึ้นเท่านั้นที่เป็นเงื่อนไขต่อการทำกิจกรรมทางกายภาพเป็นประจำทุกสัปดาห์ ไม่ใช่ภาวะซึมเศร้าและความกลัว
thai_0566,tha_Thai.dev,566,ผู้เข้าร่วมกิจกรรมที่สม่ำเสมอจะต้องการการสนับสนุนมากขึ้นในแง่ของการรับรู้ความเจ็บปวดเชิงลบ ซึ่งจะแยกความแตกต่างของการเจ็บปวดเรื้อรังและความอึดอัดออกจากการเคลื่อนไหวร่างกายตามปกติ
thai_0567,tha_Thai.dev,567,ทัศนวิสัย หรือความสามารถในการมองเห็นเป็นสิ่งที่อาศัยอวัยวะรับความรู้สึกของระบบภาพหรือจักษุนั่นเอง
thai_0568,tha_Thai.dev,568,ดวงตามีโครงสร้างต่าง ๆ มากมายโดยมีความซับซ้อนที่หลากหลายขึ้นอยู่กับความต้องการของสิ่งมีชีวิต
thai_0569,tha_Thai.dev,569,โครงสร้างที่แตกต่างกันมีความสามารถที่ต่างกัน มีความไวต่อความยาวคลื่นต่าง ๆ และมีระดับความรุนแรงที่ต่างกัน นอกจากนี้ยังต้องการการประมวลผลที่ต่างกันเพื่อทำความเข้าใจอินพุตและตัวเลขต่าง ๆ เพื่อให้ทำงานได้อย่างมีประสิทธิภาพสูงสุด
thai_0570,tha_Thai.dev,570,ประชากร คือกลุ่มของสิ่งมีชีวิตสปีชี่ใดสปีชี่หนึ่งภายในพื้นที่ภูมิศาสตร์ที่กำหนด
thai_0571,tha_Thai.dev,571,เมื่อประชากรทั้งหมดมีลักษณะทางพันธุกรรมอย่างหนึ่งที่เหมือนกันก็จะถูกเรียกว่าโมโนมอร์ฟิก
thai_0572,tha_Thai.dev,572,เมื่อบุคคลแสดงลักษณะเฉพาะหนึ่ง ๆ ในรูปแบบที่ต่างกันออกไป พวกเขาอยู่ในภาวะพหุสันฐาน
thai_0573,tha_Thai.dev,573,อาณานิคมของมดทหารเดินขบวนและทำรังในช่วงระยะที่แตกต่างกันเช่นกัน
thai_0574,tha_Thai.dev,574,ในช่วงเวลาย้ายถิ่นฐาน มดทหารจะเดินทางในตอนกลางคืนและหยุดพักเพื่อตั้งค่ายในตอนกลางวัน
thai_0575,tha_Thai.dev,575,เมื่ออาหารที่มีอยู่ลดลง อาณานิคมก็เริ่มเข้าสู่ระยะเร่ร่อน ซึ่งในระยะนี้ อาณานิคมจะสร้างรังชั่วคราวซึ่งจะเปลี่ยนไปทุกวัน
thai_0576,tha_Thai.dev,576,การเดินเร่ร่อนหรือเดินขบวนแต่ละครั้งกินเวลาประมาณ 17 วัน
thai_0577,tha_Thai.dev,577,"เซลล์คืออะไรน่ะหรือ คำว่าเซลล์มาจากคำว่า ""cella"" ในภาษาละตินที่แปลว่า ""ห้องขนาดเล็ก"" คำนี้ถูกบัญญัติขึ้นเป็นครั้งแรกโดยนักจุลทรรศน์วิทยาคนหนึ่งที่เฝ้าสังเกตโครงสร้างของจุกไม้ก๊อก"
thai_0578,tha_Thai.dev,578,เซลล์คือหน่วยพื้นฐานของสิ่งมีชีวิตทั้งหมด และสิ่งมีชีวิตทั้งหมดประกอบด้วยเซลล์อย่างน้อยหนึ่งเซลล์
thai_0579,tha_Thai.dev,579,"เซลล์ เป็นองค์ประกอบพื้นฐานและมีความสำคัญต่อการศึกษาสิ่งมีชีวิต ในความเป็นจริงเซลล์มักจะถูกกล่าวถึงในฐานะ ""หน่วยโครงสร้างของสิ่งมีชีวิต"""
thai_0580,tha_Thai.dev,580,ระบบประสาทรักษาสภาวะสมดุลด้วยการส่งกระแสประสาทไปทั่วร่างกาย เพื่อให้เลือดไหลเวียนอย่างต่อเนื่องและไม่ถูกขัดขวาง
thai_0581,tha_Thai.dev,581,ร่างกายสามารถส่งกระแสประสาทเหล่านี้ไปทั่วร่างได้อย่างรวดเร็ว ซึ่งช่วยให้ร่างกายปลอดภัยจากภัยคุกคามที่อาจเกิดขึ้น
thai_0582,tha_Thai.dev,582,เมื่อเทียบกับพายุรุนแรงชนิดอื่น ๆ ทอร์นาโดจะโจมตีพื้นที่ขนาดเล็ก แต่พายุนี้สามารถทำลายได้ทุกสิ่งที่ขวางทางของมัน
thai_0583,tha_Thai.dev,583,ทอร์นาโดจะถอนรากถอนโคนต้นไม้ ฉีกทึ้งแผ่นไม้กระดานออกจากสิ่งปลูกสร้างต่าง ๆ และเหวี่ยงรถขึ้นไปบนท้องฟ้า ทอร์นาโดที่รุนแรงเป็นอันดับต้น ๆ ร้อยละสองอยู่ได้นานกว่าสามชั่วโมง
thai_0584,tha_Thai.dev,584,พายุร้ายแรงเหล่านี้มีความเร็วสูงได้มากถึง 480 กม./ชม. (133 ม /วินาที หรือ 300 ไมล์ต่อชั่วโมง)
thai_0585,tha_Thai.dev,585,มนุษย์ได้ผลิตและใช้เลนส์เพื่อประโยชน์ในการขยายภาพมานานหลายพันปีแล้ว
thai_0586,tha_Thai.dev,586,อย่างไรก็ตาม มีการสร้างกล้องโทรทรรศน์ของจริงตัวแรกขึ้นในยุโรปในช่วงปลายศตวรรษที่ 16
thai_0587,tha_Thai.dev,587,กล้องโทรทรรศน์เหล่านี้ใช้เลนส์สองตัวร่วมกันเพื่อทำให้วัตถุที่อยู่ห่างไกลทั้งดูว่าอยู่ใกล้ขึ้นและใหญ่ขึ้น
thai_0588,tha_Thai.dev,588,ความโลภและความเห็นแก่ตัวจะอยู่กับเราเสมอ และมันคือธรรมชาติของความร่วมมือซึ่งเมื่อคนส่วนใหญ่ได้รับผลประโยชน์ ก็มักจะมีผลประโยชน์ให้ตักตวงเพิ่มขึ้นในระยะสั้นอยู่เสมอด้วยการกระทำอันเห็นแก่ตัว
thai_0589,tha_Thai.dev,589,หวังว่าคนส่วนใหญ่จะตระหนักว่า การทำงานร่วมกับผู้อื่นเป็นทางเลือกที่ดีที่สุดสำหรับระยะยาว
thai_0590,tha_Thai.dev,590,คนจำนวนมากฝันถึงวันที่มนุษย์จะสามารถเดินทางไปสำรวจดาวดวงอื่นได้ บางคนสงสัยว่ามีอะไรอยู่นอกโลก บางคนเชื่อว่าอาจมีมนุษย์ต่างดาวหรือสิ่งมีชีวิตแบบอื่นอาศัยอยู่บนดาวเคราะห์ดวงอื่น
thai_0591,tha_Thai.dev,591,"แต่ถ้าเหตุการณ์นี้เกิดขึ้นจริงก็อาจจะไม่เกิดขึ้นเป็นเวลานานมาก ดวงดาวกระจายกว้างออกไปจนดาวที่เป็น ""เพื่อนบ้าน"" กันนั้นอยู่ห่างกันเป็นระยะทางหลายล้านล้านไมล์"
thai_0592,tha_Thai.dev,592,สักวันหนึ่ง เหลนของคุณอาจจะยืนอยู่บนโลกต่างดาวพลางสงสัยเกี่ยวกับบรรพบุรุษสมัยโบราณของตัวเองก็เป็นได้ล่ะมั้ง
thai_0593,tha_Thai.dev,593,สัตว์เกิดขึ้นจากเซลล์จำนวนมาก พวกมันกินสิ่งต่าง ๆ และย่อยสิ่งเหล่านั้นภายในร่างกาย สัตว์ส่วนใหญ่เคลื่อนไหวได้
thai_0594,tha_Thai.dev,594,มีเพียงสัตว์เท่านั้นที่มีสมอง (ถึงจะไม่ใช่สัตว์ทุกชนิดก็ตาม เช่น แมงกะพรุนไม่มีสมอง)
thai_0595,tha_Thai.dev,595,เราสามารถพบสัตว์ต่าง ๆ ได้ทั่วโลก พวกมันขุดดิน ว่ายน้ำในมหาสมุทร และโบยบินในท้องฟ้า
thai_0596,tha_Thai.dev,596,เซลล์เป็นหน่วยโครงสร้างที่มีหน้าที่ที่เล็กที่สุดของสิ่งมีชีวิต
thai_0597,tha_Thai.dev,597,เซลล์ มาจากคำว่า cella ในภาษาละตินซึ่่งหมายถึงห้องขนาดเล็ก
thai_0598,tha_Thai.dev,598,ถ้าคุณใช้กล้องจุลทรรศน์มองดูสิ่งมีชีวิต คุณจะเห็นว่าสิ่งมีชีวิตเหล่านี้ประกอบด้วยสี่เหลี่ยมหรือทรงกลมเล็ก ๆ
thai_0599,tha_Thai.dev,599,โรเบิร์ต ฮุก นักชีววิทยาจากประเทศอังกฤษมอง เห็นสี่เหลี่ยมจัตุรัสจิ๋วมากมายที่อยู่ในจุกไม้ก๊อกด้วยกล้องจุลทรรศน์
thai_0600,tha_Thai.dev,600,พวกมันดูเหมือนห้อง เขาเป็นคนแรกที่เฝ้าสังเกตเซลล์ที่ตายแล้ว
thai_0601,tha_Thai.dev,601,ธาตุและสารประกอบสามารถเปลี่ยนจากสถานะหนึ่งไปยังอีกสถานะหนึ่งได้โดยไม่มีการเปลี่ยนแปลง
thai_0602,tha_Thai.dev,602,ไนโตรเจนที่อยู่ในสถานะก๊าซจะยังมีคุณสมบัติเช่นเดียวกับไนโตรเจนเหลว สถานะของเหลวนั้นหนาแน่นกว่าทว่าโมเลกุลยังเท่าเดิม
thai_0603,tha_Thai.dev,603,น้ำเป็นอีกตัวอย่างหนึ่ง น้ำผสมมประกอบด้วยธาตุไฮโดรเจนสองอะตอมและธาตุออกซิเจนหนึ่งอะตอม
thai_0604,tha_Thai.dev,604,มันมีโครงสร้างโมเลกุลแบบเดียวกัน ไม่ว่าจะอยู่ในสถานะก๊าซ ของเหลว หรือของแข็งก็ตาม
thai_0605,tha_Thai.dev,605,แม้ว่าสถานะของสสารอาจเปลี่ยนแปลงไปทางกายภาพแต่ในทางเคมียังคงเหมือนเดิม
thai_0606,tha_Thai.dev,606,เวลาเป็นสิ่งที่อยู่รอบ ๆ ตัวเราและมีผลต่อทุกสิ่งที่เราทำ แต่ก็เป็นสิ่งที่เข้าใจได้ยาก
thai_0607,tha_Thai.dev,607,นักวิชาการทางศาสนา ปรัชญา และวิทยาศาสตร์ ได้ศึกษาเวลามานานหลายพันปีแล้ว
thai_0608,tha_Thai.dev,608,เราเผชิญกับเวลาในลักษณะที่เป็นลำดับเหตุการณ์ที่ส่งผ่านมาจากอนาคตผ่านปัจจุบันไปสู่อดีต
thai_0609,tha_Thai.dev,609,เวลายังเป็นวิธีที่เราเปรียบเทียบระยะเวลา (ความยาวนาน) ของเหตุการณ์ต่าง ๆ อีกด้วย
thai_0610,tha_Thai.dev,610,คุณสามารถรับรู้ถึงกาลเวลาที่ผ่านไปได้ด้วยตนเอง โดยสังเกตจากเหตุการณ์ที่เกิดขึ้นซ้ำๆ เป็นวัฏจักร เหตุการณ์ที่เกิดขึ้นเป็นวัฏจักรคือสิ่งที่เกิดขึ้นซ้ำๆ อย่างสม่ำเสมอ
thai_0611,tha_Thai.dev,611,ปัจจุบันมีการใช้คอมพิวเตอร์ในการดัดแปลงรูปภาพและวิดีโอ
thai_0612,tha_Thai.dev,612,้เราสามารถสร้างแอนิเมชันที่สลับซับซ้อนได้บนคอมพิวเตอร์ และแอนิเมชันชนิดนี้เป็นที่นิยมในวงการโทรทัศน์และภาพยนตร์เพิ่มขึ้นเรื่อย ๆ
thai_0613,tha_Thai.dev,613,ดนตรีมักถูกบันทึกด้วยคอมพิวเตอร์ที่มีความซับซ้อนมากเพื่อทำการแปลงและผสานเสียงเข้าด้วยกัน
thai_0614,tha_Thai.dev,614,เมื่อนานมาแล้วในช่วงศตวรรษที่สิบเก้าและยี่สิบ เชื่อกันว่าคนกลุ่มแรกที่อยู่​อาศัยในประเทศ​นิวซีแลนด์คือชนเผ่าเมารีซึ่งเป็นผู้ล่านกยักษ์โมอา
thai_0615,tha_Thai.dev,615,จากนั้นทฤษฎีดังกล่าวได้ก่อให้เกิดแนวคิดที่ว่าชาวเมารีอพยพมาจากโพลีนีเซียในลักษณะเป็นกองเรือใหญ่ แล้วยึดนิวซีแลนด์จากชาวโมริโอริและสถาปนาสังคมเกษตรกรรมขึ้นมา
thai_0616,tha_Thai.dev,616,ทว่าหลักฐานชิ้นใหม่ได้บ่งชี้ว่าชาวโมริโอริก็คือชาวเมารีแผ่นดินใหญ่ซึ่งอพยพย้ายถิ่นฐานจากนิวซีแลนด์ไปที่หมู่เกาะชาแธมนั่นเอง และพวกเขาก็ได้พัฒนาวัฒนธรรมที่เป็นเอกลักษณ์และสงบสุขของตนเองขึ้นมา
thai_0617,tha_Thai.dev,617,บนเกาะชาแธมยังมีชนเผ่าอื่นอาศัยอยู่อีก ซึ่งก็คือชาวเมารีที่อพยพย้ายถิ่นฐานออกไปจากนิวซีแลนด์นั่นเอง
thai_0618,tha_Thai.dev,618,พวกเขาเรียกตัวเองว่าโมริโอริ มีการต่อสู้กันประปราย และท้ายที่สุดแล้วชาวโมริโอริก็ถูกฆ่ากวาดล้าง
thai_0619,tha_Thai.dev,619,บุคคลที่มีส่วนเกี่ยวข้องมาหลายสิบปีช่วยให้เราชื่นชมจุดแข็งและความหลงใหลของตัวเอง พร้อมทั้งประเมินความยากลำบากและกระทั่งความล้มเหลวอย่างตรงไปตรงมาในขณะเดียวกัน
thai_0620,tha_Thai.dev,620,ขณะที่ฟังแต่ละคนบอกเล่าเรื่องราวส่วนตัว ไปจนถึงเรื่องราวเกี่ยวกับครอบครัวและองค์กร เราก็ได้ข้อมูลเชิงลึกที่เป็นประโยชน์ซึ่งบ่งบอกได้ถึงอดีตและบุคลิกภาพบางอย่างที่ส่งผลดีหรือส่งผลเสียต่อวัฒนธรรมในองค์กร
thai_0621,tha_Thai.dev,621,แม้ว่าการเข้าใจประวัติของบุคคลหนึ่งจะไม่ถือว่าเป็นการเข้าใจวัฒนธรรม แต่อย่างน้อยก็ช่วยให้ผู้คนเข้าใจว่าพวกเขาอยู่ตรงไหนในประวัติศาสตร์ขององค์กร
thai_0622,tha_Thai.dev,622,ระหว่างที่ประเมินความสำเร็จและเริ่มตระหนักถึงความล้มเหลวต่างๆ บุคคลแต่ละคน รวมถึงกลุ่มผู้เข้าร่วมโดยรวมจะได้ค้นพบคุณค่า เป้าหมาย และแรงผลักดันขององค์กรในระดับที่ลึกซึ้งยิ่งขึ้น
thai_0623,tha_Thai.dev,623,ในกรณีนี้ การนึกถึงตัวอย่างพฤติกรรมแบบผู้บริหารและผลลัพธ์ความสำเร็จที่ตามมาช่วยให้ผู้คนเปิดรับความเปลี่ยนแปลงและแนวทางใหม่ๆ สำหรับคริสตจักรในท้องถิ่น
thai_0624,tha_Thai.dev,624,เรื่องราวความสำเร็จดังกล่าวจะช่วยให้กลัวการเปลี่ยนแปลงน้อยลง พร้อมทั้งสร้างความโน้มเอียงเชิงบวกต่อการเปลี่ยนแปลงในอนาคตอีกด้วย
thai_0625,tha_Thai.dev,625,รูปแบบการคิดแบบบรรจบกัน คือเทคนิคการแก้ปัญหาที่รวบรวมความคิดหรือขอบเขตข้อมูลที่แตกต่างกันเพื่อหาวิธีแก้ไขปัญหา
thai_0626,tha_Thai.dev,626,หลักสำคัญของวิธีคิดนี้คือ ความรวดเร็ว ตรรกะ และความแม่นยำ รวมทั้งการบ่งบอกข้อเท็จจริง การนำเทคนิคที่มีอยู่แล้วมาใช้ซ้ำ และการรวบรวมข้อมูล
thai_0627,tha_Thai.dev,627,ปัจจัยที่สำคัญที่สุดของวิธีคิดนี้คือมีคำตอบที่ถูกเพียงคำตอบเดียว คุณนึกถึงแค่สองคำตอบเท่านั้น คือถูกหรือผิด
thai_0628,tha_Thai.dev,628,วิธีคิดแบบนี้มีความเชื่อมโยงกับวิทยาศาสตร์หรือขั้นตอนปฏิบัติมาตรฐานบางอย่าง
thai_0629,tha_Thai.dev,629,ผู้ที่มีความคิดประเภทนี้จะมีความคิดเชิงตรรกะ มีความสามารถในการจดจำรูปแบบ แก้ปัญหา และทำงานทดสอบทางวิทยาศาสตร์ได้
thai_0630,tha_Thai.dev,630,มนุษย์คือสัตว์ที่สามารถอ่านความคิดของผู้อื่นได้มากที่สุด
thai_0631,tha_Thai.dev,631,นั่นหมายความว่าเราสามารถคาดการณ์สิ่งที่มนุษย์คนอื่น ๆ รับรู้ ตั้งใจที่จะทำ เชื่อมั่น รับทราบ หรือปรารถนาได้
thai_0632,tha_Thai.dev,632,ในความสามารถเหล่านี้ การเข้าใจเจตนาของผู้อื่นเป็นสิ่งสำคัญ ซึ่งช่วยให้เราสามารถแก้ไขความคลุมเครือของการกระทำทางกายภาพได้
thai_0633,tha_Thai.dev,633,ตัวอย่างเช่น หากคุณเห็นใครกำลังทุบกระจกรถ คุณอาจทึกทักว่าเขากำลังพยายามขโมยรถของคนอื่น
thai_0634,tha_Thai.dev,634,เขาคงต้องถูกมองต่างออกไปถ้าเขาทำกุญแจรถหาย และรถคันที่เขาพยายามงัดเข้าไปนั้นเป็นรถของเขาเอง
thai_0635,tha_Thai.dev,635,MRI มีพื้นฐานมาจากปรากฏการณ์ทางฟิสิกส์ที่เรียกว่าคลื่นสนามแม่เหล็กนิวเคลียร์ (NMR) ซึ่งค้นพบในทศวรรษที่ 1930 โดย ฟีลิกซ์ บล็อค (ขณะนั้นทำงานที่มหาวิทยาลัยสแตนฟอร์ด) และ เอ็ดเวิร์ด เพอร์เซลล์ (จากมหาวิทยาลัยฮาร์วาร์ด)
thai_0636,tha_Thai.dev,636,ในระหว่างการสั่นพ้องนี้ สนามแม่เหล็กและคลื่นวิทยุจะทำให้อะตอมปล่อยสัญญาณวิทยุเล็ก ๆ ออกมา
thai_0637,tha_Thai.dev,637,ในปี 1970 เรย์มอนด์ ดามาเดียน แพทย์และนักวิจัยวิทยาศาสตร์ ได้ค้นพบหลักการของการใช้คลื่นแม่เหล็กถ่ายภาพเป็นเครื่องมือในการวินิจฉัยทางการแพทย์
thai_0638,tha_Thai.dev,638,สี่ปีต่อมาก็ได้รับสิทธิบัตร ซึ่งเป็นสิทธิบัตรที่มีการออกให้ในสาขาของ MRI ใบแรกของโลก
thai_0639,tha_Thai.dev,639,"ในปี พ.ศ. 2520 ดร.ดามาเดียนได้สร้างเครื่องสแกน MRI แบบ ""ทั้งตัว"" เป็นเครื่องแรก โดยเรียกมันว่า ""เจ้าทรหดอดทน"""
thai_0640,tha_Thai.dev,640,การสื่อสารทางเดียวช่วยให้มีเวลาใช้ความคิดก่อนที่จะโต้ตอบผู้อื่น
thai_0641,tha_Thai.dev,641,มันช่วยให้นักเรียนสามารถทำงานได้ตามอัตราความเร็วของตนเอง รวมทั้งสามารถควบคุมอัตราเร็วของการให้ข้อมูลเชิงสอนได้
thai_0642,tha_Thai.dev,642,"นอกจากนี้ ยังมีข้อจำกัด ด้านเวลาน้อยลงอีกด้วย โดยเป็นไปได้ที่จะมีเวลาทำงานที่ยืดหยุ่นได้ (เบรเมอร์, 1998)"
thai_0643,tha_Thai.dev,643,ผู้เรียนสามารถเข้าถึงข้อมูลได้ทุกเมื่อด้วยการใช้อินเทอร์เน็ตและเวิลด์ไวด์เว็บ
thai_0644,tha_Thai.dev,644,นอกจากนี้ นักเรียนยังสามารถส่งคำถามถึงผู้สอนได้ตลอดเวลาและคาดหวังว่าจะได้รับคำตอบที่ค่อนข้างรวดเร็วแทนที่จะต้องรอไปจนถึงการพบปะแบบตัวต่อตัวในครั้งต่อไป
thai_0645,tha_Thai.dev,645,แนวทางการเรียนรู้แบบโพสต์โมเดิร์นมอบอิสระจากความสมบูรณ์แบบ ไม่มีวิธีเรียนรู้ที่ดีวิธีเดียว
thai_0646,tha_Thai.dev,646,ที่จริงแล้วสิ่งที่ดีแก่การเรียนรู้ไม่ได้มีเพียงอย่างเดียว การเรียนรู้จะเกิดขึ้นจากประสบการณ์ระหว่างผู้เรียนและความรู้ที่นำเสนอให้
thai_0647,tha_Thai.dev,647,ประสบการณ์ด้านรายการโทรทัศน์เชิงเรียนรู้เกี่ยวกับการสร้างสรรค์ด้วยตนเอง และการนำเสนอข้อมูลทั้งหมดในปัจจุบันของเราแสดงให้เห็นถึงประเด็นนี้
thai_0648,tha_Thai.dev,648,พวกเรามากมายหลายคนพบว่าตนเองกำลังรับชมโทรทัศน์ที่บอกกับพวกเราถึงกระบวนการหรือประสบการณ์ที่เราจะไม่มีวันได้ประสบหรือใช้ความรู้นั้น
thai_0649,tha_Thai.dev,649,เราจะไม่มีวันยกเครื่องรถยนต์ สร้างน้ำพุในสวนหลังบ้านเรา เดินทางไปประเทศเปรูเพื่อตรวจสอบซากปรักหักพังโบราณ หรือดัดแปลงบ้านเพื่อนบ้านของเราใหม่อย่างเด็ดขาด
thai_0650,tha_Thai.dev,650,สายเคเบิลใยแก้วนำแสงใต้ทะเลที่เชื่อมไปยังทวีปยุโรปและดาวเทียมบรอดแบนด์ ทำให้กรีนแลนด์ได้รับการเชื่อมต่ออย่างดี โดยมีประชากรถึง 93% ที่สามารถเข้าถึงอินเทอร์เน็ตได้
thai_0651,tha_Thai.dev,651,โรงแรมหรือเจ้าบ้านของคุณ (กรณีที่คุณพักในเกสต์เฮาส์หรือบ้านส่วนตัว) มักจะมี wifi หรือคอมพิวเตอร์ที่ต่อกับอินเทอร์เน็ต และทุกชุมชนจะมีร้านอินเทอร์เน็ตหรือบางที่ก็มี wifi สาธารณะ
thai_0652,tha_Thai.dev,652,"ดังที่ได้กล่าวไว้ข้างต้น แม้ว่าคำว่า ""เอสกิโม"" จะยังคงเป็นที่ยอมรับในสหรัฐ แต่ชาวอาร์กติกที่ไม่ใช่ชาวอเมริกันจำนวนมากก็เห็นว่ามีนัยยะดูถูก โดยเฉพาะในแคนาดา"
thai_0653,tha_Thai.dev,653,ถึงแม้คุณอาจเคยได้ยินชาวกรีนแลนด์ใช้คำนี้ แต่ชาวต่างชาติไม่ควรใช้
thai_0654,tha_Thai.dev,654,ชนพื้นเมืองของกรีนแลนด์ที่อยู่ในแคนาดาเรียกตัวเองว่า Inuit ส่วนที่อยู่ในกรีนแลนด์เรียกตัวเองว่า Kalaalleq (รูปพหูพจน์คือ Kalaallit) ซึ่งหมายถึงชาวกรีนแลนด์นั่นเอง
thai_0655,tha_Thai.dev,655,"อาชญากรรมและเจตนาร้ายต่อชาวต่างชาติโดยทั่วไป แทบไม่เกิดขึ้นในกรีนแลนด์ แม้แต่ในเมืองก็ไม่มี ""พื้นที่สุ่มเสี่ยง"" ด้วยซ้ำไป"
thai_0656,tha_Thai.dev,656,สภาพอากาศหนาวเย็นอาจเป็นอันตรายที่แท้จริงเพียงอย่างเดียวที่ผู้ไม่ได้เตรียมตัวจะต้องเผชิญ
thai_0657,tha_Thai.dev,657,หากคุณไปกรีนแลนด์ช่วงฤดูหนาว  ก็จำเป็นต้องเตรียมเสื้อผ้าอุ่น ๆ ไปให้เพียงพอ (เนื่องจากยิ่งขึ้นเหนืออากาศก็ยิ่งหนาว)
thai_0658,tha_Thai.dev,658,วันที่มีเวลายาวนานในฤดูร้อนอาจทำให้นอนหลับได้ไม่เพียงพอจนนำมาซึ่งปัญหาด้านสุขภาพที่เกี่ยวข้อง
thai_0659,tha_Thai.dev,659,ในช่วงฤดูร้อนต้องระวังยุงนอร์ดิกด้วย แม้ว่าพวกมันจะไม่ได้นำโรคใด ๆ แต่ก็อาจทำให้ระคายเคืองได้
thai_0660,tha_Thai.dev,660,แม้ว่าเศรษฐกิจของซานฟรานซิสโกจะเกี่ยวพันกับการเป็นแหล่งท่องเที่ยวระดับโลก แต่เศรษฐกิจของที่นี่ก็มีความหลากหลาย
thai_0661,tha_Thai.dev,661,ภาคการจ้างงานที่ใหญ่ที่สุด ได้แก่ การให้บริการระดับมืออาชีพ รัฐบาล การเงิน การค้า และการท่องเที่ยว
thai_0662,tha_Thai.dev,662,การปรากฏอยู่ในเพลง ภาพยนตร์ วรรณกรรม และวัฒนธรรมสมัยนิยมอยู่บ่อยครั้ง ทำให้เมืองนี้และสถานที่สำคัญต่าง ๆ ในเมืองโด่งดังไปทั่วโลก
thai_0663,tha_Thai.dev,663,ซานฟรานซิสโกได้พัฒนาโครงสร้างพื้นฐานทางการท่องเที่ยวขนานใหญ่จนมีโรงแรม ภัตตาคาร และสิ่งอํานวยความสะดวกสําหรับจัดประชุมชั้นนําจำนวนมาก
thai_0664,tha_Thai.dev,664,ซานฟรานซิสโกยังเป็นหนึ่งในแหล่งรวมอาหารเอเชียที่ดีที่สุดของประเทศ ที่นี่มีทั้งอาหารเกาหลี ไทย อินเดีย และญี่ปุ่น
thai_0665,tha_Thai.dev,665,การเดินทางไปยังวอลต์ดิสนีย์เวิลด์นั้นเป็นดั่งการเดินทางแสวงบุญครั้งใหญ่ของครอบครัวชาวอเมริกันหลายครอบครัว
thai_0666,tha_Thai.dev,666,"การท่องเที่ยวตาม ""แบบฉบับ"" ได้แก่ การบินไปลงที่สนามบินนานาชาติออร์แลนโด นั่งรถบัสไปยังโรงแรมดิสนีย์ซึ่งตั้งอยู่ในตัวสวนสนุก จากนั้นก็ใช้เวลาราวหนึ่งสัปดาห์อยู่ในดินแดนดิสนีย์โดยไม่ออกไปไหน แล้วจึงกลับบ้าน"
thai_0667,tha_Thai.dev,667,"มีความเป็นไปได้ที่หลากหลายอย่างไม่จบไม่สิ้น แต่นี่ยังคงเป็นสิ่งที่คนส่วนใหญ่หมายถึงเมื่อพวกเขาพูดถึง ""การไปดิสนีย์เวิลด์"""
thai_0668,tha_Thai.dev,668,ตั๋วมากมายที่ขายทางออนไลน์ผ่านเว็บไซต์ประมูลสินค้า อย่างเช่น อีเบย์ หรือ เครกส์ลิสต์ เป็นตั๋วที่ใช้งานได้หลายที่พร้อมกันในหลายวัน
thai_0669,tha_Thai.dev,669,แม้ว่านี่จะเป็นกิจกรรมที่พบเห็นได้ทั่วไปมาก ๆ แต่ดิสนีย์ไม่อนุญาต ดังนั้น ไม่สามารถโอนตั๋วให้ผู้อื่น
thai_0670,tha_Thai.dev,670,หากต้องการตั้งแคมป์ในพื้นที่ต่ำกว่าชายขอบในแกรนด์แคนยอนจะต้องมีใบอนุญาตเข้าพื้นที่ทุรกันดาร
thai_0671,tha_Thai.dev,671,มีการจำกัดใบอนุญาตเพื่อปกป้องหุบเขา และจะสามารถขอรับได้ในวันแรกของเดือน เป็นเวลา 4 เดือนก่อนเดือนที่เริ่มเปิด
thai_0672,tha_Thai.dev,672,ดังนั้น ใบอนุญาตเข้าสู่เขตทุรกันดารสำหรับวันที่เริ่มต้นวันที่ใดก็ตามในเดือนพฤษภาคมจะมีให้ในวันที่ 1 มกราคม
thai_0673,tha_Thai.dev,673,พื้นที่สำหรับสถานที่ยอดนิยมที่สุด อย่างเช่น Bright Angel Campground ซึ่งอยู่ติดกับ Phantom Ranch โดยทั่วไปแล้วมักจะมีคนขอจองจนเต็มตั้งแต่ในวันแรกที่เปิดให้จอง
thai_0674,tha_Thai.dev,674,การอนุญาตที่สงวนไว้สำหรับการขอเข้าชมโดยไม่ได้นัดล่วงหน้ามีจำนวนจำกัด และให้บริการตามลำดับก่อนหลัง
thai_0675,tha_Thai.dev,675,การขับรถยนต์เข้าสู่แอฟริกาตอนใต้ทำให้สามารถดื่มด่ำกับความงดงามในพื้นที่ได้อย่างเต็มอิ่ม อีกทั้งยังสามารถแวะเยี่ยมชมสถานที่ต่าง ๆ นอกเส้นทางท่องเที่ยวทั่วไปได้
thai_0676,tha_Thai.dev,676,การเดินทางเช่นนี้สามารถใช้รถธรรมดา แต่ต้องวางแผนอย่างรอบคอบ แต่ขอแนะนำให้ใช้ รถ 4x4 มากกว่า และหลายสถานต้องใช้รถ 4x4 ยกสูงเท่านั้นจึงจะเข้าถึงได้
thai_0677,tha_Thai.dev,677,พึงระลึกในขณะที่กำลังวางแผนว่าแม้แอฟริกาตอนใต้จะมีเสถียรภาพ แต่ก็ไม่ได้หมายความว่าประเทศเพื่อนบ้านทั้งหมดจะเป็นเช่นนั้น
thai_0678,tha_Thai.dev,678,ข้อกำหนดและค่าใช้จ่ายในการยื่นขอวีซ่าแตกต่างกันในแต่ละประเทศและได้รับผลกระทบจากประเทศที่คุณมา
thai_0679,tha_Thai.dev,679,แต่ละประเทศยังมีกฎหมายเฉพาะที่กำหนดว่าจำเป็นต้องมีสิ่งของฉุกเฉินอะไรไว้รถยนต์บ้างอีกด้วย
thai_0680,tha_Thai.dev,680,วิกตอเรีย ฟอลส์ คือเมืองในส่วนตะวันตกของซิมบับเว อยู่ตรงข้ามกับชายแดนจากลิฟวิงสโตน แซมเบีย และใกล้บอตสวานา
thai_0681,tha_Thai.dev,681,เมืองนี้อยู่ติดกับน้ำตก และทั้งสองต่างก็เป็นแหล่งท่องเที่ยวสำคัญ แต่จุดหมายปลายทางด้านการท่องเที่ยวยอดนิยมนี้สามารถตอบสนองได้ทั้งผู้แสวงหาการผจญภัยและผู้ต้องการเที่ยวชมทัศนียภาพ โดยมีโอกาสสำหรับการพำนักระยะยาวมากมาย
thai_0682,tha_Thai.dev,682,ในช่วงฤดูฝน (พฤศจิกายนถึงมีนาคม) ปริมาณน้ำจะเพิ่มสูงขึ้น และน้ำตกจะยิ่งรุนแรงมากขึ้น
thai_0683,tha_Thai.dev,683,รับประกันได้ว่าคุณจะตัวเปียกปอนหากข้ามสะพานหรือเดินไปตามเส้นทางเลี้ยวลดคดเคี้ยวใกล้น้ำตก
thai_0684,tha_Thai.dev,684,ในทางกลับกัน สาเหตุที่แน่นอนก็คือปริมาณน้ำสูงมากจนน้ำทั้งหมดบดบังไม่ให้คุณได้ชมน้ำตกที่แท้จริง!
thai_0685,tha_Thai.dev,685,หลุมฝังพระศพแห่งทุตอังค์อามุน (KV62) KV62 อาจเป็นสุสานที่มีชื่อเสียงที่สุดในหุบเขาซึ่งเป็นสถานที่ที่ ฮาเวิร์ด คาร์เตอร์ ค้นพบที่ฝังพระศพของกษัตริย์หนุ่มในปี 1922 ในสภาพเกือบสมบูรณ์
thai_0686,tha_Thai.dev,686,หลุมฝังศพของฟาโรห์ตุตันคามุนแทบจะไม่คุ้มค่าแก่การเยี่ยมชมเมื่อเทียบกับสุสานส่วนใหญ่ของราชวงศ์อื่น ๆ เนื่องจากมีขนาดเล็กกว่ามาก อีกทั้งยังมีการตกแต่งประดับประดาที่จำกัด
thai_0687,tha_Thai.dev,687,ใครก็ตามที่อยากเห็นความเสียหายที่เกิดขึ้นกับมัมมี่จากการพยายามนำออกมาจากโลงศพคงต้องผิดหวังเพราะจะเห็นได้แต่เพียงส่วนศีรษะกับไหล่เท่านั้น
thai_0688,tha_Thai.dev,688,การตกแต่งที่หรูหราอลังการของหลุมฝังศพไม่หลงเหลืออยู่ในสุสานอีกต่อไป หากแต่ถูกนำไปจัดแสดงในพิพิธภัณฑ์อียิปต์ในกรุงไคโร
thai_0689,tha_Thai.dev,689,จะเป็นการดีที่สุดสำหรับนักท่องเที่ยวที่มีเวลาจำกัดที่จะไปใช้เวลาที่อื่น
thai_0690,tha_Thai.dev,690,พนมกรอมอยู่ห่างจากจังหวัดเสียมเรียบไปทางทิศตะวันตกเฉียงใต้ 12 กม. ปราสาทบนยอดเขาแห่งนี้ถูกสร้างขึ้นในปลายศตวรรษที่ 9 ในสมัยของพระเจ้ายโสวรมัน
thai_0691,tha_Thai.dev,691,บรรยากาศมืดสลัวในบริเวณวัดและทิวทัศน์เหนือทะเลสาบโตนเลสาบทำให้การปีนขึ้นสู่เนินเขาเป็นเรื่องที่คุ้มค่า
thai_0692,tha_Thai.dev,692,การเยี่ยมชมสถานที่สามารถทำร่วมกับการล่องเรือออกไปสู่ทะเลสาบได้โดยสะดวก
thai_0693,tha_Thai.dev,693,การเข้าวัดจะต้องใช้บัตร Angkor Pass ดังนั้นเมื่อจะเดินทางไปโตนเลสาบ โปรดอย่าลืมนำหนังสือเดินทางติดตัวไปด้วย
thai_0694,tha_Thai.dev,694,กรุงเยรูซาเล็มเป็นเมืองหลวง และยังเป็นเมืองที่ใหญ่ที่สุดของอิสราเอล ทว่าประเทศอื่น ๆ ส่วนใหญ่และสหประชาชาติไม่ยอมรับว่าที่นี่เป็นเมืองหลวงของอิสราเอล
thai_0695,tha_Thai.dev,695,เมืองโบราณบนเนินเขาจูเดียนมีประวัติศาสตร์ยาวนานหลายพันปีที่น่าตื่นตาตื่นใจ
thai_0696,tha_Thai.dev,696,เมืองแห่งนี้เป็นเมืองศักดิ์สิทธิ์ของศาสนาที่มีความเชื่อแบบเอกเทวนิยมถึงสามศาสนา ได้แก่ ยูดาห์ คริสต์ และอิสลาม ทั้งยังทำหน้าที่เป็นศูนย์กลางทางจิตวิญญาณ ศาสนา และวัฒนธรรมอีกด้วย
thai_0697,tha_Thai.dev,697,การที่เมืองแห่งนี้มีความสำคัญทางศาสนา โดยเฉพาะอย่างยิ่งหลายสถานที่ในเขตเมืองเก่า ทำให้เยรูซาเล็มเป็นปลายทางหลักแห่งหนึ่งของนักท่องเที่ยวในอิสราเอล
thai_0698,tha_Thai.dev,698,กรุงเยรูซาเล็มมีสถานที่ทางประวัติศาสตร์ โบราณคดี และวัฒนธรรมอยู่มากมาย ตลอดจนศูนย์การค้า ร้านกาแฟ และร้านอาหารที่มีชีวิตชีวาและพลุกพล่าน
thai_0699,tha_Thai.dev,699,เอกวาดอร์มีข้อกำหนดให้พลเมืองคิวบาต้องได้รับหนังสือเชิญจึงจะสามารถเดินทางข้ามเข้าสู่เขตแดนเอกวาดอร์ผ่านสนามบินนานาชาติหรือด่านตรวจคนเข้าเมืองที่พรมแดน
thai_0700,tha_Thai.dev,700,จดหมายฉบับนี้จำเป็นต้องได้รับการรับรองให้ถูกกฎหมายโดยกระทรวงการต่างประเทศของเอกวาดอร์ และจะต้องปฏิบัติตามข้อบังคับบางประการ
thai_0701,tha_Thai.dev,701,ข้อกำหนดเหล่านี้ถูกออกแบบขึ้นเพื่อให้การอพยพย้ายถิ่นฐานระหว่างทั้งสองประเทศมีระเบียบแบบแผน
thai_0702,tha_Thai.dev,702,พลเมืองคิวบาซึ่งเป็นผู้ถือกรีนการ์ดของสหรัฐฯ ควรไปที่สถานกงสุลเอกวาดอร์เพื่อขอรับการยกเว้นข้อกำหนดนี้
thai_0703,tha_Thai.dev,703,หนังสือเดินทางของคุณต้องมีอายุมากกว่า 6 เดือนนับต่อจากวันที่เดินทางของคุณ ต้องมีตั๋วเดินทางไป-กลับเพื่อให้สามารถพิสูจน์ระยะเวลาการพำนักของคุณได้
thai_0704,tha_Thai.dev,704,ยิ่งท่องเที่ยวเป็นกลุ่มใหญ่ยิ่งมีค่าใช้จ่ายที่ถูกลง ดังนั้น เมื่อคุณท่องเที่ยวตัวคนเดียวหรือไปกับเพื่อนอีกหนึ่งคน ลองจับกลุ่มกับนักท่องเที่ยวคนอื่น ๆ ประมาณสี่ถึงหกคนเพื่อลดค่าใช้จ่ายต่อคน
thai_0705,tha_Thai.dev,705,อย่างไรก็ตาม คุณไม่ควรกังวลเรื่องนี้ เพราะนักท่องเที่ยวมักถูกสับเปลี่ยนเพื่อให้รถเต็มอยู่บ่อย ๆ
thai_0706,tha_Thai.dev,706,นี่ดูเหมือนเป็นวิธีการหลอกล่อให้ผู้คนเชื่อว่าต้องจ่ายเงินเพิ่มเสียมากกว่า
thai_0707,tha_Thai.dev,707,ภูเขาสูงชันลูกนี้ตั้งตระหง่านอยู่ทางปลายฝั่งเหนือของมาชูปิกชูซึ่งมักจะเป็นฉากหลังของรูปถ่ายสถานที่ปรักหักพังแห่งนี้
thai_0708,tha_Thai.dev,708,อาจดูน่ากลัวเล็กน้อยเมื่อมองจากด้านล่างและเป็นทางขึ้นที่สูงชันและยากลำบาก แต่คนส่วนใหญ่ที่แข็งแรงพอควรจะขึ้นไปได้สำเร็จภายในเวลาประมาณ 45 นาที
thai_0709,tha_Thai.dev,709,มีการวางบันไดหินตามเส้นทางส่วนใหญ่ และในบริเวณที่สูงชันจะมีเส้นเหล็กเป็นราวจับ
thai_0710,tha_Thai.dev,710,ถึงอย่างนั้นก็คาดได้เลยว่าจะต้องหายใจหอบ และต้องระวังในส่วนที่ลาดชันกว่าโดยเฉพาะเมื่อเปียก เนื่องจากอาจเกิดอันตรายได้อย่างรวดเร็ว
thai_0711,tha_Thai.dev,711,มีถ้ำขนาดเล็กอยู่ใกล้กับด้านบนสุดที่จะต้องทะลุผ่าน ซึ่งเพดานค่อนข้างต่ำและคับแคบ
thai_0712,tha_Thai.dev,712,วิธีชมสถานที่และสัตว์ป่าในกาลาปากอสที่ดีที่สุดคือการนั่งเรือ เช่นเดียวกับที่ชาร์ลส์ ดาร์วิน ทำในปี 1835
thai_0713,tha_Thai.dev,713,เรือสำราญมากกว่า 60 ลำล่องไปตามน่านน้ำในกาลาปากอส โดยมีขนาดบรรทุกผู้โดยสารตั้งแต่ 8 ถึง 100 คน
thai_0714,tha_Thai.dev,714,คนส่วนใหญ่จะจองที่นั่งตนเองล่วงหน้า (เนื่องจากในช่วงฤดูท่องเที่ยวเรือมักเต็ม)
thai_0715,tha_Thai.dev,715,ตรวจสอบให้แน่ใจว่าตัวแทนที่คุณจองผ่านมีความเชี่ยวชาญเกี่ยวกับกาลาปากอส และมีความรู้เป็นอย่างดีเกี่ยวกับเรือประเภทต่าง ๆ
thai_0716,tha_Thai.dev,716,วิธีนี้จะทำให้มั่นใจได้ว่าความสนใจและ/หรือเงื่อนไขเฉพาะของคุณตรงกับเรือที่เหมาะสมที่สุดสำหรับสิ่งเหล่านั้น
thai_0717,tha_Thai.dev,717,ก่อนที่ชาวสเปนจะมาที่นี่ในศตวรรษที่ 16 ตอนเหนือของชิลีอยู่ภายใต้การปกครองของจักรวรรดิอินคา ส่วนชนพื้นเมืองอาเรากานิอา (ชาวมาปูเช) อาศัยอยู่ในตอนกลางและตอนใต้ของชิลี
thai_0718,tha_Thai.dev,718,ชาว Mapuche เป็นหนึ่งในชนเผ่าพื้นเมืองอเมริกันเสรีกลุ่มสุดท้ายซึ่งยังไม่ถูกกลืนเข้าสู่การปกครองของเขตพื้นที่ที่ใช้ภาษาสเปนจนกระทั่งหลังจากการได้รับเอกราชของชิลี (1)
thai_0719,tha_Thai.dev,719,แม้ว่าชิลีจะประกาศเอกราชในปี ค.ศ. 1810 (ท่ามกลางสงครามนโปเลียนซึ่งเป็นเหตุให้สเปนไม่มีรัฐบาลกลางที่ทำงานได้อยู่นานราวสองปี) แต่ชัยชนะที่เด็ดขาดเหนือชาวสเปนก็ยังไม่บรรลุผลสำเร็จจนกระทั่งถึงปี ค.ศ. 1818
thai_0720,tha_Thai.dev,720,สาธารณรัฐโดมินิกัน (ภาษาสเปน คือ República Dominicana) เป็นประเทศในทะเลแคริบเบียนที่ครอบครองเกาะ Hispaniola ฝั่งตะวันออกร่วมกับเฮติ
thai_0721,tha_Thai.dev,721,นอกจากหาดทรายสีขาวกับทิวทัศน์ที่เต็มไปด้วยภูเขาแล้ว ประเทศนี้ยังเป็นที่ตั้งของเมืองของชาวยุโรปที่เก่าแก่ที่สุดในอเมริกา ซึ่งในปัจจุบันเป็นส่วนหนึ่งของซานโตโดมิงโก
thai_0722,tha_Thai.dev,722,"โดยแรกเริ่มเกาะนี้เป็นที่อยู่อาศัยของชาว Taínos และ Caribes ชาว Caribes เป็นกลุ่มคนที่พูดภาษาอาราวากันที่มาถึงที่นี่เมื่อราว 10,000 ปีก่อนคริสตกาล"
thai_0723,tha_Thai.dev,723,ภายในเวลาไม่กี่ปี หลังจากการมาถึงของนักสำรวจชาวยุโรปจำนวนประชากรชาวไทโนได้ลดลงอย่างมีนัยสำคัญโดยผู้พิชิตชาวสเปน
thai_0724,tha_Thai.dev,724,"อ้างอิงจาก ฟราย บาร์โตโลเม เด ลาส คาซาส (ตราตาโด เด ลาส อินเดียส) ระหว่างปี ค.ศ. 1492 ถึง 1498 ผู้พิชิตชาวสเปนได้สังหารชาวไทนอสไปประมาณ 100,000 คน"
thai_0725,tha_Thai.dev,725,Jardín de la Unión ได้รับการสร้างขึ้นเพื่อเป็นห้องโถงสำหรับสำนักแม่ชีในสมัยศตวรรษที่ 17 โดยมี Templo de San Diego เหลือรอดอยู่เพียงอาคารเดียว
thai_0726,tha_Thai.dev,726,ตอนนี้เป็นเหมือนพลาซ่าศูนย์รวมการจับจ่ายซื้อของ และมักมีกิจกรรมที่หลากหลายเกิดขึ้นตลอดเวลาทั้งกลางวันและกลางคืน
thai_0727,tha_Thai.dev,727,มีร้านอาหารจำนวนหนึ่งอยู่รอบ ๆ สวน ในช่วงบ่ายและเย็นมักมีการแสดงคอนเสิร์ตให้ชมฟรีจากศาลากลาง
thai_0728,tha_Thai.dev,728,Callejon del Beso (Alley of the Kiss) ระเบียงสองแห่งที่อยู่ห่างกันเพียง 69 เซนติเมตรนี้เป็นที่กำเนิดของตำนานความรักที่เก่าแก่ตำนานหนึ่ง
thai_0729,tha_Thai.dev,729,เด็ก ๆ จะบอกเล่าเรื่องราวให้คุณฟังโดยแลกกับเงินเพียงไม่กี่เพนนี
thai_0730,tha_Thai.dev,730,เกาะโบเวนเป็นสถานที่ท่องเที่ยวยอดนิยมแบบไปเช้าเย็นกลับหรือท่องเที่ยวในสุดสัปดาห์ ซึ่งมีทั้งการพายเรือคายัค เดินป่า ร้านค้า ร้านอาหาร และอื่นๆ อีกมากมาย
thai_0731,tha_Thai.dev,731,ชุมชนที่แท้จริงแห่งนี้ตั้งอยู่ในฮาวซาวด์ใกล้ ๆ กับแวนคูเวอร์ และสามารถเข้าถึงได้อย่างง่ายดายโดยเรือโดยสารที่ออกเดินทางจากเกาะแกรนวิลล์ในย่านตัวเมืองแวนคูเวอร์
thai_0732,tha_Thai.dev,732,สำหรับผู้ที่ชื่นชอบการทำกิจกรรมกลางแจ้ง การเดินขึ้นไปตามทางเดิน Sea to Sky เป็นสิ่งที่พลาดไม่ได้
thai_0733,tha_Thai.dev,733,วิสต์เลอร์ (ห่างจากแวนคูเวอร์ 1.5 โดยรถยนต์) นั้นแพง แต่โด่งดังมาจากโอลิมปิกฤดูหนาวปี 2010
thai_0734,tha_Thai.dev,734,สนุกไปกับการเล่นสกีที่ดีที่สุดในอเมริกาเหนือในฤดูหนาว และลองขี่จักรยานภูเขาแบบแท้ ๆ ในฤดูร้อน
thai_0735,tha_Thai.dev,735,ต้องจองใบอนุญาตไว้ล่วงหน้า คุณต้องมีใบอนุญาตจึงจะพักแรมที่ Sirena ได้
thai_0736,tha_Thai.dev,736,"Sirena เป็นสถานีเจ้าหน้าที่พิทักษ์ป่าเพียงแห่งเดียวที่ให้บริการที่พักแบบหอพักและอาหารปรุงร้อนนอกเหนือจากการตั้งแคมป์ ส่วน La Leona, San Pedrillo และ Los Patos ให้บริการเฉพาะการตั้งแคมป์เท่านั้นโดยไม่มีบริการอาหาร"
thai_0737,tha_Thai.dev,737,เราสามารถขอหนังสืออนุญาตจอดรถจาก Ranger Station ใน Puerto Jiménez ได้โดยตรง แต่ทางนั้นจะไม่รับบัตรเครดิต
thai_0738,tha_Thai.dev,738,อุทยาน (MINAE) จถไม่ออกใบอนุญาตเข้าอุทยานล่วงหน้าก่อนวันที่คาดว่าจะมาถึงนานเกินหนึ่งเดือน
thai_0739,tha_Thai.dev,739,CafeNet El Sol ให้บริการการจองด้วยค่าธรรมเนียม 30 ดอลลาร์สหรัฐ หรือ 10 ดอลลาร์สหรัฐ สำหรับบัตรผ่านหนึ่งวัน มีรายละเอียดบนหน้าเพจ Corcovado
thai_0740,tha_Thai.dev,740,หมู่เกาะคุก เป็นประเทศที่เป็นเกาะซึ่งมีความสัมพันธ์กับนิวซีแลนด์อย่างเสรี โดยตั้งอยู่ในโพลินีเซีย กลางมหาสมุทรแปซิฟิกใต้
thai_0741,tha_Thai.dev,741,ที่นี่เป็นหมู่เกาะที่มีเกาะ 15 แห่งกระจายตัวครอบคลุมพื้นที่มากกว่า 2.2 ล้านตารางกิโลเมตรภายในมหาสมุทรนี้
thai_0742,tha_Thai.dev,742,"เนื่องจากอยู่ในเขตเวลาเดียวกันกับฮาวาย จึงทำให้หมู่เกาะแห่งนี้ถูกมองว่าเป็น ""ฮาวายแห่งซีกโลกใต้"""
thai_0743,tha_Thai.dev,743,แม้จะมีขนาดเล็กกว่า แต่ที่นี่ก็ชวนให้ผู้มาเยือนที่มีอายุนึกถึงฮาวายก่อนจะมีฐานะเป็นรัฐซึ่งไม่มีโรงแรมขนาดใหญ่สำหรับนักท่องเที่ยวและการพัฒนาอื่น ๆ
thai_0744,tha_Thai.dev,744,หมู่เกาะคุกไม่มีเมืองใด ๆ ทั้งสิ้น ทว่าประกอบไปด้วยเกาะต่าง ๆ 15 เกาะ ซึ่งเกาะที่สำคัญได้แก่ Rarotonga และ Aitutaki
thai_0745,tha_Thai.dev,745,ปัจจุบัน ในประเทศที่พัฒนาแล้ว การให้บริการที่พักหรูพร้อมอาหารเช้าได้ถูกยกระดับให้เป็นศิลปะรูปแบบหนึ่งไปแล้ว
thai_0746,tha_Thai.dev,746,ในส่วนที่สำคัญที่สุด เห็นได้ชัดว่าที่พักประเภท B&B แข่งขันกันในสองสิ่งเป็นหลัก คือ ที่นอนและอาหารเช้า
thai_0747,tha_Thai.dev,747,ดังนั้น ในสถานประกอบการที่ดีจึงมักจะพบชุดเครื่องนอนสุดหรูหรา โดยอาจจะเป็นผ้านวมที่ทำด้วยมือหรือเตียงโบราณ
thai_0748,tha_Thai.dev,748,อาหารเช้าอาจรวมถึงอาหารประจำถิ่นตามฤดูกาล หรืออาหารจานถนัดของเจ้าของที่พัก
thai_0749,tha_Thai.dev,749,สถานที่อาจเป็นอาคารเก่าแก่ที่มีเครื่องตกแต่งโบราณ มีบริเวณที่ตกแต่งอย่างงดงาม และสระว่ายน้ำ
thai_0750,tha_Thai.dev,750,การขึ้นรถของตัวเองแล้วออกเดินทางไกลบนท้องถนนมีเสน่ห์ดึงดูดอย่างแท้จริงในความเรียบง่าย
thai_0751,tha_Thai.dev,751,คุณอาจคุ้นเคยกับการขับรถและรู้ข้อจำกัดของรถคุณอยู่แล้ว ซึ่งต่างจากรถขนาดใหญ่
thai_0752,tha_Thai.dev,752,การตั้งเต็นท์บนพื้นที่ทรัพย์สินส่วนตัวหรือในเมืองขนาดใดก็ตาม สามารถดึงดูดความสนใจที่ไม่พึงประสงค์ได้โดยง่าย
thai_0753,tha_Thai.dev,753,"กล่าวโดยสรุปคือการใช้รถของคุณเองเป็นวิธีที่ดีในการขับรถท่องเที่ยว แต่แทบจะไม่ใช่วิธีที่เหมาะสมสำหรับการ ""ตั้งแคมป์"" เลย"
thai_0754,tha_Thai.dev,754,คุณสามารถตั้งแคมป์ในรถยนต์ได้หากมีรถมินิแวน รถอเนกประสงค์ รถซีดาน หรือรถสเตชันแวกอนขนาดใหญ่พร้อมที่นั่งแบบปรับเอนได้
thai_0755,tha_Thai.dev,755,บางโรงแรมมีมรดกที่ตกทอดมาจากยุคทองของรถไฟไอน้ำและเรือเดินสมุทร สมัยก่อนสงครามโลกครั้งที่สองในศตวรรษที่ 19 หรือต้นศตวรรษที่ 20
thai_0756,tha_Thai.dev,756,โรงแรมเหล่านี้เป็นโรงแรมที่คนรวยและคนมีชื่อเสียง ณ ขณะนั้นเข้าพัก และมักมีอาหารชั้นเลิศและกิจกรรมบันเทิงยามค่ำคืน
thai_0757,tha_Thai.dev,757,เครื่องตกแต่งที่ล้าสมัย การขาดสิ่งอำนวยความสะดวกทันสมัย และการมีอายุอย่างสง่างามนับเป็นส่วนหนึ่งของลักษณะเฉพาะตัวของโรงแรมเหล่านั้นเช่นกัน
thai_0758,tha_Thai.dev,758,แม้ว่าตามปกติแล้วโรงแรมเหล่านั้นมักเป็นของเอกชน ทว่าบางครั้งก็มีโอกาสได้รับรองประมุขแห่งรัฐและบุคคลสำคัญอื่น ๆ
thai_0759,tha_Thai.dev,759,นักเดินทางที่มีเงินมากมายก่ายกองอาจพิจารณาเที่ยวบินรอบโลกซึ่งแบ่งช่วงเป็นการพักในโรงแรมเหล่านี้หลายแห่ง
thai_0760,tha_Thai.dev,760,เครือข่ายแลกเปลี่ยนที่พัก คือองค์กรที่เชื่อมโยงนักเดินทางกับผู้คนในท้องถิ่นในเมืองต่าง ๆ ที่พวกเขาจะไปเยือน
thai_0761,tha_Thai.dev,761,การเข้าร่วมเครือข่ายดังกล่าวมักต้องกรอกแบบฟอร์มออนไลน์เท่านั้น ทว่าบางเครือข่ายจะเสนอหรือต้องการการตรวจสอบยืนยันเพิ่มเติม
thai_0762,tha_Thai.dev,762,จากนั้นจะมีการมอบรายชื่อเจ้าบ้านที่มีอยู่ในรูปแบบสิ่งพิมพ์และ/หรือออนไลน์ บางครั้งอาจมีการอ้างอิงและคำติชมจากนักเดินทางคนอื่น ๆ
thai_0763,tha_Thai.dev,763,Couchsurfing ก่อตั้งขึ้นในเดือนมกราคมปี 2004 หลังจาก เคซีย์ เฟนตัน ซึ่งเป็นนักเขียนโปรแกรมคอมพิวเตอร์พบเที่ยวบินราคาถูกไปยังไอซ์แลนด์แต่ไม่หาที่พักไม่ได้
thai_0764,tha_Thai.dev,764,เขาส่งอีเมลถึงนักศึกษามหาวิทยาลัยในท้องถิ่นและได้รับข้อเสนอที่พักฟรีจำนวนมาก
thai_0765,tha_Thai.dev,765,โฮสเทลให้บริการคนหนุ่มสาวเป็นหลัก ผู้เข้าพักโดยทั่วไปอยู่ในช่วงวัยยี่สิบ แต่ก็สามารถพบนักท่องเที่ยวที่มีอายุมากกว่านั้นด้วยเช่นกัน
thai_0766,tha_Thai.dev,766,แทบจะไม่พบเห็นครอบครัวที่พาเด็ก ๆ มาด้วย แต่บางโฮสเทลก็อนุญาตให้เด็กเข้าพักในห้องส่วนตัว
thai_0767,tha_Thai.dev,767,เมืองปักกิ่งในประเทศจีนจะเป็นเมืองเจ้าภาพจัดการแข่งขันกีฬาโอลิมปิกฤดูหนาวในปีค.ศ. 2022 ซึ่งจะทำให้ที่นี่เป็นเมืองแรกที่เป็นเจ้าภาพสำหรับทั้งโอลิมปิกฤดูร้อนและฤดูหนาว
thai_0768,tha_Thai.dev,768,ปักกิ่งจะเป็นเจ้าภาพจัดพิธีเปิดและปิดรวมถึงงานน้ำแข็งในร่ม
thai_0769,tha_Thai.dev,769,การแข่งขันสกีรายการอื่น ๆ จะจัดขึ้นที่ลานสกี Taizicheng ในจางเจี๋ยโกวซึ่งอยู่ห่างจากปักกิ่งราว 220 กม. (140 ไมล์)
thai_0770,tha_Thai.dev,770,วัดส่วนใหญ่มีงานเทศกาลประจำปีซึ่งเริ่มตั้งแต่ปลายเดือนพฤศจิกายนไปจนถึงกลางเดือนพฤษภาคม โดยจะแตกต่างกันไปตามปฏิทินประจำปีของแต่ละวัด
thai_0771,tha_Thai.dev,771,เทศกาลส่วนใหญ่ของวัดจัดขึ้นเพื่อเฉลิมฉลองวันครบรอบของวัด หรือวันจุติของเทพเจ้า หรือเหตุการณ์สำคัญอื่นใดก็ตามที่เกี่ยวข้องกับวัด
thai_0772,tha_Thai.dev,772,งานเทศกาลของวัดใน Kerala นั้นน่าสนใจมาก โดยปกติแล้วจะมีขบวนช้างที่ได้รับการตกแต่งประดับประดา วงออเคสตร้าประจำวัด และการเฉลิมฉลองอื่น ๆ
thai_0773,tha_Thai.dev,773,งานนิทรรศการโลก (โดยทั่วไปเรียกว่า งานมหกรรมโลก หรือเพียงแค่งาน เอ็กซ์โป) คืองานเทศกาลขนาดใหญ่ระดับนานาชาติเกี่ยวกับศิลปะและวิทยาศาสตร์
thai_0774,tha_Thai.dev,774,ประเทศที่เข้าร่วมโครงการจะจัดแสดงผลงานทางด้านศิลปะและการศึกษาในศาลาแห่งชาติ เพื่อนำเสนอปัญหาที่โลกกำลังประสบพบเจอ หรือประวัติศาสตร์และวัฒนธรรมในประเทศของตน
thai_0775,tha_Thai.dev,775,International Horticultural Expositions คือกิจกรรมพิเศษที่มีการจัดแสดงดอกไม้ สวนพฤกษศาสตร์ และสิ่งอื่น ๆ ที่เกี่ยวข้องกับพืช
thai_0776,tha_Thai.dev,776,แม้ว่าในทางทฤษฎีอาจจัดงานประเภทนี้ได้ทุกปี (ตราบเท่าที่จัดในประเทศที่แตกต่างกันออกไป) แต่ในทางปฏิบัติไม่ได้เป็นเช่นนั้น
thai_0777,tha_Thai.dev,777,ปกติแล้วกิจกรรมเหล่านี้จะกินเวลาระหว่างสามถึงหกเดือนและจัดขึ้นในพื้นที่ซึ่งมีขนาดไม่เกิน 50 เฮกตาร์
thai_0778,tha_Thai.dev,778,มีการใช้ฟิล์มรูปแบบต่าง ๆ มากมายในช่วงหลายปีที่ผ่านมา ฟิล์มมาตรฐาน 35 มม. (เนกาทีฟ 36 x 24 มม.) เป็นฟิล์มที่พบได้บ่อยที่สุด
thai_0779,tha_Thai.dev,779,หากว่าคุณใช้หมดก็สามารถหามาใช้ใหม่ได้ค่อนข้างง่าย และมันก็ให้ความละเอียดภาพที่จัดได้ว่าดีพอ ๆ กับกล้องแบบ DSLR ในปัจจุบัน
thai_0780,tha_Thai.dev,780,กล้องใช้ฟิล์มขนาดกลางบางรุ่นใช้รูปแบบ 6 x 6 ซม. ที่มีความแม่นยำกว่า 56 x 56 มม.
thai_0781,tha_Thai.dev,781,ซึ่งให้ความละเอียดเกือบสี่เท่าของฟิล์มเนกาทีฟ 35 มม. (3136 กับ 864 ตร.มม. )
thai_0782,tha_Thai.dev,782,สัตว์ป่าเป็นแนวคิดหนึ่งที่ท้าทายที่สุดสำหรับช่างภาพและจำเป็นต้องมีความโชคดี ความอดทน ประสบการณ์และอุปกรณ์ที่ดีผสมผสานกัน
thai_0783,tha_Thai.dev,783,การถ่ายภาพสัตว์ป่ามักถูกมองข้าม แต่ภาพสัตว์หนึ่งภาพมีค่าเท่ากับหนึ่งพันคำเช่นเดียวกับการถ่ายภาพโดยทั่วไป
thai_0784,tha_Thai.dev,784,การถ่ายภาพสัตว์ป่ามักต้องใช้เลนส์ซูมระยะไกลมาก แต่สิ่งต่าง ๆ อย่างเช่น ฝูงนกหรือสิ่งมีชีวิตขนาดเล็กจำเป็นต้องใช้เลนส์อื่น ๆ
thai_0785,tha_Thai.dev,785,สัตว์แปลกจำนวนมากเป็นสัตว์ที่หายาก และบางครั้งสวนสาธารณะก็มีกฎต่าง ๆ เกี่ยวกับการถ่ายภาพเพื่อการค้า
thai_0786,tha_Thai.dev,786,สัตว์ป่าอาจขี้อายหรือก้าวร้าวก็ได้ สภาพแวดล้อมอาจเย็น ร้อน หรือยากลำบาก
thai_0787,tha_Thai.dev,787,"โลกนี้มีภาษาต่าง ๆ มากกว่า 5,000 ภาษา ซึ่งยังมีภาษาที่มีผู้พูดมากกว่า 50 ล้านคนอยู่มากกว่ายี่สิบภาษา"
thai_0788,tha_Thai.dev,788,คำที่เขียนเป็นลายลักษณ์อักษรมักจะเข้าใจได้ง่ายกว่าคำพูดเช่นกัน โดยเฉพาะอย่างยิ่งรายละเอียดที่อยู่ ซึ่งมักอ่านออกเสียงเข้าใจยาก
thai_0789,tha_Thai.dev,789,หลายประเทศที่ประชากรทุกคนใช้ภาษาอังกฤษได้อย่างคล่องแคล่วทั่วทั้งประเทศ และยิ่งไปกว่านั้นคุณคาดการณ์ได้เลยว่าจะพบกับคนที่มีความรู้จำกัด โดยเฉพาะในกลุ่มประชากรที่มีอายุน้อยกว่า
thai_0790,tha_Thai.dev,790,ลองจินตนาการดูสิว่ามีชาวแมนคูเนียน ชาวบอสตัน ชาวจาเมกา ชาวซิดนีย์ มานั่งล้อมวงรอบโต๊ะเพื่อรับประทานอาหารเย็นในร้านอาหารในโตรอนโต
thai_0791,tha_Thai.dev,791,พวกเขาต่างก็ทำให้อีกฝ่ายเพลิดเพลินด้วยเรื่องราวจากบ้านเกิดของตนเองซึ่งเล่าด้วยสำเนียงที่แตกต่างชัดเจนและภาษาท้องถิ่น
thai_0792,tha_Thai.dev,792,โดยปกติแล้ว การซื้ออาหารในซูเปอร์มาร์เก็ตเป็นวิธีที่มีราคาถูกที่สุด หากไม่มีโอกาสในการทำอาหาร ตัวเลือกก็จะจำกัดอยู่ที่อาหารพร้อมรับประทาน
thai_0793,tha_Thai.dev,793,ซูเปอร์มาร์เก็ตกำลังมีอาหารสำเร็จรูปที่หลากหลายกว่าเดิม บางแห่งถึงขั้นมีเตาอบไมโครเวฟหรืออุปกรณ์อื่น ๆ สำหรับอุ่นอาหารไว้บริการด้วย
thai_0794,tha_Thai.dev,794,ในบางประเทศหรือร้านค้าบางประเภทจะมีร้านอาหารที่อยู่ในสถานที่นั้นอย่างน้อยหนึ่งร้าน ซึ่งมักจะเป็นร้านที่ค่อนข้างไม่มีพิธีรีตองและราคาไม่แพง
thai_0795,tha_Thai.dev,795,ทำสำเนาและพกกรมธรรม์รวมถึงข้อมูลการติดต่อบริษัทประกันติดตัวไปด้วย
thai_0796,tha_Thai.dev,796,ซึ่งจำเป็นต้องแสดงบัญชีอีเมลและหมายเลขโทรศัพท์ระหว่างประเทศของบริษัทประกันเพื่อขอคำแนะนำ/การอนุญาต และการเคลม
thai_0797,tha_Thai.dev,797,"เตรียมสำเนาอีกฉบับเก็บไว้ในกระเป๋าเดินทางและบนออนไลน์ (ส่งอีเมลถึงตัวคุณเองพร้อมแนบเอกสาร หรือเก็บไว้ใน ""คลาวด์"")"
thai_0798,tha_Thai.dev,798,หากพกแล็ปท็อปหรือแท็บเล็ตไปด้วยในระหว่างเดินทาง ให้เก็บสำเนาไว้ในหน่วยความจำหรือแผ่นดิสก์ (เข้าถึงได้โดยไม่ต้องใช้อินเทอร์เน็ต)
thai_0799,tha_Thai.dev,799,มอบสำเนากรมธรรม์หรือข้อมูลสำหรับติดต่อให้ผู้ร่วมเดินทาง และญาติหรือเพื่อนที่อยู่ในประเทศของคุณซึ่งเต็มใจจะช่วยเหลือ
thai_0800,tha_Thai.dev,800,โดยธรรมชาติแล้วกวางมูส (หรือเรียกอีกอย่างว่าเอล์ค) ไม่ได้เป็นสัตว์ดุร้าย แต่หากรู้สึกว่าถูกคุกคามก็จะป้องกันตนเอง
thai_0801,tha_Thai.dev,801,เมื่อผู้คนไม่คิดว่ากวางมูสมีโอกาสที่จะทำอันตราย พวกเขาอาจเข้าใกล้มันมากไปและทำให้ตัวเองตกอยู่ในความเสี่ยง
thai_0802,tha_Thai.dev,802,ดื่มเครื่องดื่มแอลกอฮอล์ในปริมาณที่พอเหมาะพอควรแอลกอฮอล์ส่งผลกระทบต่อแต่ละคนแตกต่างกันไป และเป็นเรื่องสำคัญมากที่คุณต้องทราบขีดจำกัดของตัวเอง
thai_0803,tha_Thai.dev,803,ปัญหาสุขภาพระยะยาวที่เป็นไปได้จากการดื่มมากเกินไปอาจหมายรวมถึง ความเสียหายของตับ หรือแม้กระทั่งตาบอดและเสียชีวิต อันตรายที่อาจเกิดขึ้นได้จะเพิ่มมากขึ้นเมื่อบริโภคแอลกอฮอล์ที่ผลิตขึ้นอย่างผิดกฎหมาย
thai_0804,tha_Thai.dev,804,สุราผิดกฎหมายอาจมีสิ่งปนเปื้อนที่เป็นอันตรายหลายชนิด ซึ่งรวมถึงเมทานอล อันเป็นสารที่อาจทำให้ตาบอดหรือเสียชีวิตได้แม้รับเข้าไปในปริมาณไม่มาก
thai_0805,tha_Thai.dev,805,แว่นตาในต่างประเทศอาจมีราคาถูกกว่า โดยเฉพาะในประเทศที่มีรายได้ต่ำซึ่งมีค่าแรงถูกกว่า
thai_0806,tha_Thai.dev,806,พิจารณาที่จะรับการตรวจดวงตาที่บ้าน โดยเฉพาะอย่างยิ่งหากคุณมีประกันครอบคลุม แล้วนำใบสั่งยาไปยื่นที่อื่น
thai_0807,tha_Thai.dev,807,กรอบแว่นตาแบรนด์เนมระดับไฮเอนด์ที่มีขายอยู่ในพื้นที่เช่นนั้นอาจมีปัญหาได้สองอย่าง นั่นก็คือ บางกรอบอาจเป็นของปลอม ส่วนกรอบที่ได้มีการนำเข้ามาจริงก็อาจมีราคาแพงกว่าที่มีขายอยู่ในประเทศ
thai_0808,tha_Thai.dev,808,กาแฟเป็นสินค้าโภคภัณฑ์ชนิดหนึ่งที่มีการซื้อขายมากที่สุดในโลก และคุณอาจพบกาแฟได้หลายชนิดในภูมิภาคบ้านเกิดของคุณอีกด้วย
thai_0809,tha_Thai.dev,809,แต่กระนั้นก็ยังมีวิธีดื่มกาแฟที่โดดเด่นแตกต่างและควรค่าแก่การสัมผัสอยู่อีกมากมายทั่วโลก
thai_0810,tha_Thai.dev,810,แคนยอนนิ่ง (หรือ แคนยอนเนียริง) คือ กิจกรรมเกี่ยวกับการเดินทางสู่ก้นหุบเขาที่แห้งแล้งหรือเต็มไปด้วยน้ำ
thai_0811,tha_Thai.dev,811,แคนยอนนิ่ง รวมองค์ประกอบต่างๆ ทั้งจากการว่ายน้ำ ปีนเขา และการกระโดด ทว่าต้องการการฝึกฝนหรือความพร้อมทางร่างกายเพียงเล็กน้อย (เมื่อเทียบกับการปีนผา การดำน้ำลึก หรือการเล่นสกีลงเขา เป็นต้น)
thai_0812,tha_Thai.dev,812,การเดินป่าเป็นกิจกรรมกลางแจ้งซึ่งเกี่ยวข้องกับการเดินในสภาพแวดล้อมที่เป็นธรรมชาติ ซึ่งมักจะเป็นเส้นทางเดินในป่าเขา
thai_0813,tha_Thai.dev,813,การเดินป่าในช่วงกลางวันมีตั้งแต่ระยะทางน้อยกว่าหนึ่งไมล์ไปจนถึงระยะทางไกลกว่าซึ่งสามารถเดินได้จบได้ในวันเดียว
thai_0814,tha_Thai.dev,814,สำหรับการเดินป่าหนึ่งวันตามเส้นทางง่าย ๆ จำเป็นต้องมีการเตรียมการเล็กน้อยและผู้ที่แข็งแรงระดับปานกลางก็สนุกกับกิจกรรมนี้ได้
thai_0815,tha_Thai.dev,815,ครอบครัวที่พาเด็กเล็กไปด้วยอาจต้องมีการเตรียมตัวเพิ่มเติม แต่การออกไปใช้ชีวิตกลางแจ้งเป็นเรื่องที่สามารถทำได้ง่ายแม้ในกรณีที่มีทารกหรือเด็กก่อนวัยเรียนไปด้วย
thai_0816,tha_Thai.dev,816,ในระดับสากล มีองค์กรทัวร์วิ่งอยู่เกือบ 200 แห่ง ส่วนใหญ่ดำเนินการโดยอิสระ
thai_0817,tha_Thai.dev,817,Go Running Tours ซึ่งเป็นผู้รับช่วงต่อจาก The Global Running Tours ได้สร้างเครือข่ายเชื่อมโยงผู้จัดกิจกรรมวิ่งหลากหลายกลุ่มใน 4 ทวีปไว้ด้วยกัน
thai_0818,tha_Thai.dev,818,เนื่องจากมีพื้นฐานมาจากการแข่งขัน Running Tours Barcelona ในเมืองบาร์เซโลนาและการแข่งขัน Running Copenhagen ในเมืองโคเปนเฮเกน จึงทำให้มีการนำการแข่งขัน Running Tours Prague ในกรุงปราก และการแข่งขันอื่น ๆ มาบรรจุอยู่ในเครือข่ายดังกล่าวอย่างรวดเร็ว
thai_0819,tha_Thai.dev,819,มีหลายสิ่งที่คุณต้องพิจารณาทั้งก่อนและระหว่างเดินทางไปที่ไหนสักแห่ง
thai_0820,tha_Thai.dev,820,"เมื่อคุณเดินทาง อย่าคาดหวังว่าสิ่งต่างๆ จะเหมือนกับ ""ที่บ้าน"" ไม่ว่าจะเป็นมารยาท กฎหมาย อาหาร การจราจร ที่พัก บรรทัดฐาน ภาษา และอื่นๆ อีกมากมาย สิ่งเหล่านี้จะแตกต่างจากที่ที่คุณอาศัยอยู่ไม่มากก็น้อย"
thai_0821,tha_Thai.dev,821,นี่คือสิ่งที่คุณพึงระลึกไว้เสมอเพื่อหลีกเลี่ยงความรู้สึกผิดหวังหรืออาจถึงขั้นรังเกียจวิธีการทำสิ่งต่าง ๆ ในท้องถิ่น
thai_0822,tha_Thai.dev,822,บริษัทตัวแทนการท่องเที่ยวก่อตั้งขึ้นมาตั้งแต่ช่วงศตวรรษที่ 19 และเป็นตัวเลือกที่ดีสำหรับนักท่องเที่ยวที่จะได้รับประสบการณ์จากการท่องเที่ยวมากกว่าครั้งก่อน ทั้งทางธรรมชาติ วัฒนธรรม ภาษา หรือการท่องเที่ยวในประเทศที่มีรายได้น้อย
thai_0823,tha_Thai.dev,823,แม้ว่าบริษัทตัวแทนการท่องเที่ยวส่วนใหญ่ยินดีที่จะรับจองการเดินทางทั่วไปแทบทุกประเภท แต่ตัวแทนจำนวนมากมีความเชี่ยวชาญโดยเฉพาะสำหรับการเดินทางบางประเภท ช่วงงบประมาณหรือจุดหมายปลายทางบางแห่ง
thai_0824,tha_Thai.dev,824,อาจเป็นการดีกว่าหากจะใช้เอเย่นต์ที่มักจะจองแผนการเดินทางที่คล้ายกับแผนการเดินทางของคุณอยู่บ่อย ๆ
thai_0825,tha_Thai.dev,825,ดูแผนท่องเที่ยวที่ตัวแทนกำลังโปรโมทจะเป็นบนเว็บไซต์หรือบนหน้าต่างร้านค้าก็ได้
thai_0826,tha_Thai.dev,826,หากคุณต้องการเห็นโลกในไลฟ์สไตล์ราคาถูก (ด้วยความจำเป็นหรือเพื่อความท้าทาย) ก็มีหลายวิธีที่จะทำเช่นนั้น
thai_0827,tha_Thai.dev,827,โดยทั่วไปแล้วแบ่งออกเป็น 2 ประเภท ได้แก่ ทำงานระหว่างที่คุณเดินทาง หรือพยายามจำกัดค่าใช้จ่ายของคุณ บทความนี้เน้นที่ประเภทหลัง
thai_0828,tha_Thai.dev,828,สำหรับผู้ที่ยินดีสละความสะดวกสบาย เวลา และความคาดเดาได้เพื่อลดค่าใช้จ่ายให้ใกล้ศูนย์ที่สุด ให้ดูการเดินทางด้วยงบประมาณขั้นต่ำ
thai_0829,tha_Thai.dev,829,คำแนะนำนี้ให้ไว้โดยถือว่านักท่องเที่ยวคนนั้นจะต้องไม่ลักทรัพย์ รุกล้ำ มีส่วนเกี่ยวข้องในตลาดมืด ขอทาน หรือเอาเปรียบผู้อื่นเพื่อผลประโยชน์ของตนเอง
thai_0830,tha_Thai.dev,830,ด่านตรวจคนเข้าเมืองมักเป็นที่แรกที่ต้องหยุดเมื่อลงจากเครื่องบิน เรือ หรือพาหนะอื่น
thai_0831,tha_Thai.dev,831,รถไฟข้ามพรมแดนบางขบวนจะมีการตรวจสอบขณะรถไฟกำลังแล่นอยู่ คุณควรมีบัตรประจำตัวที่ยังไม่หมดอายุติดตัวไปด้วยเมื่อขึ้นรถไฟขบวนใดขบวนหนึ่ง
thai_0832,tha_Thai.dev,832,ในตู้นอนกลางคืนของรถไฟ เจ้าหน้าที่อาจเก็บหนังสือเดินทางเพื่อที่คุณจะได้ไม่ถูกรบกวนขณะนอนหลับ
thai_0833,tha_Thai.dev,833,การลงทะเบียนเป็นข้อกำหนดเพิ่มเติมสำหรับการขอวีซ่า ในบางประเทศคุณต้องลงทะเบียนการปรากฏตัวและที่อยู่ที่คุณเข้าพักกับหน่วยงานท้องถิ่น
thai_0834,tha_Thai.dev,834,ซึ่งคุณอาจจะต้องกรอกแบบฟอร์มกับตำรวจท้องถิ่นหรือไปที่สำนักงานตรวจคนเข้าเมือง
thai_0835,tha_Thai.dev,835,ในหลายประเทศที่มีกฎหมายดังกล่าว โรงแรมในท้องถิ่นจะจัดการเรื่องการลงทะเบียน (อย่าลืมสอบถาม)
thai_0836,tha_Thai.dev,836,ในกรณีอื่น ๆ เฉพาะผู้ที่อยู่นอกที่พักของนักท่องเที่ยวเท่านั้นที่ต้องลงทะเบียน อย่างไรก็ตาม สิ่งนี้ทำให้กฎหมายคลุมเครือกว่าเดิมมาก ดังนั้น ขอให้หาข้อมูลไว้ล่วงหน้า
thai_0837,tha_Thai.dev,837,สถาปัตยกรรมเกี่ยวข้องกับการออกแบบและการก่อสร้างอาคาร สถาปัตยกรรมของสถานที่หนึ่งมักจะเป็นสิ่งที่ดึงดูดนักท่องเที่ยวด้วยตัวของมันเอง
thai_0838,tha_Thai.dev,838,สิ่งปลูกสร้างหลายแห่งค่อนข้างสวยงามน่ามอง และทิวทัศน์จากตึกสูงหรือจากตำแหน่งหน้าต่างที่จัดวางไว้อย่างชาญฉลาดก็อาจเป็นความสวยงามที่มองเห็นได้
thai_0839,tha_Thai.dev,839,สถาปัตยกรรมมีองค์ความรู้ทับซ้อนกับสาขาอื่น ๆ อยู่พอสมควร รวมถึงการวางผังเมือง วิศวกรรมโยธา มัณฑนศิลป์ การออกแบบภายใน และการออกแบบภูมิทัศน์
thai_0840,tha_Thai.dev,840,ข้อเท็จจริงที่ว่าหมู่บ้านจำนวนมากอยู่ห่างไกลแค่ไหน ทำให้คุณไม่สามารถพบเจอสถานบันเทิงยามค่ำคืนจำนวนมากโดยไม่เดินทางไปยังแอลบูเคอร์คีหรือซานตาเฟ่
thai_0841,tha_Thai.dev,841,อย่างไรก็ตาม คาสิโนเกือบทั้งหมดที่ระบุไว้ข้างต้นล้วนให้บริการเครื่องดื่ม และมีหลายแห่งที่นำเสนอความบันเทิงระดับแบรนด์เนม (ส่วนใหญ่เป็นคาสิโนขนาดใหญ่ที่อยู่รอบ ๆ อัลบูเคอร์กีและซานตาเฟ)
thai_0842,tha_Thai.dev,842,โปรดระวัง: บาร์ในเมืองเล็ก ๆ ที่นี่ไม่ใช่สถานที่เหมาะสำหรับผู้มาเยือนจากต่างรัฐจะมาสังสรรค์กัน
thai_0843,tha_Thai.dev,843,ประการหนึ่งคือในทางตอนเหนือของประเทศนิวเม็กซิโกมีปัญหาเรื่องการเมาแล้วขับที่หนักหน่วงและมีผู้ขับขี่ซึ่งอยู่ในอาการมึนเมาเป็นจำนวนมากอาศัยอยู่ในเมืองเล็ก ๆ บริเวณใกล้เคียงกับบาร์ (1)
thai_0844,tha_Thai.dev,844,ภาพวาดหรือการขีดเขียนบนฝาผนังที่ไม่เป็นที่ต้องการแล้วเรียกว่าภาพรอยขูดขีดเขียน (graffiti)
thai_0845,tha_Thai.dev,845,แม้จะยังไม่ถึงขั้นเป็นปรากฏการณ์แห่งโลกยุคใหม่ แต่คนส่วนใหญ่ก็อาจเชื่อมโยงสิ่งนี้กับเยาวชนที่ใช้สีสเปรย์ฉีดทำลายทรัพย์สินสาธารณะและทรัพย์สินส่วนบุคคล
thai_0846,tha_Thai.dev,846,"อย่างไรก็ตาม ในปัจจุบันศิลปินกราฟฟิตีที่ได้รับการยอมรับ มีงานอีเวนต์กราฟฟิตี และกำแพง สำหรับวาดภาพกราฟฟิตีที่ ""ถูกกฎหมาย"" ภาพวาดกราฟฟิตีในบริบทนี้มักคล้ายกับงานศิลปะมากกว่าป้ายที่อ่านไม่ออก"
thai_0847,tha_Thai.dev,847,การขว้างบูมเมอแรงคือทักษะยอดนิยมที่นักท่องเที่ยวหลายต่อหลายคนต้องการมี
thai_0848,tha_Thai.dev,848,หากคุณต้องการเรียนรู้ที่จะขว้างบูมเมอแรงให้กลับมาที่มือของคุณ ตรวจสอบให้แน่ใจว่าคุณมีบูมเมอแรงที่เหมาะสมสำหรับการกลับมา
thai_0849,tha_Thai.dev,849,ที่จริงแล้วบูมเมอแรงส่วนใหญ่ที่มีอยู่ในออสเตรเลียเป็นแบบไม่วกกลับมา ถ้าจะให้ดีแล้ว มือใหม่ไม่ควรขว้างขณะลมแรง
thai_0850,tha_Thai.dev,850,อาหารแฮงงิปรุงในหลุมร้อนในพื้นดิน
thai_0851,tha_Thai.dev,851,หลุมจะถูกทำให้ร้อนด้วยหินที่ร้อนเพราะไฟ หรือในบางแห่งก็ใช้ความร้อนใต้พิภพที่ทำให้พื้นดินร้อนขึ้นตามธรรมชาติ
thai_0852,tha_Thai.dev,852,มักมีการใช้แฮงงีในการปรุงอาหารมื้อค่ำสไตล์ปิ้งย่างแบบดั้งเดิม
thai_0853,tha_Thai.dev,853,สถานที่หลายแห่งในโรโตรัวมีแฮงงิที่ทำจากพลังงานความร้อนใต้พิภพในขณะที่ แฮงงิประเภทอื่น ๆ จะสามารถลิ้มลองได้ในไครสต์เชิร์ช เวลลิงตัน และเมืองอื่น ๆ
thai_0854,tha_Thai.dev,854,ขบวนโดยสารในและรอบ ๆ เคปทาวน์ของเมโทรเรลมีสองชั้น คือ เมโทรพลัส (เรียกได้อีกอย่างว่าชั้นหนึ่ง) และเมโทร (เรียกว่าชั้นสาม)
thai_0855,tha_Thai.dev,855,เมโทรพลัสสะดวกสบายกว่าและแออัดน้อยกว่า แต่แพงกว่าเล็กน้อย ถึงกระนั้นก็ยังถูกกว่าตั๋วเมโทรธรรมดาในยุโรป
thai_0856,tha_Thai.dev,856,รถไฟทุกขบวนมีทั้งตู้รถไฟเมโทรพลัสและตู้รถไฟเมโทร เมโทรพลัสจะอยู่ปลายสุดของรถไฟด้านที่ใกล้เคปทาวน์มากที่สุดเสมอ
thai_0857,tha_Thai.dev,857,การถือของให้ผู้อื่น - อย่าปล่อยให้กระเป๋าของคุณคลาดสายตา โดยเฉพาะอย่างยิ่งเมื่อคุณกำลังข้ามพรมแดนระหว่างประเทศ
thai_0858,tha_Thai.dev,858,คุณอาจพบว่าตนเองถูกหลอกใช้ให้เป็นผู้ส่งยาโดยไม่รู้ตัว ซึ่งจะทำให้คุณต้องเผชิญปัญหาอย่างใหญ่หลวง
thai_0859,tha_Thai.dev,859,ซึ่งรวมถึงการเข้าแถวรอ เนื่องจากเจ้าหน้าที่สามารถใช้สุนัขดมยาได้ทุกเมื่อโดยไม่ต้องแจ้งให้ทราบล่วงหน้า
thai_0860,tha_Thai.dev,860,บางประเทศมีการลงทัณฑ์ที่รุนแรงอย่างยิ่งต่อให้เป็นความผิดครั้งแรกก็ตาม ซึ่งอาจรวมถึงโทษจำคุกนานกว่า 10 ปี หรือโทษประหารชีวิต
thai_0861,tha_Thai.dev,861,กระเป๋าที่ถูกทิ้งไว้จะเป็นเป้าหมายในการโจรกรรมและอาจดึงดูดความสนใจจากเจ้าหน้าที่ซึ่งเกรงว่ามันจะเป็นการวางระเบิด
thai_0862,tha_Thai.dev,862,ที่บ้าน เนื่องจากได้รับเชื้อโรคในท้องถิ่นอยู่เป็นประจำ จึงมีความเป็นไปได้สูงที่คุณจะมีภูมิคุ้มกันต่อสิ่งเหล่านั้น
thai_0863,tha_Thai.dev,863,แต่ในส่วนอื่น ๆ ของโลกที่ซึ่งสัตว์ซึ่งเกี่ยวข้องกับแบคทีเรียเป็นสิ่งใหม่สำหรับคุณ มีโอกาสสูงมากที่คุณจะประสบปัญหา
thai_0864,tha_Thai.dev,864,นอกจากนี้ ในสภาพอากาศอบอุ่น แบคทีเรียจะทั้งเติบโตได้เร็วขึ้นและมีชีวิตรอดนอกร่างกายได้นานขึ้นอีกด้วย
thai_0865,tha_Thai.dev,865,ดังนั้นจึงทำให้เกิดความทุกข์ทรมานจากอาการท้องร่วงในเดลี คำสาปของฟาโรห์ การแก้แค้นของมอนเตซูมาและผองเพื่อนมากมาย
thai_0866,tha_Thai.dev,866,ปัญหาเกี่ยวกับลำไส้ในสภาพอากาศร้อนเป็นเรื่องปกติทำนองเดียวกับที่ปัญหาด้านทางเดินหายใจเป็นเรื่องปกติในสภาพอากาศที่หนาวเย็น แต่ส่วนใหญ่แล้วจะเพียงแต่สร้างความรำคาญ ไม่ได้เป็นอันตรายร้ายแรง
thai_0867,tha_Thai.dev,867,หากเดินทางในประเทศกำลังพัฒนาหรือในส่วนใหม่ของโลกเป็นครั้งแรก อย่าประมาทความรู้สึกตื่นตระหนกต่อวัฒนธรรมที่ไม่คุ้นเคยที่อาจเกิดขึ้น
thai_0868,tha_Thai.dev,868,นักเดินทางที่มีความสามารถและความแน่วแน่จำนวนมากกลับพ่ายแพ้ต่อความใหม่ของการเดินทางท่องประเทศที่กำลังพัฒนา ซึ่งมีการปรับเปลี่ยนทางวัฒนธรรมเล็ก ๆ น้อย ๆ หลายอย่างที่ผุดขึ้นมาอย่างรวดเร็ว
thai_0869,tha_Thai.dev,869,โดยเฉพาะอย่างยิ่งในช่วงแรก ๆ ให้พิจารณาเลือกโรงแรม อาหาร และบริการสไตล์ตะวันตกและคุณภาพแบบตะวันตก เพื่อช่วยให้ปรับตัวให้คุ้นเคยกับสภาพอากาศได้
thai_0870,tha_Thai.dev,870,อย่านอนหลับบนที่นอนหรือเบาะที่ปูอยู่บนพื้นในบริเวณที่คุณไม่รู้จักสิ่งมีชีวิตในท้องถิ่นดีพอ
thai_0871,tha_Thai.dev,871,หากคุณต้องการไปตั้งแคมป์ ควรนำเตียงสนามหรือเปลญวนไปด้วยเพื่อให้อยู่ห่างจากงู แมงป่อง และสัตว์อื่น ๆ ในทำนองเดียวกัน
thai_0872,tha_Thai.dev,872,ทำบ้านของคุณให้อบอวลไปด้วยกลิ่นกาแฟเข้มข้นในตอนเช้า และชาคาโมไมล์ที่แสนผ่อนคลายในตอนกลางคืน
thai_0873,tha_Thai.dev,873,เมื่อคุณอยู่ในช่วงพักร้อน คุณจะมีเวลาในการปรนนิบัติตัวเอง และใช้เวลาเพิ่มอีกสองสามนาทีเพื่อทำสิ่งพิเศษ
thai_0874,tha_Thai.dev,874,หากคุณรักความเสี่ยงมากกว่านี้ ให้ใช้โอกาสนี้คั้นน้ำผลไม้หรือปั่นสมูทตี้ดูสิ:
thai_0875,tha_Thai.dev,875,คุณอาจค้นพบเครื่องดื่มง่าย ๆ ที่คุณสามารถทำเพื่อรับประทานเป็นอาหารเช้าได้เมื่อคุณกลับเข้าสู่กิจวัตรประจำวันตามเดิม
thai_0876,tha_Thai.dev,876,หากคุณอาศัยอยู่ในเมืองที่มีวัฒนธรรมการดื่มหลากหลาย ให้ไปที่บาร์หรือผับในละแวกใกล้เคียงที่คุณไม่ได้ไปบ่อยนัก
thai_0877,tha_Thai.dev,877,ผู้ที่ไม่คุ้นเคยกับศัพท์เฉพาะทางการแพทย์คิดว่า คำว่าติดเชื้อและโรคติดต่อนั้นมีความหมายต่างกัน
thai_0878,tha_Thai.dev,878,โรคติดเชื้อคือโรคที่เกิดจากเชื้อโรค เช่น เชื้อไวรัส เชื้อแบคทีเรีย เชื้อรา และปรสิตอื่น ๆ
thai_0879,tha_Thai.dev,879,โรคติดต่อคือโรคชนิดหนึ่งที่แพร่เชื้อได้โดยง่ายเมื่ออยู่ใกล้ชิดกับผู้ติดเชื้อ
thai_0880,tha_Thai.dev,880,รัฐบาลจำนวนมากกำหนดให้นักท่องเที่ยวที่เข้าประเทศ หรือผู้อยู่อาศัยที่ออกนอกประเทศ ต้องได้รับการฉีดวัคซีนป้องกันโรคต่าง ๆ
thai_0881,tha_Thai.dev,881,ข้อกำหนดต่าง ๆ เหล่านี้มักขึ้นอยู่กับว่านักท่องเที่ยวเคยไปประเทศใดมาแล้วหรือตั้งใจจะไปเยือนประเทศใด
thai_0882,tha_Thai.dev,882,จุดแข็งอย่างหนึ่งของเมืองชาร์ล็อตต์ในนอร์ทแคโรไลนา ก็คือ ที่นี่มีตัวเลือกที่มีคุณภาพสูงสำหรับครอบครัวอยู่มากมาย
thai_0883,tha_Thai.dev,883,ผู้พักอาศัยจากพื้นที่อื่น ๆ มักยกให้การเป็นมิตรกับครอบครัวเป็นเหตุผลหลักในการย้ายไปที่นั่น และบ่อยครั้งที่ผู้มาเยือนพบว่าสามารถสนุกสนานกับเด็ก ๆ ในเมืองนี้ได้อย่างง่ายดาย
thai_0884,tha_Thai.dev,884,ในช่วงเวลา 20 ปีที่ผ่านมา ตัวเลือกที่เหมาะกับเด็กในเขตศูนย์กลางทางเศรษฐกิจของเมืองชาร์ลอตต์ได้เพิ่มปริมาณอย่างทวีคูณ
thai_0885,tha_Thai.dev,885,โดยทั่วไปแล้วครอบครัวใน Charlotte จะไม่ใช้แท็กซี่ ถึงกระนั้นแท็กซี่ก็สามารถมีประโยชน์ได้บ้างในบางสถานการณ์
thai_0886,tha_Thai.dev,886,มีค่าธรรมเนียมเพิ่มเติมสำหรับการเดินทางโดยมีผู้โดยสารมากกว่า 2 คน ตัวเลือกนี้จึงอาจมีราคาแพงกว่าที่จำเป็น
thai_0887,tha_Thai.dev,887,แอนตาร์กติกาคือสถานที่ที่หนาวเย็นที่สุดในโลกและล้อมรอบขั้วโลกใต้
thai_0888,tha_Thai.dev,888,การไปเยือนของนักท่องเที่ยวมีค่าใช้จ่ายสูง ต้องมีร่างกายแข็งแรง สามารถทำได้เฉพาะในช่วงฤดูร้อนเดือนพ.ย. - ก.พ. เท่านั้น และส่วนใหญ่จำกัดอยู่ที่คาบสมุทร หมู่เกาะและทะเลรอสส์
thai_0889,tha_Thai.dev,889,พนักงานกว่าสองพันคนอาศัยอยู่ที่นี่ในช่วงหน้าร้อน คนราว 4 โหลตั้งถิ่นฐานอยู่ในบริเวณนั้นเป็นส่วนใหญ่ มีคนจำนวนน้อยที่จะอยู่ต่อไปจนถึงช่วงหน้าหนาว
thai_0890,tha_Thai.dev,890,พื้นที่ในแอนตาร์กติกาเป็นที่ราบสูงว่างเปล่าซึ่งปกคลุมด้วยน้ำแข็งหนา 2 ถึง 3 กิโลเมตร
thai_0891,tha_Thai.dev,891,ทัวร์ทางอากาศโดยผู้เชี่ยวชาญสำหรับโอกาสพิเศษจะมุ่งหน้าเข้าไปในแผ่นดินที่มีฐานขนาดใหญ่ อาจจะเพื่อไต่เขาหรือเพื่อไปให้ถึงขั้วโลก
thai_0892,tha_Thai.dev,892,South Pole Traverse (หรือ Highway) คือเส้นทางจากสถานี McMurdo บนทะเลรอสส์ไปจนถึงขั้วโลกที่มีความยาว 1600 กิโลเมตร
thai_0893,tha_Thai.dev,893,มันคือหิมะที่อัดแน่นซึ่งภายใต้นั้นเต็มไปด้วยรอยแยกมากมายและมีธงกำกับไว้ เดินทางได้โดยรถแทรกเตอร์ที่ผลิตมาโดยเฉพาะซึ่งประกอบด้วยเลื่อนดึงพร้อมน้ำมันและอุปกรณ์สำรองเท่านั้น
thai_0894,tha_Thai.dev,894,รถเหล่านี้ไม่ได้คล่องแคล่วมากนัก เส้นทางจึงต้องมีการเลี้ยวยาว ๆ รอบเทือกเขาทรานส์แอนตาร์กติกเพื่อขึ้นไปสู่ที่ราบ
thai_0895,tha_Thai.dev,895,สาเหตุที่พบได้บ่อยที่สุดของอุบัติเหตุในฤดูหนาวคือถนน บาทวิถี (ทางเท้า) และบันไดที่ลื่น
thai_0896,tha_Thai.dev,896,อย่างน้อยคุณต้องมีรองเท้าที่มีพื้นเหมาะสม ตามปกติแล้ว รองเท้าสำหรับฤดูร้อนจะลื่นมากเมื่อเดินบนน้ำแข็งและหิมะ แม้แต่รองเท้าบู๊ตสำหรับฤดูหนาวบางคู่ก็ยังไม่เพียงพอ
thai_0897,tha_Thai.dev,897,ลายพื้นรองเท้าควรมีความลึกตั้งแต่ 5 มม. (1/5 นิ้ว) เป็นต้นไปจึงจะเพียงพอ และวัสดุก็ต้องนุ่มพอเมื่ออยู่ในอุณหภูมิที่เย็น
thai_0898,tha_Thai.dev,898,รองเท้าบู๊ตบางรุ่นมีสตั๊ดและมีอุปกรณ์เสริมสำหรับใช้ในที่ลื่น ซึ่งเหมาะสำหรับรองเท้าและรองเท้าบู๊ตส่วนใหญ่ สำหรับส้นรองเท้า หรือทั้งส้นรองเท้าและพื้นรองเท้า
thai_0899,tha_Thai.dev,899,ส้นเท้าควรอยู่ต่ำและแยกกว้าง มักมีการโรยทราย กรวด หรือเกลือ (แคลเซียมคลอไรด์) ให้กระจายบนถนนหรือเส้นทางเพื่อปรับปรุงการยึดเกาะของถนน
thai_0900,tha_Thai.dev,900,หิมะถล่มไม่ใช่เรื่องผิดปกติ ทางลาดชันจะรับหิมะที่ไหลช้ามากได้เท่านั้น และปริมาณส่วนเกินจะหล่นลงมาเป็นหิมะถล่ม
thai_0901,tha_Thai.dev,901,ปัญหาก็คือหิมะมีความเหนียวจึงต้องมีการกระตุ้นให้ตกลงมา และหิมะที่ร่วงหล่นลงมาอาจเป็นชนวนเหตุสำหรับส่วนที่เหลือ
thai_0902,tha_Thai.dev,902,บางครั้งสิ่งที่เป็นชนวนเหตุได้แก่การที่หิมะถูกดวงอาทิตย์แผดเผา บางครั้งก็เกิดจากการที่มีหิมะตกเพิ่มขึ้น บางครั้งก็เกิดจากปรากฏการณ์ธรรมชาติอื่น ๆ บ่อยครั้งก็คือฝีมือมนุษย์นั่นเอง
thai_0903,tha_Thai.dev,903,พายุทอร์นาโด คือความกดอากาศต่ำที่หมุนตัวตั้งสูงขึ้นซึ่งดูดอากาศโดยรอบเข้าไปข้างในและขึ้นข้างบน
thai_0904,tha_Thai.dev,904,ทอร์นาโดสร้างกระแสลมแรง (ที่พบบ่อยคือ 100-200 ไมล์/ชั่วโมง) และสามารถยกของหนักขึ้นไปกลางอากาศและนำไปด้วยขณะที่เคลื่อนที่
thai_0905,tha_Thai.dev,905,"พายุเหล่านี้เริ่มจากการก่อตัวให้เกิดลมหมุนรูปร่างเหมือนกรวยเคลื่อนตัวลงจากเมฆพายุฝนฟ้าคะนอง และกลายเป็น ""พายุทอร์นาโด"" เมื่อลงมาสัมผัสพื้น"
thai_0906,tha_Thai.dev,906,ผู้ให้บริการ VPN ส่วนบุคคล (เครือข่ายส่วนตัวเสมือน) เป็นวิธีที่เยี่ยมยอดสำหรับหลีกเลี่ยงการเซ็นเซอร์ทางการเมือง รวมถึงการกรองข้อมูล IP ทางภูมิศาสตร์ในเชิงพาณิชย์อีกด้วย
thai_0907,tha_Thai.dev,907,พวกมันมีประสิทธิภาพดีกว่าเว็บพร็อกซี่ด้วยเหตุผลหลายประการ เช่น เปลี่ยนเส้นทางการรับส่งข้อมูลอินเทอร์ใหม่ทั้งหมด ไม่เฉพาะแค่ http เท่านั้น
thai_0908,tha_Thai.dev,908,ปกติแล้วจะมีแบนด์วิดท์ที่สูงขึ้นและบริการคุณภาพดีขึ้น มีการเข้ารหัสจึงสอดแนมได้ยาก
thai_0909,tha_Thai.dev,909,"บริษัทสื่อต่าง ๆ เหล่านี้มักไม่บอกจุดประสงค์ที่แท้จริงของการทำเช่นนี้ โดยอ้างว่าเป็นการ ""ป้องกันการละเมิดลิขสิทธิ์"""
thai_0910,tha_Thai.dev,910,ที่จริงแล้วรหัสภูมิภาคไม่มีผลต่อการคัดลอกที่ผิดกฎหมายโดยสิ้นเชิง สำเนาบิตต่อบิตของดิสก์จะทำงานได้ดีบนอุปกรณ์ใดก็ตามที่ตัวงานต้นฉบับจะสามารถทำได้
thai_0911,tha_Thai.dev,911,วัตถุประสงค์ที่แท้จริงคือเพื่อให้บริษัทเหล่านั้นควบคุมตลาดของตนได้มากขึ้น ซึ่งเป็นเรื่องของการหมุนเงินล้วนๆ
thai_0912,tha_Thai.dev,912,เนื่องจากการโทรถูกส่งผ่านอินเทอร์เน็ต คุณจึงไม่จำเป็นต้องใช้บริษัทโทรศัพท์ที่ตั้งอยู่ในที่ที่อาศัยหรือที่ที่คุณเดินทางไป
thai_0913,tha_Thai.dev,913,นอกจากนี้ยังไม่มีข้อกำหนดว่าคุณจะต้องwfhรับหมายเลขท้องถิ่นจากชุมชนที่คุณอาศัยอยู่ คุณสามารถรับการเชื่อมต่ออินเทอร์เน็ตผ่านดาวเทียมในชิกเก้นซึ่งเป็นเมืองที่ห่างไกลความเจริญในอลาสก้า และเลือกหมายเลขที่บ่งบอกว่าคุณอยู่ในแอริโซนาที่มีแสงแดดจ้า
thai_0914,tha_Thai.dev,914,บ่อยครั้งที่คุณต้องซื้อหมายเลขส่วนกลางแยกต่างหาก เพื่อให้โทรศัพท์ PSTN โทรเข้ามาหาได้ สถานที่ที่เป็นต้นทางของหมายเลขสร้างความแตกต่างให้กับคนที่โทรหาคุณ
thai_0915,tha_Thai.dev,915,แอปแปลข้อความตามเวลาจริง - แอปพลิเคชั่นที่สามารถแปลข้อความทั้งส่วนจากภาษาหนึ่งเป็นอีกภาษาได้โดยอัตโนมัติ
thai_0916,tha_Thai.dev,916,แอปพลิเคชั่นบางตัวในหมวดนี้สามารถแปลข้อความภาษาต่างประเทศบนป้ายสัญลักษณ์หรือวัตถุอื่น ๆ ในโลกแห่งความเป็นจริงได้เสียด้วยซ้ำ เมื่อผู้ใช้ชี้สมาร์ทโฟนไปที่วัตถุต่าง ๆ
thai_0917,tha_Thai.dev,917,เครื่องมือแปลพัฒนาขึ้นอย่างมาก ปัจจุบันมันสามารถแปลได้อย่างถูกต้องไม่มากก็น้อย (และแทบจะไม่มีคำแปลที่ไม่มีความหมาย) แต่ก็ยังต้องใช้ความระมัดระวังอยู่ดีเพราะบางครั้งอาจแปลผิดความหมายทุกอย่าง
thai_0918,tha_Thai.dev,918,แอปที่โดดเด่นที่สุดแอปหนึ่งในประเภทนี้คือ Google Translate ที่มีระบบแปลภาษาแบบออฟไลน์ เพียงแค่ดาวน์โหลดข้อมูลภาษาที่ต้องการเก็บไว้
thai_0919,tha_Thai.dev,919,การนำทางที่ง่ายและสะดวกที่สุดเมื่อคุณอยู่ประเทศที่ไม่ใช่ประเทศบ้านเกิดของคุณคือการใช้แอประบบนำทาง GPS บนสมาร์ทโฟน
thai_0920,tha_Thai.dev,920,มันสามารถช่วยประหยัดเงินที่จะเอาไปซื้อแผนที่ฉบับใหม่ ๆ สำหรับเครื่อง GPS หรือเครื่อง GPS ที่ทำงานได้ด้วยตัวเองหรือเอาไปเช่าเครื่อง GPS จากบริษัทให้เช่ารถ
thai_0921,tha_Thai.dev,921,หากโทรศัพท์ของคุณไม่ได้มีการเชื่อมต่อข้อมูล หรือเมื่ออยู่นอกเครือข่าย มันอาจมีประสิทธิภาพที่จำกัด หรืออาจใช้งานไม่ได้
thai_0922,tha_Thai.dev,922,ร้านขายของชำทุกร้านเต็มไปด้วยบัตรโทรศัพท์แบบเติมเงินที่ชวนสับสนซึ่งสามารถใช้ได้กับตู้โทรศัพท์สาธารณะและโทรศัพท์ธรรมดา
thai_0923,tha_Thai.dev,923,แม้บัตรส่วนใหญ่จะใช้โทรได้ทุกที่ แต่บัตรบางประเภทจะมีจุดเด่นเฉพาะตัวเรื่องอัตราค่าโทรแสนโดนใจที่มอบให้กลุ่มประเทศที่กำหนด
thai_0924,tha_Thai.dev,924,การเข้าถึงบริการต่าง ๆ เหล่านี้มักใช้หมายเลขโทรศัพท์โทรฟรีที่ใช้โทรศัพท์ส่วนใหญ่โทรได้โดยไม่เสียค่าใช้จ่าย
thai_0925,tha_Thai.dev,925,กฎต่าง ๆ ในการถ่ายภาพปกติธรรมดายังใช้กับการบันทึกวิดีโอ และอาจมากกว่านั้นอีกด้วย
thai_0926,tha_Thai.dev,926,ถ้ามีข้อห้ามแม้กระทั่งการถ่ายภาพ คุณก็ไม่ควรคิดที่จะถ่ายวิดีโอสิ่งนั้น
thai_0927,tha_Thai.dev,927,หากใช้โดรน ควรตรวจสอบล่วงหน้าให้ดีว่าคุณได้รับอนุญาตให้บันทึกภาพสิ่งใด และต้องมีใบยินยอมหรือใบอนุญาตอะไรเพิ่มเติมอีกบ้าง
thai_0928,tha_Thai.dev,928,การบังคับโดรนให้บินใกล้ท่าอากาศยานหรือในฝูงชนแทบจะเป็นความคิดที่แย่อยู่เสมอ แม้ว่าการทำเช่นนี้จะไม่ผิดกฎหมายในพื้นที่ของคุณก็ตาม
thai_0929,tha_Thai.dev,929,ทุกวันนี้แทบไม่มีใครจองเที่ยวบินโดยตรงผ่านสายการบินโดยไม่ได้ค้นหาและเปรียบเทียบราคาเสียก่อน
thai_0930,tha_Thai.dev,930,บางครั้งเที่ยวบินเดียวกันอาจมีราคาแตกต่างกันได้มากเมื่อซื้อจากผู้จัดจำหน่ายต่างรายกัน จึงควรเปรียบเทียบราคาจากแหล่งต่าง ๆ เสียก่อน และควรเข้าไปดูเว็บไซต์ของสายการบินเองก่อนทำการจองด้วยเช่นกัน
thai_0931,tha_Thai.dev,931,แม้ว่าคุณอาจไม่จำเป็นต้องใช้วีซ่าในการไปเยือนบางประเทศเป็นเวลาสั้น ๆ ในฐานะนักท่องเที่ยวหรือเพื่อทำธุรกิจ แต่โดยทั่วไปแล้วการไปยังประเทศเหล่านั้นในฐานะนักเรียนต่างชาติจะต้องพำนักนานกว่าการเป็นนักท่องเที่ยวทั่วไป
thai_0932,tha_Thai.dev,932,โดยทั่วไปจะมีการกำหนดให้คุณต้องขอรับวีซ่าล่วงหน้าเพื่อพำนักอยู่ในต่างประเทศไม่ว่าประเทศใดก็ตามเป็นระยะเวลานาน
thai_0933,tha_Thai.dev,933,โดยทั่วไปแล้ว วีซ่านักเรียนจะมีข้อกำหนดและขั้นตอนการสมัครที่แตกต่างจากวีซ่านักท่องเที่ยวหรือวีซ่าธุรกิจแบบปกติ
thai_0934,tha_Thai.dev,934,สำหรับประเทศต่าง ๆ โดยส่วนใหญ่ คุณต้องมีจดหมายตอบรับจากสถาบันการศึกษาที่คุณต้องการเข้าศึกษาต่อ พร้อมทั้งแสดงหลักฐานทางการเงินว่าคุณมีความสามารถในการจ่ายค่าเล่าเรียนของตัวเองอย่างน้อยในช่วงปีแรกของหลักสูตร
thai_0935,tha_Thai.dev,935,ตรวจสอบกับสถาบันและกองตรวจคนเข้าเมืองเพื่อขอรับรายละเอียดข้อกำหนดต่าง ๆ ของประเทศที่คุณสนใจไปศึกษาต่อ
thai_0936,tha_Thai.dev,936,โดยทั่วไปแล้ว การทำงานในต่างประเทศหมายความว่าคุณจะต้องยื่นภาษีเงินได้ในประเทศที่อาศัยอยู่ ยกเว้นว่าคุณจะเป็นนักการทูต
thai_0937,tha_Thai.dev,937,ภาษีเงินได้ในประเทศต่าง ๆ มีโครงสร้างที่แตกต่างกัน และอัตราภาษีกับช่วงชั้นของรายได้จะแตกต่างกันอย่างมากในแต่ละประเทศ
thai_0938,tha_Thai.dev,938,ในบางประเทศที่มีรัฐบาลกลาง เช่น สหรัฐอเมริกา และแคนาดา จะมีการเรียกเก็บภาษีเงินได้ทั้งในระดับรัฐบาลกลางและในระดับท้องถิ่น ด้วยเหตุนี้ อัตราและขั้นภาษีอาจแตกต่างกันไปในแต่ละภูมิภาค
thai_0939,tha_Thai.dev,939,แม้ในกรณีที่เดินทางเข้าประเทศบ้านเกิด มักจะไม่มีการตรวจคนเข้าเมืองหรือมีพอเป็นพิธีการ แต่การควบคุมทางศุลกากรก็อาจสร้างความยุ่งยากได้
thai_0940,tha_Thai.dev,940,ศึกษาข้อมูลให้ชัดเจนว่าคุณนำอะไรเข้ามาได้หรือไม่ได้บ้าง และต้องสำแดงทุกอย่างที่มีปริมาณเกินจากที่กฎหมายกำหนด
thai_0941,tha_Thai.dev,941,วิธีที่ง่ายที่สุดในการเริ่มทำธุรกิจเกี่ยวกับการเขียนเรื่องการท่องเที่ยว คือการฝึกฝนทักษะของคุณในบล็อกของเว็บไซต์การท่องเที่ยวที่เป็นที่ยอมรับ
thai_0942,tha_Thai.dev,942,หลังจากที่คุ้นเคยกับการจัดรูปแบบและการแก้ไขบนเว็บแล้ว คุณอาจสร้างเว็บไซต์ของคุณเองในภายหลัง
thai_0943,tha_Thai.dev,943,การเป็นอาสาสมัครในขณะเดินทางท่องเที่ยวนับเป็นวิธีในการสร้างความแตกต่างที่ยอดเยี่ยม แต่มันไม่ใช่เพียงแค่การให้เท่านั้น
thai_0944,tha_Thai.dev,944,การใช้ชีวิตและการเป็นอาสาสมัครในต่างแดนนับว่าเป็นวิธีการหนึ่งที่ยอดเยี่ยมในการได้ทำความรู้จักกับต่างวัฒนธรรม พบปะผู้คนแปลกใหม่ ทำให้เข้าใจตัวตนและมุมมองของตัวเองมากขึ้น และแม้กระทั่งการได้ฝึกทักษะใหม่ ๆ อีกด้วย
thai_0945,tha_Thai.dev,945,นี่ยังเป็นหนทางที่ดีในการเพิ่มขยายงบประมาณให้สามารถพักอยู่ในบางที่ได้นานขึ้น เนื่องจากงานอาสาสมัครหลายงานมีการให้ที่พักและอาหารฟรี รวมทั้งยังให้เงินเดือนอีกเล็กน้อยด้วย
thai_0946,tha_Thai.dev,946,ชาวไวกิ้งเดินทางสู่ทะเลดำและทะเลแคสเปียนโดยอาศัยทางน้ำของรัสเซีย เส้นทางเหล่านี้บางส่วนยังคงใช้การได้ ตรวจสอบความจำเป็นในการขอใบอนุญาตพิเศษซึ่งอาจขอได้ยาก
thai_0947,tha_Thai.dev,947,คลองทะเลขาว - บอลติกเชื่อมต่อมหาสมุทรอาร์กติกกับทะเลบอลติกผ่านทะเลสาบโอเนกา ทะเลสาบลาโดกา และเซนต์ปีเตอร์สเบิร์ก โดยผ่านทางแม่น้ำและทะเลสาบเป็นส่วนใหญ่
thai_0948,tha_Thai.dev,948,นอกจากนี้ ทะเลสาบโอเนกายังเชื่อมต่อกับโวลก้าด้วยเช่นกัน การเดินทางมาจากทะเลแคสเปียนผ่านทางรัสเซียจึงยังคงเป็นไปได้
thai_0949,tha_Thai.dev,949,มั่นใจได้ว่าเมื่อไปถึงท่าจอดเรือทุกอย่างจะค่อนข้างชัดเจน คุณจะพบคนโบกเรือคนอื่น ๆ ที่จะมาแบ่งปันข้อมูลด้วยกันกับคุณ
thai_0950,tha_Thai.dev,950,โดยทั่วไปคุณจะต้องประกาศการให้ความช่วยเหลือของคุณ เดินไปตามท่าเรือ เข้าหาผู้คนที่กำลังทำความสะอาดเรือยอตช์ พยายามติดต่อกับกะลาสีเรือในบาร์ และอื่น ๆ
thai_0951,tha_Thai.dev,951,พยายามพูดคุยกับคนอื่นให้มากที่สุดเท่าที่จะทำได้ หลังจากนั้นไม่นานทุกคนจะรู้จักคุณและจะให้คำแนะนำคุณว่าเรือลำใดกำลังต้องการคน
thai_0952,tha_Thai.dev,952,คุณควรเลือกสายการบินสำหรับโปรแกรมการสะสมไมล์ในพันธมิตรอย่างระมัดระวัง
thai_0953,tha_Thai.dev,953,แม้คุณอาจจะคิดว่าเป็นเรื่องดีที่จะใช้บริการสายการบินเดิม ๆ ที่คุณบินด้วยบ่อยที่สุด แต่ควรทราบไว้ว่าสิทธิพิเศษที่แต่ละสายการบินมอบให้มักจะแตกต่างกัน และคะแนนไมล์สะสมของสายการบินอื่นในกลุ่มพันธมิตรเดียวกันอาจให้ผลตอบแทนที่เป็นประโยชน์มากกว่า
thai_0954,tha_Thai.dev,954,สายการบินต่าง ๆ เช่น เอมิเรตส์ เอทิฮัด กาตาร์แอร์เวย์ และเตอร์กิชแอร์ไลน์ ได้ขยายบริการอย่างใหญ่หลวงไปยังแอฟริกา และให้บริการเชื่อมต่อไปยังเมืองใหญ่ ๆ ในแอฟริกาในราคาที่ถูกกว่าสายการบินอื่น ๆ ในยุโรป
thai_0955,tha_Thai.dev,955,ในปี 2014 สายการบินเตอร์กิชแอร์ไลน์ให้บริการเที่ยวบินสู่จุดหมายในทวีปแอฟริกาถึง 39 แห่ง ใน 30 ประเทศ
thai_0956,tha_Thai.dev,956,หากคุณมีเวลาเดินทางเพิ่มเติม โปรดตรวจสอบว่าเมื่อนำค่าเดินทางทั้งหมดสำหรับไปแอฟริกามาเทียบกับค่าเดินทางรอบโลกแล้วจะเป็นอย่างไร
thai_0957,tha_Thai.dev,957,อย่าลืมบวกค่าใช้จ่ายเพิ่มเติมของวีซ่าเพิ่มเติม ภาษีขาออก ค่าขนส่งภาคพื้นดิน และอื่น ๆ สำหรับสถานที่นอกแอฟริกาทั้งหมด
thai_0958,tha_Thai.dev,958,หากคุณต้องการบินรอบโลกในซีกโลกใต้อย่างสมบูรณ์ ตัวเลือกเที่ยวบินและจุดหมายปลายทางมีจำกัดเนื่องจากไม่มีเส้นทางที่ข้ามมหาสมุทร
thai_0959,tha_Thai.dev,959,ไม่มีพันธมิตรสายการบินซึ่งครอบคลุมการเดินทางข้ามมหาสมุทรครบสามแห่งในซีกโลกใต้ (และทาง SkyTeam ไม่ครอบคลุมการเดินทางข้ามมหาสมุทรใดๆ)
thai_0960,tha_Thai.dev,960,อย่างไรก็ตาม สตาร์อัลไลแอนซ์ครอบคลุมทุกอย่าง ยกเว้นด้านตะวันออกของแปซิฟิกใต้จากซานติอาโกเดชิเลถึงตาฮิติ ซึ่งก็คือเที่ยวบิน LATAM Oneworld นั่นเอง
thai_0961,tha_Thai.dev,961,หากคุณไม่ต้องการแวะที่แปซิฟิกใต้และชายฝั่งตะวันตกของอเมริกาใต้ ก็มีทางเลือกอื่น ที่ไม่ใช่เที่ยวบินนี้ (ดูด้านล่าง)
thai_0962,tha_Thai.dev,962,ในปี พ.ศ. 2537 ภูมิภาคอาร์มาเนียน นากอร์โน-คาราบัคในอาเซอร์ไบจานได้ทำสงครามกับชาวอาเซอร์
thai_0963,tha_Thai.dev,963,สาธารณรัฐใหม่จึงก่อตั้งขึ้นโดยมีประเทศอาร์เมเนียหนุนหลัง ทว่าไม่มีชาติใดยอมรับสาธารณรัฐนี้อย่างเป็นทางการเลย แม้แต่ประเทศอาร์เมเนียเองก็ตาม
thai_0964,tha_Thai.dev,964,การโต้แย้งทางการทูตในดินแดนแถบนี้ยังคงทำลายความสัมพันธ์ระหว่างอาร์เมเนียและอาเซอร์ไบจานต่อไป
thai_0965,tha_Thai.dev,965,ย่านคลอง (ภาษาดัตช์: Grachtengordel) คือย่านที่มีชื่อเสียงในศตวรรษที่ 17 ซึ่งอยู่ล้อมรอบบินเนนสตัดของอัมสเตอร์ดัม
thai_0966,tha_Thai.dev,966,ทั้งเขตถูกกำหนดให้เป็นมรดกโลกขององค์การยูเนสโก เนื่องจากเป็นสถานที่ที่มีคุณค่าทางวัฒนธรรมและประวัติศาสตร์ที่เป็นเอกลักษณ์ และมีมูลค่าทรัพย์สินสูงเป็นอันดับต้น ๆ ของประเทศ
thai_0967,tha_Thai.dev,967,"Cinque Terre ซึ่งหมายความว่าห้าดินแดน ประกอบด้วยหมู่บ้านชายฝั่งห้าหมู่บ้าน ได้แก่ Riomaggiore, Manarola, Corniglia, Vernazza และ Monterosso ซึ่งตั้งอยู่ในแคว้น Liguria ประเทศอิตาลี"
thai_0968,tha_Thai.dev,968,สถานที่เหล่านี้ได้รับการขึ้นทะเบียนให้เป็นแหล่งมรดกโลกของยูเนสโก
thai_0969,tha_Thai.dev,969,ในช่วงหลายศตวรรษที่ผ่านมา ผู้คนได้บรรจงสร้างตะพักบนภูมิประเทศที่ขรุขระและสูงชันขึ้นไปจนถึงหน้าผาที่มองเห็นทะเล
thai_0970,tha_Thai.dev,970,เสน่ห์ส่วนหนึ่งของที่นี่คือการที่แทบไม่มีสิ่งที่พัฒนาโดยองค์กรให้เห็นเลย สิ่งที่เชื่อมต่อหมู่บ้านต่าง ๆ คือทางเดิน รถไฟ และเรือ ส่วนรถยนต์ขับเข้าไปข้างในหมู่บ้านเหล่านั้นไม่ได้
thai_0971,tha_Thai.dev,971,ภาษาฝรั่งเศสรูปแบบต่าง ๆ ที่ใช้พูดกันในเบลเยียมและสวิตเซอร์แลนด์ต่างกับภาษาฝรั่งเศสที่ใช้พูดกันในฝรั่งเศสเล็กน้อย แต่ก็คล้ายคลึงกันมากพอที่จะเข้าใจกันได้
thai_0972,tha_Thai.dev,972,โดยเฉพาะอย่างยิ่ง ระบบการนับเลขในเบลเยียมและสวิตเซอร์แลนด์ที่พูดภาษาฝรั่งเศสมีลักษณะเฉพาะเล็ก ๆ น้อย ๆ ที่ต่างจากภาษาฝรั่งเศสที่พูดในฝรั่งเศส และการออกเสียงของคำบางคำจะแตกต่างกันเล็กน้อย
thai_0973,tha_Thai.dev,973,อย่างไรก็ตาม ชาวเบลเยียมและชาวสวิสทุกคนที่พูดภาษาฝรั่งเศสได้เคยเรียนภาษาฝรั่งเศสพื้นฐานในโรงเรียน ดังนั้นพวกเขาจะเข้าใจคุณ ถึงแม้คุณจะใช้ระบบเลขมาตรฐานของฝรั่งเศสก็ตาม
thai_0974,tha_Thai.dev,974,"ในหลาย ๆ ส่วนของโลก การโบกมือเป็นท่าทางที่เป็นมิตรซึ่งบ่งบอกถึงคำว่า ""สวัสดี"""
thai_0975,tha_Thai.dev,975,"ทว่าในมาเลเซีย (อย่างน้อยก็ในหมู่ชาวมาเลย์ที่อยู่ในชนบท) มันมีความหมายว่า ""เข้ามาสิ"" คล้ายกับการงอนิ้วชี้เข้าหาตัวซึ่งเป็นท่าทางที่ใช้กันในบางประเทศในฝั่งตะวันตก และควรใช้เพื่อจุดประสงค์ดังกล่าวเพียงอย่างเดียว"
thai_0976,tha_Thai.dev,976,ในทำนองเดียวกัน ชาวอังกฤษที่เดินทางไปสเปนก็อาจเข้าใจผิดว่าการโบกมือลาโดยหันฝ่ามือเข้าหาตัวผู้โบกเอง (ไม่ใช่หันไปทางคนที่ตนโบกมือให้) เป็นอากัปกิริยาที่ใช้เรียกให้กลับมาหา
thai_0977,tha_Thai.dev,977,ภาษาเสริมคือภาษาประดิษฐ์หรือภาษาที่สร้างขึ้นโดยมีวัตถุประสงค์เพื่ออำนวยความสะดวกในการสื่อสารระหว่างผู้คนที่อาจมีปัญหาในการสื่อสารหากไม่มีภาษานี้
thai_0978,tha_Thai.dev,978,พวกมันถูกแยกออกจากภาษากลาง ซึ่งเป็นภาษาธรรมชาติหรือภาษาออร์แกนิกซึ่งกลายเป็นภาษาที่มีบทบาทสำคัญด้วยเหตุผลใดเหตุผลหนึ่งในฐานะที่เป็นภาษากลางในการสื่อสารระหว่างบุคคลที่พูดภาษาต่างกัน
thai_0979,tha_Thai.dev,979,ในช่วงที่อากาศร้อนจัดยามกลางวัน นักเดินทางจะได้สัมผัสกับภาพลวงตาที่ทำให้เห็นเป็นน้ำ (หรือสิ่งอื่น ๆ)
thai_0980,tha_Thai.dev,980,หากนักท่องเที่ยวไล่ตามภาพลวงตาก็อาจก่อให้เกิดอันตรายได้ โดยจะทำให้สูญเสียพลังงานอันมีค่าและน้ำที่เหลืออยู่
thai_0981,tha_Thai.dev,981,แม้กระทั่งทะเลทรายที่ร้อนที่สุดก็อาจหนาวจัดได้ในตอนกลางคืน หากไม่สวมใส่เสื้อผ้าที่อบอุ่นก็มีความเสี่ยงอย่างมากที่จะเกิดภาวะอุณหภูมิร่างกายต่ำได้
thai_0982,tha_Thai.dev,982,หากตัดสินใจจะเดินทางผ่านป่าฝน คุณจะต้องระวังยุงให้ดี โดยเฉพาะอย่างยิ่งในฤดูร้อน
thai_0983,tha_Thai.dev,983,แม้ว่าคุณจะขับรถผ่านป่าฝนกึ่งเขตร้อน การเปิดประตูรถแค่ไม่กี่วินาทีเพื่อเข้าไปข้างในก็นานพอที่ยุงจะเข้าไปในรถพร้อมกับคุณ
thai_0984,tha_Thai.dev,984,ไข้หวัดนก หรือที่เรียกอย่างเป็นทางการว่าไข้หวัดสัตว์ปีกสามารถติดเชื้อได้ทั้งนกและสัตว์เลี้ยงลูกด้วยนม
thai_0985,tha_Thai.dev,985,มีรายงานผู้ป่วยน้อยกว่าหนึ่งพันรายในมนุษย์ แต่บางรายมีความรุนแรงถึงขั้นทำให้เสียชีวิตได้
thai_0986,tha_Thai.dev,986,ส่วนใหญ่แล้วจะเกิดขึ้นกับคนที่ทำงานเกี่ยวข้องกับสัตว์ปีกมากกว่า แต่นักดูนกก็มีความเสี่ยงเช่นกัน
thai_0987,tha_Thai.dev,987,ลักษณะที่พบเห็นได้ทั่วไปในนอร์เวย์คือฟยอร์ดและหุบเขาสูงชันซึ่งจู่ ๆ ก็นำไปสู่พื้นที่ราบสูงที่ราบเรียบไม่มากก็น้อย
thai_0988,tha_Thai.dev,988,"ที่ราบสูงเหล่านี้มักเรียกกันว่า ""vidde"" ซึ่งแปลว่าพื้นที่โล่ง ไร้ต้นไม้ และกว้างใหญ่ไพศาลอย่างไร้ขอบเขต"
thai_0989,tha_Thai.dev,989,"ใน Rogaland และ Agder เรียกว่า ""hei"" ซึ่งแปลว่าที่ลุ่มซึ่งปกคลุมไปด้วยทุ่งหญ้า"
thai_0990,tha_Thai.dev,990,ธารน้ำแข็งไม่จับตัวแข็งมากนัก แต่มันไหลลงไปตามภูเขา ซึ่งเป็นสาเหตุของรอยแตกและรอยแยกของน้ำแข็งบนภูเขา ซึ่งอาจจะถูกสะพานหิมะปกคลุมไว้
thai_0991,tha_Thai.dev,991,ผนังและหลังคาของถ้ำน้ำแข็งอาจถล่มลงมาได้และรอยแตกสามารถปิดเข้าหากันได้
thai_0992,tha_Thai.dev,992,ที่ขอบธารน้ำแข็ง น้ำแข็งก้อนมหึมาแตกออก ร่วงหล่น และอาจกระดอนหรือกลิ้งไปไกลจากขอบ
thai_0993,tha_Thai.dev,993,โดยทั่วไปแล้ว ฤดูท่องเที่ยวสำหรับสถานีเนินเขาจะอยู่ในช่วงฤดูร้อนของอินเดีย
thai_0994,tha_Thai.dev,994,อย่างไรก็ตาม สถานที่เหล่านี้มีความงามและเสน่ห์ในรูปแบบที่แตกต่างไปในฤดูหนาว โดยมีที่พักบนเนินเขามากมายที่ได้รับหิมะปริมาณเหมาะสมและให้บริการกิจกรรมต่าง ๆ เช่น การเล่นสกีและสโนว์บอร์ด
thai_0995,tha_Thai.dev,995,มีเพียงไม่กี่สายการบินเท่านั้นที่ยังคงเสนอค่าโดยสารเพื่อเยียวยาการสูญเสียที่จะช่วยลดค่าโดยสารเล็กน้อยให้ผู้ที่ต้องการเดินทางไปเข้าร่วมพิธีศพอย่างเร่งด่วน
thai_0996,tha_Thai.dev,996,สายการบินที่ให้บริการเหล่านี้ ได้แก่ แอร์แคนาดา เดลต้าแอร์ไลน์ ลุฟต์ฮันซา สำหรับเที่ยวบินที่ออกเดินทางจากสหรัฐอเมริกาหรือแคนาดา และเวสต์เจ็ต
thai_0997,tha_Thai.dev,997,คุณต้องจองทางโทรศัพท์โดยตรงกับสายการบินในทุกกรณี
thai_0998,tha_Thai.devtest,1,“ขณะนี้เรามีหนูอายุ 4 เดือนที่ไม่เป็นโรคเบาหวานซึ่งแต่ก่อนเคยเป็น” เขากล่าวเพิ่มเติม
thai_0999,tha_Thai.devtest,2,ดร.เอฮุด อูร์ ศาสตราจารย์แพทยศาสตร์แห่งมหาวิทยาลัยดัลเฮาซีในแฮลิแฟกซ์ รัฐโนวาสโกเชีย และประธานแผนกคลินิกและวิทยาศาสตร์แห่งสมาคมโรคเบาหวานแคนาดาได้กล่าวเตือนว่าการวิจัยนี้ยังอยู่ในระยะแรกเริ่มเท่านั้น
thai_1000,tha_Thai.devtest,3,เขาก็เหมือนกับผู้เชี่ยวชาญคนอื่น ๆ ที่สงสัยว่าโรคเบาหวานจะสามารถรักษาให้หายขาดได้หรือไม่ โดยที่ทราบว่าผลการวิจัยเหล่านี้ไม่ได้เกี่ยวข้องกับผู้ที่มีโรคเบาหวานชนิดที่ 1 อยู่แล้ว
thai_1001,tha_Thai.devtest,4,เมื่อวันจันทร์ที่ผ่านมา ซาร่า แดเนียส เลขานุการคณะกรรมการโนเบลสาขาวรรณกรรมของ Swedish Academy ประกาศต่อสาธารณชนในระหว่างการจัดรายการวิทยุทางสถานี Sveriges Radio ในสวีเดนว่า คณะกรรมการไม่สามารถติดต่อบ็อบ ดีแลนได้โดยตรงเกี่ยวกับเรื่องที่เขาได้รับรางวัลโนเบลสาขาวรรณกรรมประจำปี 2016 และล้มเลิกความพยายามที่จะติดต่อเขา
thai_1002,tha_Thai.devtest,5,"แดเนียสกล่าวว่า ""ตอนนี้เราไม่ได้ทำอะไรเลย ฉันโทรและส่งอีเมลไปยังเพื่อนร่วมงานที่ใกล้ชิดที่สุดของเขา และได้รับคำตอบที่เป็นมิตรมาก ๆ กลับมา สำหรับตอนนี้ แค่นั้นก็เพียงพอแล้ว"""
thai_1003,tha_Thai.devtest,6,ก่อนหน้านี้ Jamie Siminoff ประธานบริหารของ Ring กล่าวว่า บริษัทได้เริ่มต้นขึ้นเมื่อตอนที่เขาไม่สามารถได้ยินเสียงกริ่งหน้าประตูของเขาจากห้องทำงานในโรงรถได้
thai_1004,tha_Thai.devtest,7,เขาบอกว่าได้สร้างกริ่งประตู WiFi ขึ้นมา
thai_1005,tha_Thai.devtest,8,ซิมินอฟฟ์กล่าวว่า ยอดขายพุ่งทะยานขึ้นหลังจากที่เขาไปปรากฏตัวในตอนหนึ่งของรายการชาร์คแทงค์เมื่อปี 2013 แล้วคณะกรรมการในรายการปฏิเสธที่จะให้เงินลงทุนกับบริษัทสตาร์ทอัพนี้
thai_1006,tha_Thai.devtest,9,ในปลายปี 2017 ซิมินอฟฟ์ได้ปรากฏตัวในช่องโทรทัศน์ QVC สำหรับชอปปิง
thai_1007,tha_Thai.devtest,10,ริงยังได้ดำเนินการระงับข้อพิพาทกับบริษัทรักษาความปลอดภัย ADT Corporation ซึ่งเป็นคู่แข่งอีกด้วย
thai_1008,tha_Thai.devtest,11,แม้วัคซีนในขั้นทดลองตัวหนึ่งจะสามารถลดอัตราการเสียชีวืตจากอีโบลาได้ แต่จนถึงขณะนี้ก็ยังไม่ได้มียาตัวใดแสดงให้เห็นได้อย่างชัดแจ้งว่าเหมาะสำหรับใช้รักษาการติดเชื้อที่มีอยู่
thai_1009,tha_Thai.devtest,12,แรกเริ่มเดิมที ค็อกเทลแอนติบอดีที่ชื่อว่า ZMapp ดูเป็นสิ่งที่น่าจะใช้งานได้ดีในขอบข่ายนี้ ทว่าการศึกษาวิจัยอย่างเป็นทางการระบุว่ามันมีประโยชน์ในการป้องกันการเสียชีวิตน้อยกว่าที่ต้องการ
thai_1010,tha_Thai.devtest,13,ในการทดลองแบบ PALM นั้น ZMapp ทำหน้าที่เป็นตัวแปรควบคุม ซึ่งหมายความว่านักวิทยาศาสตร์ใช้มันเป็นบรรทัดฐานและเป็นตัวเปรียบเทียบกับการรักษาอีก 3 วิธี
thai_1011,tha_Thai.devtest,14,USA Gymnastics สนับสนุนจดหมายจากคณะกรรมการโอลิมปิกแห่งสหรัฐอเมริกา รวมทั้งเห็นด้วยที่ครอบครัวโอลิมปิกต้องการจะส่งเสริมสภาพแวดล้อมปลอดภัยสำหรับนักกีฬาของเราทุกคนอย่างแท้จริง
thai_1012,tha_Thai.devtest,15,เราเห็นด้วยกับคำแถลงของคณะกรรมการโอลิมปิกแห่งสหรัฐ (USOC) ที่ว่านักกีฬาและสโมสรเราอาจได้รับผลประโยชน์มากขึ้น รวมทั้งกีฬาของพวกเขาให้ดีขึ้นด้วยการก้าวไปข้างหน้าพร้อมการเปลี่ยนแปลงที่สำคัญภายในองค์กรของเราแทนที่จะถอนใบอนุญาตหรือใบรับรอง
thai_1013,tha_Thai.devtest,16,USA Gymnastics สนับสนุนการสอบสวนอิสระซึ่งอาจเปิดเผยให้เห็นวิธีที่ทำให้ไม่มีผู้สังเกตเห็นการล่วงละเมิดทางเพศมาเป็นระยะเวลานาน ที่ผู้รอดชีวิตจากนายแลร์รี แนสซาร์ได้นำมาบอกกล่าวอย่างกล้าหาญ พร้อมทั้งยอมรับการเปลี่ยนแปลงที่จำเป็นและเหมาะสม
thai_1014,tha_Thai.devtest,17,USA Gymnastics และ USOC มีเป้าหมายเดียวกัน คือ การทำให้กีฬายิมนาสติกและกีฬาประเภทอื่น ๆ เป็นกีฬาที่ปลอดภัยต่อนักกีฬามากที่สุดเท่าที่จะเป็นไปได้ เพื่อให้พวกเขาได้ทำตามความฝันในสภาพแวดล้อมที่ปลอดภัย เป็นผลดี และมีพลัง
thai_1015,tha_Thai.devtest,18,ตลอดทศวรรษที่ 1960 Brzezinski ทำงานให้กับจอห์น เอฟ. เคนเนดี ในตำแหน่งที่ปรึกษา จากนั้นเป็นเจ้าหน้าที่บริหารของลินดอน บี. จอห์นสัน
thai_1016,tha_Thai.devtest,19,ในระหว่างการเลือกตั้งในปี 1976 เขาให้คำแนะนำแก่คาร์เตอร์เกี่ยวกับนโยบายการต่างประเทศ จากนั้นดำรงตำแหน่งที่ปรึกษาความมั่นคงแห่งชาติ (NSA) ต่อจากเฮนรี คิสซินเจอร์ ตั้งแต่ปี 1977 ถึง 1981
thai_1017,tha_Thai.devtest,20,ในฐานะที่ปรึกษาความมั่นคงแห่งชาติ เขาได้ช่วยคาร์เตอร์ในการดูแลจัดการกิจการโลก เช่น สนธิสัญญาสันติภาพแคมป์เดวิด ปี 1978 การปรับความสัมพันธ์ระหว่างสหรัฐฯ และจีนให้เป็นปกติตลอดช่วงปลายทศวรรษ 1970 การปฏิวัติอิหร่านซึ่งนำไปสู่วิกฤตการณ์ตัวประกันอิหร่านปี 1979 และการรุกรานอัฟกานิสถานของสหภาพโซเวียตในปี 1979
thai_1018,tha_Thai.devtest,21,ภาพยนตร์ที่ไรอัน กอสลิงและเอ็มม่า สโตนเล่นได้รับการเสนอชื่อในทุกประเภทที่สำคัญ
thai_1019,tha_Thai.devtest,22,กอสลิงและสโตนได้รับการเสนอชื่อเข้าชิงรางวัลนักแสดงนำชายและนักแสดงนำหญิงยอดเยี่ยมตามลำดับ
thai_1020,tha_Thai.devtest,23,การเสนอชื่อเข้าชิงอื่น ๆ ได้แก่ ภาพยนตร์ยอดเยี่ยม ผู้กำกับยอดเยี่ยม การถ่ายทำยอดเยี่ยม ออกแบบเครื่องแต่งกายยอดเยี่ยม ลำดับภาพยอดเยี่ยม ดนตรีประกอบภาพยนตร์ยอดเยี่ยม ออกแบบการผลิตยอดเยี่ยม ลำดับเสียงยอดเยี่ยม บันทึกเสียงยอดเยี่ยม และ บทภาพยนตร์ยอดเยี่ยม
thai_1021,tha_Thai.devtest,24,เพลงจากภาพยนตร์เรื่อง Audition (The Fools Who Dream) และ City of Stars ได้รับการเสนอชื่อเข้าชิงรางวัลเพลงประกอบภาพยนตร์ยอดเยี่ยมสองเพลง ได้รับการเสนอชื่อ 26 รายการ ซึ่งมากกว่าค่ายหนังอื่น ๆ ทั้งหมด
thai_1022,tha_Thai.devtest,25,ในช่วงสายของวันอาทิตย์ ประธานาธิบดีโดนัลด์ ทรัมป์ของสหรัฐอเมริกาประกาศในแถลงการณ์ที่ส่งผ่านเลขาธิการสื่อมวลชนว่าสหรัฐฯ จะถอนกองทัพออกจากซีเรีย
thai_1023,tha_Thai.devtest,26,คำประกาศนี้เกิดขึ้นหลังจากที่ทรัมป์สนทนาทางโทรศัพท์กับประธานาธิบดีเรเจป ไตยิป แอร์โดอันของตุรกี
thai_1024,tha_Thai.devtest,27,ตุรกีจะเข้าควบคุมเครื่องบินรบรักษาความปลอดภัย ISIS ที่ถูกยึดครอง ซึ่งแถลงการณ์ระบุว่าชาติในยุโรปปฏิเสธที่จะส่งคืนกลับประเทศ
thai_1025,tha_Thai.devtest,28,สิ่งนี้ไม่เพียงแต่ยืนยันทฤษฎีที่แพร่หลายไปแล้วว่าไดโนเสาร์บางตัวก็มีขน แต่ยังให้รายละเอียดเพิ่มเติมที่ฟอสซิลทั่วไปไม่สามารถให้ได้อีกด้วย เช่น สีและการจัดเรียงแบบสามมิติ
thai_1026,tha_Thai.devtest,29,นักวิทยาศาสตร์กล่าวว่าขนของสัตว์ชนิดนี้มีสีน้ำตาลเหมือนผลเกาลัดที่ด้านบน และมีสีที่ซีดหรือสีเหมือนสารแคโรทีนที่ด้านล่าง
thai_1027,tha_Thai.devtest,30,การค้นพบเกี่ยวกับเรื่องดังกล่าวยังช่วยให้เห็นวิวัฒนาการของขนนกในเชิงลึกอีกด้วย
thai_1028,tha_Thai.devtest,31,เนื่องจากขนของไดโนเสาร์ไม่มีก้านที่พัฒนามาอย่างดีที่เรียกว่า rachis แต่มีคุณสมบัติอื่น ๆ ของขนนก เช่น ขนอุยและ เส้นขนย่อย นักวิจัยจึงสรุปว่า rachis น่าจะเป็นการวิวัฒนาการที่เกิดขึ้นภายหลังคุณสมบัติอื่น ๆ เหล่านี้
thai_1029,tha_Thai.devtest,32,โครงสร้างของขนแสดงให้เห็นว่าขนเหล่านี้ไม่ได้มีไว้สำหรับบิน แต่มีไว้เพื่อควบคุมอุณหภูมิหรือแค่ความสวยงามเสียมากกว่า นักวิจัยชี้ว่าแม้ว่านี่จะเป็นหางของไดโนเสาร์อายุน้อย แต่ตัวอย่างก็แสดงให้เห็นว่าเป็นขนนกที่โตเต็มวัยไม่ใช่ขนลูกเจี๊ยบ
thai_1030,tha_Thai.devtest,33,นักวิจัยกล่าวชี้ให้เห็นว่า แม้จะเป็นหางของไดโนเสาร์อายุไม่มาก แต่ตัวอย่างก็แสดงให้เห็นว่านี่เป็นขนของนกที่โตเต็มวัยแล้วไม่ใช่ขนของลูกเจี๊ยบ
thai_1031,tha_Thai.devtest,34,การจุดชนวนระเบิดติดรถที่สำนักงานตำรวจในเมืองกาเซียนเท็ป ประเทศตุรกี เมื่อเช้าวานนี้ ทำให้เจ้าหน้าที่ตำรวจเสียชีวิตสองนายและมีผู้ได้รับบาดเจ็บมากกว่ายี่สิบราย
thai_1032,tha_Thai.devtest,35,สำนักงานผู้ว่าราชการแถลงว่าผู้บาดเจ็บ 19 รายนั้นเป็นเจ้าหน้าที่ตำรวจ
thai_1033,tha_Thai.devtest,36,ตำรวจกล่าวว่าพวกเขาสงสัยว่ากลุ่มที่ถูกกล่าวหาว่าเป็น Daesh (ISIL) กลุ่มหนึ่งจะเป็นผู้รับผิดชอบต่อการโจมตีครั้งนี้
thai_1034,tha_Thai.devtest,37,พวกเขาพบว่าการเคลื่อนที่ของดวงอาทิตย์ใช้หลักการพื้นฐานเดียวกับดาวฤกษ์ดวงอื่น ๆ โดยพบว่ากิจกรรมต่าง ๆ ของดวงดาวทั้งหมดในระบบถูกขับเคลื่อนโดยความสว่างและการหมุนของพวกมันเท่านั้น ไม่มีสิ่งอื่นใดอีก
thai_1035,tha_Thai.devtest,38,มีการนำความส่องสว่างและการหมุนมาใช้ร่วมกันเพื่อกำหนดค่ารอสส์บีนัมเบอร์ของดวงดาว ซึ่งเกี่ยวข้องกับการไหลของพลาสมา
thai_1036,tha_Thai.devtest,39,ยิ่งจำนวนรอสส์บีนัมเบอร์น้อยมากเท่าใด ดาวดวงนั้นก็จะมีการเคลื่อนไหวน้อยลงเท่านั้นโดยสัมพันธ์กับการพลิกกลับของขั้วแม่เหล็กโลก
thai_1037,tha_Thai.devtest,40,ระหว่างเดินทาง อิวาซากิประสบปัญหาหลายประการ
thai_1038,tha_Thai.devtest,41,เขาถูกโจรสลัดปล้น ถูกสุนัขบ้ากัดในทิเบต หนีการแต่งงานในเนปาล และถูกจับกุมในอินเดีย
thai_1039,tha_Thai.devtest,42,มาตรฐาน 802.11n ทำงานได้ทั้งบนความถี่ 2.4 กิกะเฮิร์ตซ์ และ 5.0 กิกะเฮิร์ตซ์
thai_1040,tha_Thai.devtest,43,"ซึ่งจะทำให้มันสามารถย้อนกลับไปใช้งานร่วมกับ 802.11a, 802.11b และ 802.11g ได้หากสถานีหลักมีวิทยุคู่"
thai_1041,tha_Thai.devtest,44,ความเร็วของ 802.11n นั้นเร็วกว่ารุ่นก่อนหน้าอย่างเห็นได้ชัด โดยมีปริมาณทรูพุตสูงสุดอยู่ที่ 600 Mbit/s ในเชิงทฤษฎี
thai_1042,tha_Thai.devtest,45,ดูวาลล์ซึ่งแต่งงานและมีลูกซึ่งโตเป็นผู้ใหญ่แล้วสองคนไม่ได้ทำให้มิลเลอร์ซึ่งเกี่ยวข้องในเรื่องนี้ประทับใจมากนัก
thai_1043,tha_Thai.devtest,46,"เมื่อถูกถามถึงความคิดเห็น มิลเลอร์ได้กล่าวว่า ""ไมค์พูดเยอะมากในระหว่างการพิจารณาคดี...ผมกำลังเตรียมตัวให้พร้อม ก็เลยไม่ได้ยินสิ่งที่เขาพูดนัก"""
thai_1044,tha_Thai.devtest,47,เราจะพยายามอย่างยิ่งยวดในการลดการปล่อยก๊าซคาร์บอนไดออกไซด์ต่อหน่วยของผลิตภัณฑ์มวลรวมประเทศให้น้อยลงภายในปี 2020 โดยให้ลดลงจากระดับที่เกิดขึ้นในปี 2005 Hu กล่าว
thai_1045,tha_Thai.devtest,48,เขาไม่ได้กำหนดตัวเลขสำหรับการตัดงบประมาณ โดยกล่าวว่าการกำหนดจะขึ้นอยู่กับผลผลิตทางเศรษฐกิจของจีน
thai_1046,tha_Thai.devtest,49,"หูสนับสนุนประเทศกำลังพัฒนาต่าง ๆ ให้ ""หลีกเลี่ยงแนวทางเก่าที่เน้นก่อมลพิษเสียก่อนแล้วจึงค่อยแก้ไขในภายหลัง"""
thai_1047,tha_Thai.devtest,50,"เขากล่าวต่อว่า ""ถึงอย่างไรพวกเขาก็ไม่ควรถูกขอให้รับภาระหน้าที่ที่เกินขอบเขตขั้นตอนการพัฒนา ความรับผิดชอบ และความสามารถของพวกเขา"""
thai_1048,tha_Thai.devtest,51,วันนี้เมื่อเวลา 12.00 น. ตามเวลามาตรฐานสากล กลุ่ม Iraq Study Group ได้นำเสนอรายงานของพวกเขา
thai_1049,tha_Thai.devtest,52,ข้อความเตือนว่าไม่มีใครรับประกันได้ว่า การดำเนินการใด ๆ ในอิรัก ณ ขณะนี้จะสามารถหยุดยั้งสงครามการแบ่งแยก ความรุนแรงที่กำลังเพิ่มมากขึ้น หรือการเข้าสู่ความโกลาหลได้
thai_1050,tha_Thai.devtest,53,รายงานฉบับนี้เริ่มต้นด้วยการร้องขอให้มีการอภิปรายอย่างเปิดเผยและให้มีการลงฉันทามติในสหรัฐอเมริกาเกี่ยวกับนโยบายที่มีต่อตะวันออกกลาง
thai_1051,tha_Thai.devtest,54,รายงานฉบับนี้มีความสำคัญอย่างยิ่งต่อนโยบายปัจจุบันที่ผู้บริหารมีต่ออิรักในเกือบทุกแง่มุม อีกทั้งยังกระตุ้นให้เกิดการเปลี่ยนแปลงทิศทางได้ในทันที
thai_1052,tha_Thai.devtest,55,ประการแรกในข้อเสนอแนะทั้ง 78 ข้อคือควรดำเนินการริเริ่มทางการทูตใหม่ก่อนสิ้นปีนี้ เพื่อรักษาพรมแดนของอิรักไม่ให้เกิดการแทรกแซงที่ไม่เป็นมิตร และเพื่อสร้างความสัมพันธ์อันดีทางการทูตกับเพื่อนบ้านอีกครั้ง
thai_1053,tha_Thai.devtest,56,เมื่อเย็นวานนี้ คริสติน่า เฟอร์นันเดซ เด เคียร์ชเนอร์ ซึ่งเป็นวุฒิสมาชิกคนปัจจุบันรวมถึงสุภาพสตรีหมายเลขหนึ่งของอาร์เจนตินา ได้ประกาศลงสมัครรับเลือกตั้งตำแหน่งประธานาธิบดี ที่ ลา ปลาตา ซึ่งเป็นเมืองที่ห่างจากบัวโนสไอเรส 50 กิโลเมตร (31 ไมล์)
thai_1054,tha_Thai.devtest,57,นางเคิร์ชเนอร์ประกาศความตั้งใจเข้าสมัครเลือกตั้งเป็นประธานาธิบดีที่โรงละครอาร์เจนติน่า ซึ่งเป็นสถานที่เดียวกับที่ใช้หาเสียงเมื่อปี 2005 ของวุฒิสภาในฐานะสมาชิกคณะผู้แทนจังหวัดบัวโนสไอเรส
thai_1055,tha_Thai.devtest,58,"การอภิปรายในครั้งนี้เป็นผลจากความขัดแย้งเรื่องการใช้จ่ายในการบรรเทาทุกข์และก่อสร้างใหม่สืบเนื่องจากเฮอร์ริเคนแคทรีนา ซึ่งนักอนุรักษ์การคลังบางคนเรียกอย่างติดตลกว่า ""ข้อเสนอนิวออร์ลีนส์ของบุช"""
thai_1056,tha_Thai.devtest,59,การวิพากษ์วิจารณ์อย่างเสรีเกี่ยวกับความพยายามในการฟื้นฟูมุ่งเน้นไปที่การมอบรางวัลสัญญาบูรณะแก่บุคคลวงในที่อยู่ในวอชิงตันที่ได้รับรู้
thai_1057,tha_Thai.devtest,60,ผู้คนกว่าสี่ล้านคนไปเข้าร่วมพิธีศพที่กรุงโรม
thai_1058,tha_Thai.devtest,61,จำนวนคนที่มาปรากฏตัวมีมากเสียจนกระทั่งไม่สามารถเข้าถึงงานศพในจัตุรัสเซนต์ปีเตอร์ได้ทุกคน
thai_1059,tha_Thai.devtest,62,จอโทรทัศน์ขนาดใหญ่หลายจอได้รับการติดตั้งในสถานที่ต่าง ๆ ในกรุงโรมเพื่อให้ประชาชนได้รับชมพระราชพิธี
thai_1060,tha_Thai.devtest,63,ในเมืองอื่น ๆ หลายเมืองของอิตาลีและในส่วนอื่น ๆ ของโลก โดยเฉพาะในโปแลนด์ มีการจัดงานที่คล้ายกันซึ่งมีผู้เข้าชมจำนวนมาก
thai_1061,tha_Thai.devtest,64,นักประวัติศาสตร์ได้วิพากษ์วิจารณ์นโยบายในอดีตของเอฟบีไอที่เน้นใช้ทรัพยากรไปในคดีที่คลี่คลายได้ง่าย โดยเฉพาะคดีรถที่ถูกขโมย โดยมีวัตถุประสงค์เพื่อเพิ่มอัตราความสำเร็จของหน่วยงาน
thai_1062,tha_Thai.devtest,65,สภาคองเกรสเริ่มให้เงินสนับสนุนโครงการปราบปรามสื่อลามกอนาจารในปีงบประมาณ 2005 และระบุว่า FBI ต้องมอบเจ้าหน้าที่ 10 คนให้ทำหน้าที่ปราบปรามสื่อลามกสำหรับผู้ใหญ่
thai_1063,tha_Thai.devtest,66,Robin Uthappa ทำแต้มสูงสุดในอินนิ่ง คือ 70 รันในการขว้างบอลเพียง 41 ครั้งโดยการตี 4 รัน 11 ครั้ง และ 6 รัน 2 ครั้ง
thai_1064,tha_Thai.devtest,67,ผู้ตีลำดับกลาง ซาชิน เทนดัลคาร์และราห์อุล ดราวิดทำผลงานได้ดีและสามารถร่วมกันวิ่งได้ร้อยรัน
thai_1065,tha_Thai.devtest,68,แต่หลังจากการเสียวิกเก็ตของกัปตัน อินเดียทำได้เพียง 36 รัน โดยเสีย 7 วิกเก็ตเพื่อจบอินนิ่ง
thai_1066,tha_Thai.devtest,69,ประธานาธิบดีสหรัฐอเมริกาจอร์จ ดับเบิลยู. บุช ได้เดินทางมาถึงประเทศสิงคโปร์ในเช้าวันที่ 16 พฤศจิกายน ซึ่งเป็นการเริ่มต้นเดินทางทั่วเอเชียตลอดหนึ่งสัปดาห์
thai_1067,tha_Thai.devtest,70,เขาได้รับการต้อนรับจาก หว่อง กัน เส็ง ผู้เป็นรองนายกรัฐมนตรีของสิงคโปร์และพูดคุยเกี่ยวกับปัญหาด้านการค้าและการก่อการร้ายกับ ลี เซียนลุง นายกรัฐมนตรีสิงคโปร์
thai_1068,tha_Thai.devtest,71,หลังจากพ่ายแพ้การเลือกตั้งกลางเทอมไปได้หนึ่งสัปดาห์ บุชได้กล่าวถึงการขยายเขตทางการค้าในภูมิภาคเอเชีย
thai_1069,tha_Thai.devtest,72,นายกรัฐมนตรีสตีเฟน ฮาร์เปอร์ ตกลงให้มีการยื่น 'พรบ.อากาศสะอาด' ของรัฐบาลต่อคณะกรรมการทุกพรรคการเมืองเพื่อพิจารณา ก่อนการประชุมวาระที่สอง หลังจากการประชุมเมื่อวันอังคารกับ แจ็ค เลย์ตัน ผู้นำพรรคประชาธิปไตยใหม่ที่สำนักนายกรัฐมนตรี (ประเทศแคนาดา) เป็นเวลา 25 นาที
thai_1070,tha_Thai.devtest,73,"ขณะที่ประชุมกับนายกรัฐมนตรี เลย์ตันได้ร้องขอให้มีการปรับเปลี่ยนร่างกฎหมายสิ่งแวดล้อมของพรรคอนุรักษ์นิยม โดยที่เขาขอให้มีการเขียนร่างกฎหมายสิ่งแวดล้อมของพรรคดังกล่าวขึ้นใหม่ ""อย่างละเอียดและครบถ้วน"""
thai_1071,tha_Thai.devtest,74,นับตั้งแต่รัฐบาลกลางก้าวเข้ามาควบคุมเรื่องการระดมทุนของโรงพยาบาลเมอร์ซีย์ในเดวอนพอร์ต รัฐแทสเมเนีย รัฐบาลประจำรัฐและส.ส.ของรัฐบาลกลางบางคนได้วิพากษ์วิจารณ์การกระทำนี้ว่าเป็นฉากเด็ดในการโหมโรงการเลือกตั้งระดับรัฐบาลกลางที่จะเกิดขึ้นในเดือนพฤศจิกายน
thai_1072,tha_Thai.devtest,75,แต่นายกรัฐมนตรีจอห์น โฮเวิร์ด ได้กล่าวว่า กฎหมายนี้เป็นเพียงเกราะป้องกันสิ่งอำนวยความสะดวกของโรงพยาบาลจากการถูกรัฐบาลแทสมาเนียลดระดับในการมอบเงินเพิ่มอีก 45 ล้านดอลลาร์ออสเตรเลีย
thai_1073,tha_Thai.devtest,76,จากแถลงการณ์ล่าสุด ค่าระดับน้ำทะเลบ่งบอกว่ามีสึนามิเกิดขึ้นแล้ว มีการรายงานถึงกิจกรรมที่เกี่ยวข้องกับสึนามิแน่นอนใกล้กับ Pago Pago และ Niue
thai_1074,tha_Thai.devtest,77,ไม่มีรายงานความเสียหายหรือการบาดเจ็บที่สำคัญในตองกา แต่ไม่มีไฟฟ้าชั่วคราว ซึ่งมีรายงานว่าทางการตองกาไม่ได้รับประกาศเตือนเกี่ยวกับสึนามิที่ออกโดย PTWC
thai_1075,tha_Thai.devtest,78,ทุกวันพุธ โรงเรียน 14 แห่งในฮาวายที่ตั้งอยู่บนหรือใกล้กับชายฝั่งจะปิดทำการแม้จะมีการยกเลิกประกาศเตือนไปแล้ว
thai_1076,tha_Thai.devtest,79,ประธานาธิบดีสหรัฐอเมริกาจอร์จ ดับเบิลยู. บุช ได้ยินดีกับการประกาศดังกล่าว
thai_1077,tha_Thai.devtest,80,"Gordon Johndroe โฆษกของบุช เรียกคำปฏิญาณของเกาหลีเหนือว่า ""ก้าวสำคัญสู่เป้าหมายความสำเร็จในการปลดอาวุธนิวเคลียร์ที่สามารถพิสูจน์ได้แห่งคาบสมุทรเกาหลี"""
thai_1078,tha_Thai.devtest,81,พายุหมุนกึ่งเขตร้อนเจอร์รี่ซึ่งเป็นพายุลูกที่สิบของฤดูเฮอร์ริเคนในมหาสมุทรแอตแลนติกได้ก่อตัวขึ้นในมหาสมุทรแอตแลนติกวันนี้
thai_1079,tha_Thai.devtest,82,ศูนย์เฮอร์ริเคนแห่งชาติ (NHC) แถลงว่า ณ ขณะนี้เจอร์รี่ไม่มีวี่แววว่าจะเป็นภัยคุกคามต่อแผ่นดิน
thai_1080,tha_Thai.devtest,83,กรมการทหารช่างสหรัฐฯ คาดการณ์ว่าน้ำฝนที่มีปริมาณ 6 นิ้วอาจทำให้เขื่อนที่ได้รับความเสียหายอยู่แล้วแตกได้
thai_1081,tha_Thai.devtest,84,ขณะนี้ วอร์ดที่เก้าซึ่งเคยมีระดับน้ำท่วมสูงถึง 20 ฟุตในระหว่างที่เกิดเฮอร์ริเคนแคทรีนามีระดับน้ำที่สูงจนถึงเอวเนื่องจากเขื่อนในพื้นที่ใกล้เคียงถูกน้ำท่วม
thai_1082,tha_Thai.devtest,85,น้ำท่วมทะลักเขื่อนกั้นน้ำในส่วนที่มีความกว้าง 100 ฟุต
thai_1083,tha_Thai.devtest,86,ระหว่างการพูดคุยกับ Wikinews เมื่อเดือนที่แล้ว Adam Cuerden ซึ่งเป็นผู้ดูแลระบบทั่วไปแสดงความไม่พอใจเรื่องการลบภาพ
thai_1084,tha_Thai.devtest,87,เขา [เวลส์] โกหกเราตั้งแต่แรกเริ่มแล้ว อย่างแรก เขาทำราวกับว่านี่เป็นเหตุผลทางกฎหมาย อย่างที่สอง เขาแสร้งทำเป็นว่ากำลังฟังเราจนกระทั่งมีการลบรูปภาพ
thai_1085,tha_Thai.devtest,88,ความไม่พอใจของชุมชนนำไปสู่ความพยายามในปัจจุบันที่จะร่างนโยบายเกี่ยวกับเนื้อหาทางเพศสำหรับเว็บไซต์นี้ซึ่งให้บริการพื้นที่สำหรับสื่อที่ได้รับอนุญาตอย่างเปิดเผยหลายล้าน
thai_1086,tha_Thai.devtest,89,งานที่ทำเสร็จแล้วส่วนใหญ่เป็นไปตามทฤษฎี แต่โปรแกรมนี้เขียนขึ้นเพื่อจำลองการเฝ้าสังเกตกาแล็กซีซาจิททาเรียส
thai_1087,tha_Thai.devtest,90,ผลกระทบที่ทีมต้องการน่าจะเกิดจากแรงไทดัลระหว่างสสารมืดของกาแล็กซีและสสารมืดของทางช้างเผือก
thai_1088,tha_Thai.devtest,91,ทางช้างเผือกส่งพลังดึงกาแล็กซีซาจิทาเรียสเข้าหา เช่นเดียวกับที่ดวงจันทร์ออกแรงดึงโลกจนทำให้เกิดกระแสน้ำ
thai_1089,tha_Thai.devtest,92,นักวิทยาศาสตร์สามารถสรุปได้ว่าสสารมืดมีผลกระทบต่อสสารมืดอื่น ๆ ในลักษณะเดียวกับสสารปกตินั่นเอง
thai_1090,tha_Thai.devtest,93,ทฤษฎีนี้กล่าวว่า สสารมืดรอบกาแล็กซี่หนึ่งนั้นตั้งอยู่รอบกาแล็กซี่หนึ่งในแบบรัศมี และเกิดขึ้นจากอนุภาคขนาดเล็กเป็นจำนวนมาก
thai_1091,tha_Thai.devtest,94,รายงานทางโทรทัศน์แสดงให้เห็นควันสีขาวราวหิมะลอยออกมาจากโรงไฟฟ้าแห่งนี้
thai_1092,tha_Thai.devtest,95,เจ้าหน้าที่ระดับท้องถิ่นประกาศเตือนผู้พักอาศัยในบริเวณใกล้เคียงกับโรงงานให้ใช้ชีวิตอยู่ภายในบ้านหรือตัวอาคาร พร้อมทั้งปิดเครื่องปรับอากาศ และหลีกเลี่ยงการดื่มน้ำประปา
thai_1093,tha_Thai.devtest,96,อ้างอิงจากหน่วยงานนิวเคลียร์ของญี่ปุ่น มีการตรวจพบกัมมันตรังสีซีเซียมและไอโอดีนในโรงงาน
thai_1094,tha_Thai.devtest,97,เจ้าหน้าที่คาดว่านี่คือสิ่งที่ชี้ให้เห็นว่าตู้คอนเทนเนอร์บรรจุเชื้อเพลิงยูเรเนียมที่อยู่ในบริเวณนั้นอาจเกิดการชำรุดและกำลังรั่วไหล
thai_1095,tha_Thai.devtest,98,ดร. โทนี่ มอลล์ค้นพบเชื้อวัณโรคที่ดื้อยาอย่างสุดขีด (XDR-TB) ในภูมิภาค KwaZulu-Natal ของแอฟริกาใต้
thai_1096,tha_Thai.devtest,99,"ในการให้สัมภาษณ์ครั้งหนึ่ง เขากล่าวว่าความผันแปรใหม่นี้ ""น่าตกใจและรบกวนจิตใจอย่างยิ่งเนื่องจากอัตราการเสียชีวิตที่สูงมาก"""
thai_1097,tha_Thai.devtest,100,ดร.มอลล์คาดว่าผู้ป่วยบางรายอาจติดเชื้อจากที่โรงพยาบาล โดยมีเจ้าหน้าที่สาธารณสุขของโรงพยาบาลอย่างน้อยสองคน
thai_1098,tha_Thai.devtest,101,ในเวลาหนึ่งปี ผู้ติดเชื้ออาจทำให้ผู้สัมผัสใกล้ชิดติดเชื้อ 10 ถึง 15 ราย
thai_1099,tha_Thai.devtest,102,"อย่างไรก็ดี กลุ่มผู้ป่วยวัณโรคทั้งหมดยังดูจะมีค่าร้อยละของ XDR-TB ต่ำอยู่คือนับเป็นจำนวน 6,000 รายจากทั้งหมด 330,000 รายผู้ติดเชื้อในเวลาใดเวลาหนึ่งในแอฟริกาใต้"
thai_1100,tha_Thai.devtest,103,"ดาวเทียมซึ่งมีน้ำหนักเกิน 1,000 ปอนด์ และเดินทางด้วยความเร็วราว 17,500 ไมล์ต่อชั่วโมงทั้งสองดวงเกิดการชนปะทะกันที่ระยะ 491 ไมล์เหนือพื้นโลก"
thai_1101,tha_Thai.devtest,104,นักวิทยาศาสตร์กล่าวว่าแรงระเบิดที่เกิดจากการชนนั้นมหาศาล
thai_1102,tha_Thai.devtest,105,พวกเขายังคงพยายามหาข้อสรุปว่าการชนครั้งนี้มีขนาดใหญ่แค่ไหนและจะส่งผลกระทบต่อโลกอย่างไรบ้าง
thai_1103,tha_Thai.devtest,106,หน่วยบัญชาการยุทธศาสตร์ของกระทรวงกลาโหมสหรัฐอเมริกากำลังติดตามเศษซากชิ้นส่วน
thai_1104,tha_Thai.devtest,107,จะมีการโพสต์ผลวิเคราะห์การพล็อตกราฟในเว็บไซต์สาธารณะ
thai_1105,tha_Thai.devtest,108,เจ้าหน้าที่ในรัฐโอไฮโอกล่าวว่า แพทย์ผู้ปฏิบัติงานที่โรงพยาบาลเด็กเมืองพิตต์สเบิร์กในรัฐเพนซิลเวเนียรายหนึ่งจะถูกตั้งข้อหาคดีฆาตกรรม หลังจากที่มีการพบร่างไร้วิญญาณของมารดาในท้ายรถของเธอเองเมื่อวันพุธที่ผ่านมา
thai_1106,tha_Thai.devtest,109,ดร. Malar Balasubramanian วัย 29 ปี ถูกพบใน Blue Ash รัฐโอไฮโอ ซึ่งเป็นชานเมืองที่อยู่ห่างจากทางเหนือของซินซินนาติประมาณ 15 ไมล์ ขณะนอนอยู่บนพื้นข้างถนนโดยสวมเสื้อยืดและกางเกงชั้นใน ในสภาพที่ดูเหมือนอัดยามาอย่างหนัก
thai_1107,tha_Thai.devtest,110,เธอพาเจ้าหน้าที่ตำรวจไปที่รถโอลด์สโมบิล อินทริก สีดำของเธอซึ่งจอดห่างออกไป 500 ฟุต
thai_1108,tha_Thai.devtest,111,ณ ที่นั้น พวกเขาพบร่างของ Saroja Balasubramanian วัย 53 ปีซึ่งมีผ้าห่มเปื้อนเลือดปกคลุมอยู่
thai_1109,tha_Thai.devtest,112,ตำรวจกล่าวว่า ดูเหมือนศพจะอยู่ตรงนั้นมาประมาณหนึ่งวันแล้ว
thai_1110,tha_Thai.devtest,113,มีรายงานเกี่ยวกับผู้ป่วยโรคนี้รายแรก ๆ ในฤดูกาลนี้ในปลายเดือนกรกฎาคม
thai_1111,tha_Thai.devtest,114,โรคนี้มีสุกรเป็นพาหะซึ่งถ่ายทอดสู่มนุษย์หลังจากนั้นผ่านทางยุง
thai_1112,tha_Thai.devtest,115,การแพร่ระบาดกระตุ้นให้รัฐบาลอินเดียดำเนินมาตรการต่าง ๆ เช่น ติดตั้งเครื่องมือดักจับหมูในพื้นที่ที่ได้รับผลกระทบขั้นร้ายแรง แจกมุ้งหลายพันผืน และฉีดพ่นยาฆ่าแมลง
thai_1113,tha_Thai.devtest,116,รัฐบาลยังสัญญาอีกด้วยว่าจะมีวัคซีนไข้สมองอักเสบหลายล้านขวดซึ่งจะช่วยเตรียมความพร้อมให้หน่วยงานด้านสุขภาพสำหรับปีหน้า
thai_1114,tha_Thai.devtest,117,เกิดความล่าช้าในแผนการจัดส่งวัคซีนไปยังพื้นที่ที่ได้รับผลกระทบมากที่สุดเป็นประวัติการณ์ในปีนี้ เนื่องจากไม่มีเงินทุนและอยู่ในลำดับความสำคัญต่ำเมื่อเทียบกับโรคอื่น ๆ
thai_1115,tha_Thai.devtest,118,ในปี พ.ศ. 2499 Słania ย้ายไปอยู่ที่สวีเดน โดยเริ่มทำงานให้กับที่ทำการไปรษณีย์สวีเดนใน 3 ปีต่อมา จนได้กลายเป็นหัวหน้าช่างแกะสลัก
thai_1116,tha_Thai.devtest,119,"เขาผลิตแสตมป์มากกว่า 1,000 ดวงให้กับสวีเดนและประเทศอื่น ๆ อีก 28 ประเทศ"
thai_1117,tha_Thai.devtest,120,"ผลงานของเขามีคุณภาพและรายละเอียดซึ่งเป็นที่ยอมรับจนทำให้เขาเป็นหนึ่งใน ""ผู้มีชื่อเสียง"" เพียงไม่กี่คนในหมู่นักสะสมสแตมป์ บางคนมีความเชี่ยวชาญในการเก็บสะสมเพียงผลงานของเขาเท่านั้น"
thai_1118,tha_Thai.devtest,121,"แสตมป์ดวงที่ 1,000 ของเขาเป็นภาพอันสง่างามของ ""การกระทำอันยิ่งใหญ่โดยกษัตริย์สวีเดน"" ฝีมือ ดาวิด คล็อกเคอร์ เอห์เรนสตราห์ลในปี 2000 ซึ่งได้รับการบันทึกไว้ในกินเนสส์บุ๊กออฟเวิลด์เรกคอร์ด"
thai_1119,tha_Thai.devtest,122,เขายังมีส่วนร่วมในการแกะสลักธนบัตรให้กับหลายประเทศอีกด้วย ตัวอย่างผลงานล่าสุดของเขาได้แก่ ภาพนายกรัฐมนตรีที่ด้านหน้าของธนบัตรใหม่ชนิดราคา 5 และ 100 ดอลลาร์แคนาดา
thai_1120,tha_Thai.devtest,123,หลังจากเกิดอุบัติเหตุ กิ๊บสันถูกนำส่งโรงพยาบาลทว่าหลังจากนั้นไม่นานก็เสียชีวิต
thai_1121,tha_Thai.devtest,124,คนขับรถบรรทุกวัย 64 ปีไม่ได้รับบาดเจ็บจากอุบัติเหตุชนกันในครั้งนี้
thai_1122,tha_Thai.devtest,125,มีการนำยานพาหนะดังกล่าวออกจากที่เกิดเหตุในเวลาประมาณ 12.00 น. เวลามาตรฐานกรีนิช ในวันเดียวกันนั้น
thai_1123,tha_Thai.devtest,126,"คนที่ทำงานอยู่ในอู่ซ่อมรถใกล้กับที่เกิดอุบัติเหตุกล่าวว่า: ""มีเด็ก ๆ กำลังรอข้ามถนนอยู่ เด็กเหล่านั้นทั้งกรีดร้องและร่ำไห้"""
thai_1124,tha_Thai.devtest,127,พวกเขาทุกคนวิ่งกลับมาจากจุดที่เกิดอุบัติเหตุ
thai_1125,tha_Thai.devtest,128,หัวข้ออื่น ๆ ในวาระการประชุมที่บาหลีรวมถึงการอนุรักษ์ป่าไม้ของโลกที่คงเหลืออยู่และการแบ่งปันเทคโนโลยีเพื่อช่วยเหลือประเทศกำลังพัฒนาทั้งหลายให้เจริญขึ้นในลักษณะที่สร้างมลพิษน้อยกว่าเดิม
thai_1126,tha_Thai.devtest,129,สหประชาชาติยังหวังที่จะจัดตั้งกองทุนเพื่อช่วยสนับสนุนให้ประเทศต่าง ๆ ที่ได้รับผลกระทบจากภาวะโลกร้อนรับมือกับผลกระทบเหล่านี้ได้
thai_1127,tha_Thai.devtest,130,เงินอาจนำไปใช้สำหรับการสร้างบ้านที่สามารถป้องกันน้ำท่วมได้ การบริหารจัดการน้ำที่ดีขึ้น และการกระจายพืชผล
thai_1128,tha_Thai.devtest,131,ฟลุกเขียนว่าความพยายามของคนบางคนในการกีดกันผู้หญิงไม่ให้พูดเรื่องสุขภาพของพวกตัวเองนั้นล้มเหลว
thai_1129,tha_Thai.devtest,132,เธอได้ข้อสรุปนี้จากความคิดเห็นเชิงบวกและกำลังใจที่มีคนส่งให้เธออย่างล้นหลามทั้งหญิงและชาย พร้อมกับเร่งเร้าให้จัดว่ายาคุมกำเนิดถือเป็นความจำเป็นทางการแพทย์
thai_1130,tha_Thai.devtest,133,เมื่อการต่อสู้ยุติลงหลังจากนำส่งผู้บาดเจ็บสู่โรงพยาบาล ผู้ต้องขังอีกประมาณ 40 คนที่เหลือยังคงอยู่ในสนาม ไม่ยอมกลับไปที่ห้องขัง
thai_1131,tha_Thai.devtest,134,ผู้ที่ทำการเจรจาต่อรองได้พยายามที่จะแก้ไขสถานการณ์ ทว่าข้อเรียกร้องของนักโทษยังคลุมเครือ
thai_1132,tha_Thai.devtest,135,ผู้ต้องขังได้จุดไฟในสนามระหว่าง 22.00-23.00 น. เวลามาตรฐานเขตภูเขา
thai_1133,tha_Thai.devtest,136,จากนั้นไม่นาน เจ้าหน้าที่พร้อมอุปกรณ์ควบคุมจลาจลก็ได้เข้าสู่สนามแล้วใช้แก๊สน้ำตาต้อนผู้ต้องขังให้จนมุมหัวข้ออื่น ๆ ในวาระการประชุมที่บาหลีรวมถึงการอนุรักษ์ป่าไม้ของโลกที่คงเหลืออยู่และการแบ่งปันเทคโนโลยีเพื่อช่วยเหลือประเทศกำลังพัฒนาทั้งหลายให้เจริญขึ้นในลักษณะที่สร้างมลพิษน้อยกว่าเดิม
thai_1134,tha_Thai.devtest,137,ในที่สุด เจ้าหน้าที่ดับเพลิงก็สามารถดับไฟได้ในเวลา 23:35 น.
thai_1135,tha_Thai.devtest,138,หลังจากการสร้างเขื่อนในปี 1963 ช่วยยับยั้งไม่ให้เกิดน้ำท่วมตามฤดูกาลที่ทำให้ตะกอนกระจายไปทั่วแม่น้ำ
thai_1136,tha_Thai.devtest,139,การสร้างตลิ่งทรายและหาดทรายซึ่งทำหน้าที่เป็นถิ่นที่อยู่ของสัตว์ป่านั้นจำเป็นต้องใช้ตะกอนนี้
thai_1137,tha_Thai.devtest,140,ส่งผลให้ปลาสองชนิดสูญพันธุ์ และอีกสองชนิดกลายเป็นสัตว์ใกล้สูญพันธุ์ โดยรวมถึงปลาหลังค่อม
thai_1138,tha_Thai.devtest,141,แม้ว่าระดับน้ำจะสูงขึ้นเพียงไม่กี่ฟุตหลังจากเหตุการณ์น้ำท่วม แต่เจ้าหน้าที่ก็หวังว่าจะมากเพียงพอสำหรับการฟื้นฟูสันดอนทรายที่ถูกกระแสน้ำกัดเซาะไปได้
thai_1139,tha_Thai.devtest,142,ไม่มีการออกประกาศแจ้งเตือนสึนามิและตามที่หน่วยงานธรณีฟิสิกส์จาการ์ตาระบุนั้น จะไม่มีการออกประกาศแจ้งเตือนสึนามิเนื่องจากแผ่นดินไหวไม่ตรงตามเกณฑ์ขนาด 6.5 แมกนิจูด
thai_1140,tha_Thai.devtest,143,แม้จะไม่มีภัยคุกคามจากสึนามิ แต่ผู้อยู่อาศัยก็เริ่มตื่นตระหนกและเริ่มละทิ้งธุรกิจกับที่อยู่อาศัย
thai_1141,tha_Thai.devtest,144,แม้ว่าวินฟรีย์จะกล่าวอำลาพร้อมน้ำตาที่ไหลนอง แต่เธอก็บอกแฟนคลับอย่างชัดเจนว่าเธอจะกลับมา
thai_1142,tha_Thai.devtest,145,นี่จะไม่ใช่การอำลา นี่เป็นการปิดบทตอนหนึ่งและเปิดบทตอนใหม่
thai_1143,tha_Thai.devtest,146,ผลสรุปจากการเลือกตั้งประธานาธิบดีและรัฐสภาของประเทศนามิเบียได้ระบุว่า Hifikepunye Pohamba ประธานาธิบดีผู้ดำรงตำแหน่งในปัจจุบัน ได้รับคะแนนเสียงส่วนใหญ่ให้ดำรงตำแหน่งอีกหนึ่งสมัย
thai_1144,tha_Thai.devtest,147,องค์กรประชาชนแอฟริกาใต้ (SWAPO) ซึ่งเป็นพรรครัฐบาลยังคงครองเสียงข้างมากในการเลือกตั้งรัฐสภา
thai_1145,tha_Thai.devtest,148,กองกำลังสัมพันธมิตรและอัฟกานิสถานเคลื่อนพลเข้าสู่พื้นที่ดังกล่าวเพื่อรักษาความปลอดภัยในพื้นที่นี้ และได้มีการส่งอากาศยานสัมพันธมิตรลำอื่น ๆ เข้าไปเพื่อให้ความช่วยเหลือแล้ว
thai_1146,tha_Thai.devtest,149,เครื่องตกในพื้นที่สูงบนภูเขา และเชื่อกันว่าสาเหตุมาจากการโดนยิงอย่างประสงค์ร้าย
thai_1147,tha_Thai.devtest,150,สภาพอากาศที่ย่ำแย่และสภาพภูมิประเทศอันเลวร้ายเป็นอุปสรรคต่อความพยายามในการค้นหาที่เกิดเหตุ
thai_1148,tha_Thai.devtest,151,องค์กรการกุศลทางการแพทย์แมงโกลา (Mangola) องค์การแพทย์ไร้พรมแดน และองค์การอนามัยโลก กล่าวว่านี่เป็นการแพร่ระบาดของโรคที่เลวร้ายที่สุดเท่าที่เคยเกิดขึ้นในประเทศ
thai_1149,tha_Thai.devtest,152,"Richard Veerman โฆษกขององค์การแพทย์ไร้พรมแดน กล่าวว่า ""แองโกลากำลังเดินทางไปสู่การระบาดที่เลวร้ายที่สุดเท่าที่เคยมีมา และสถานการณ์ในแองโกลายังคงเลวร้ายอย่างยิ่ง"""
thai_1150,tha_Thai.devtest,153,เกมเริ่มเมื่อเวลา 10.00 น. โดยมีสภาพอากาศที่ดีเยี่ยมและถ้าไม่นับฝนตกพรำ ๆ เมื่อตอนเช้าซึ่งหายไปอย่างรวดเร็ว วันนี้นับเป็นวันที่สมบูรณ์แบบมากสำหรับการแข่งขันรักบี้ 7 คน
thai_1151,tha_Thai.devtest,154,ทีมหัวตารางอย่างแอฟริกาใต้เริ่มต้นการแข่งได้อย่างสวยงามด้วยการชนะทีมอันดับที่ห้าอย่างแซมเบียด้วยคะแนน 26-00
thai_1152,tha_Thai.devtest,155,ขณะที่มองเกมการแข่งขันกับทีมบ้านพี่เมืองน้องซึ่งอยู่ติดกันทางตอนใต้ของประเทศด้วยความกระเหี้ยนกระหือรือจนออกนอกหน้า แต่กระนั้นทีมจากประเทศแอฟริกาใต้ก็พัฒนาฝีมือขึ้นเรื่อย ๆ ในระหว่างที่เกมการแข่งขันดำเนินไป
thai_1153,tha_Thai.devtest,156,การป้องกันอย่างมีวินัย ทักษะการควบคุมบอล และการทีมเวิร์คที่อย่างยอดเยี่ยมเป็นสิ่งที่ทำให้พวกเขาโดดเด่นและเห็นได้ชัดว่าเป็นทีมที่จะชนะ
thai_1154,tha_Thai.devtest,157,เจ้าหน้าที่เมืองอัมสเตอร์ดัมและพิพิธภัณฑ์แอนน์แฟรงค์ระบุว่า ต้นไม้ดังกล่าวติดเชื้อราและเป็นอันตรายต่อสุขภาพของสาธารณชนเมื่อพวกเขาโต้เถียงว่ามันจวนเจียนจะล้มลงมาอยู่แล้ว
thai_1155,tha_Thai.devtest,158,มีการวางแผนที่จะโค่นในวันอังคาร แต่ศาลมีคำสั่งเป็นการเร่งด่วนให้เก็บรักษาไว้
thai_1156,tha_Thai.devtest,159,"ทางเข้าถ้ำทั้งหมดซึ่งมีชื่อว่า ""เดอะ เซเว่น ซิสเตอรส์"" มีเส้นผ่านศูนย์กลางยาวอย่างน้อย 100 ถึง 250 เมตร (328 ถึง 820 ฟุต)"
thai_1157,tha_Thai.devtest,160,ภาพอินฟราเรดแสดงให้เห็นว่าอุณหภูมิมีการเปลี่ยนแปลงในระหว่างเวลากลางคืนและกลางวัน ซึ่งชี้ให้เห็นว่าสิ่งเหล่านั้นน่าจะเป็นถ้ำ
thai_1158,tha_Thai.devtest,161,ตอนกลางวันถ้ำเหล่านั้นจะมีอากาศเย็นกว่าพื้นผิวโดยรอบ ส่วนตอนกลางคืนจะอุ่นกว่า
thai_1159,tha_Thai.devtest,162,"ความร้อนของพวกมันไม่คงที่เหมือนถ้ำขนาดใหญ่บนโลกซึ่งมักรักษาอุณหภูมิได้คงที่พอสมควร แต่ก็เป็นเหตุเป็นผลกับการที่หลุมอยู่ลึกลงไปในพื้นดิน"" กล่าวโดย Glen Cushing จากทีมสำรวจทางธรณีวิทยาของสหรัฐอเมริกา (USGS) ทีมชีวดาราศาสตร์ และของมหาวิทยาลัยนอร์เทิร์นแอริโซนาซึ่งตั้งอยู่ในแฟลกสตาฟแห่งรัฐแอริโซนา"
thai_1160,tha_Thai.devtest,163,ในฝรั่งเศส การลงคะแนนเสียงใช้เทคโนโลยีเพียงน้อยนิดตามแบบแผนเก่า โดยผู้ลงคะแนนจะแยกตัวไปอยู่เพียยงลำพังในคอก นำกระดาษระบุผู้สมัครที่พิมพ์ไว้ล่วงหน้าไปใส่ในซองจดหมาย
thai_1161,tha_Thai.devtest,164,หลังจากเจ้าหน้าที่ตรวจสอบตัวตนของผู้มีสิทธิ์เลือกตั้งแล้ว ผู้เลือกตั้งจะต้องหย่อนซองลงในกล่องคะแนนและลงลายมือชื่อในบัญชีรายชื่อผู้มีสิทธิ์เลือกตั้ง
thai_1162,tha_Thai.devtest,165,กฎหมายการเลือกตั้งของฝรั่งเศสมีการประมวลเกี่ยวกับขั้นตอนค่อนข้างเคร่งครัด
thai_1163,tha_Thai.devtest,166,ตั้งแต่ปี 1988 เป็นต้นมา กล่องลงคะแนนจะต้องโปร่งใสเพื่อให้ผู้ลงคะแนนเสียงและผู้สังเกตการณ์เป็นประจักษ์พยานได้ว่าไม่มีซองใด ๆ อยู่ในกล่องก่อนที่จะเริ่มลงคะแนน และไม่มีการใส่ซองใด ๆ เพิ่มลงไปยกเว้นซองของผู้ลงคะแนนเสียงที่มีสิทธิ์ใช้เสียง ซึ่งจะถูกนับตามความเหมาะสม
thai_1164,tha_Thai.devtest,167,ผู้สมัครสามารถส่งตัวแทนเข้าร่วมเป็นสักขีพยานในทุกขั้นตอน ในตอนเย็น อาสาสมัครจะนับจำนวนคะแนนเสียงภายใต้การควบคุมดูแลที่เข้มงวดตามกระบวนการเฉพาะ
thai_1165,tha_Thai.devtest,168,ASUS Eee PC ซึ่งได้รับการเปิดตัวทั่วโลกก่อนหน้านี้ในด้านการประหยัดค่าใช้จ่ายและฟังก์ชันการทํางาน ได้กลายเป็นหัวข้อที่ร้อนแรงในเดือนไอทีของไทเปปี 2007
thai_1166,tha_Thai.devtest,169,แต่ตลาดผู้บริโภคบนคอมพิวเตอร์แล็ปท็อปจะเกิดการเปลี่ยนแปลงและแตกต่างอย่างรุนแรง หลังจากที่ ASUS ได้รับรางวัล Taiwan Sustainable Award ปี 2007 โดยสภาบริหารแห่งสาธารณรัฐจีน
thai_1167,tha_Thai.devtest,170,"เว็บไซต์ของสถานีบรรยายถึงการแสดงนี้ว่าเป็น ""โรงละครวิทยุย้อนยุคที่มีการพลิกรูปแบบที่สดใหม่แปลกประหลาดอย่างรุนแรง!"""
thai_1168,tha_Thai.devtest,171,ในช่วงแรก ๆ รายการนี้นำเสนอที่เว็บไซต์วิทยุทางอินเทอร์เน็ตที่ดำเนินการมายาวนานที่ชื่อว่า TogiNet Radio เพียงแห่งเดียวเท่านั้น ซึ่งเว็บไซต์นี้เน้นไปที่วิทยุสำหรับการพูดคุย
thai_1169,tha_Thai.devtest,172,ในปลายปี 2015 TogiNet ได้ก่อตั้ง AstroNet Radio เป็นสถานีย่อย
thai_1170,tha_Thai.devtest,173,เดิมทีการแสดงนี้ใช้นักพากย์มือสมัครเล่นซึ่งเป็นคนท้องถิ่นในภาคตะวันออกของเท็กซัส
thai_1171,tha_Thai.devtest,174,มีรายงานว่ามีการปล้นอย่างกว้างขวางต่อเนื่องข้ามคืน เนื่องจากไม่มีเจ้าหน้าที่บังคับใช้กฎหมายที่ถนนของบิชเคก
thai_1172,tha_Thai.devtest,175,ผู้สังเกตการณ์รายหนึ่งระบุว่าบิชเคกเหมือนตกอยู่ในสภาพ 'อนาธิปไตย' เนื่องจากมีแก๊งต่าง ๆ ออกเดินเตร่ไปตามถนนเพื่อปล้นร้านขายสินค้าอุปโภคบริโภค
thai_1173,tha_Thai.devtest,176,ผู้อยู่อาสัยในบิชเคกหลายคนตำหนิผู้ประท้วงจากทางใต้ว่าฝ่าฝืนกฎหมาย
thai_1174,tha_Thai.devtest,177,แอฟริกาใต้ปราบออลแบล็กส์ (นิวซีแลนด์) ในการแข่งขันรักบี้ยูเนี่ยนไตรเนชั่นส์ที่สนามรอยัลบาโฟเค็งสเตเดียมในรูสเต็นเบิร์ก ประเทศแอฟริกาใต้
thai_1175,tha_Thai.devtest,178,คะแนนตัดสินห่างกันเพียงแค่ 1 โดยมีคะแนนอยู่ที่ 21 ต่อ 20 คะแนน หยุดสถิติชนะ 15 เกมรวดของทีมออลแบล็ค
thai_1176,tha_Thai.devtest,179,สำหรับสปริงบ็อกซ์ การแข่งขันจบลงด้วยการแพ้ห้านัดซ้อน
thai_1177,tha_Thai.devtest,180,นี่เป็นการแข่งขันรอบสุดท้ายของ All Blacks ซึ่งได้รับถ้วยรางวัลไปแล้วเมื่อสองสัปดาห์ก่อน
thai_1178,tha_Thai.devtest,181,นัดสุดท้ายของการแข่งขันในรายการจะจัดขึ้นสัปดาห์หน้าที่เอลลิส ปาร์ค ในเมืองโจฮันเนสเบิร์ก โดยสปริงบ็อกจะแข่งกับทีมออสเตรเลีย
thai_1179,tha_Thai.devtest,182,เมื่อวันจันทร์ เวลา 22.08 น. แผ่นดินไหวรุนแรงปานกลางได้สั่นสะเทือนทางตะวันตกของมอนแทนา
thai_1180,tha_Thai.devtest,183,กรมสำรวจทางธรณีวิทยาของสหรัฐอเมริกา (USGS) และศูนย์ข้อมูลแผ่นดินไหวแห่งชาติไม่ได้รับรายงานความเสียหายใด ๆ ในทันที
thai_1181,tha_Thai.devtest,184,แผ่นดินไหวครั้งนี้มีศูนย์กลางอยู่ห่างจากดิลลอนไปทางตะวันออกเฉียงเหนือประมาณ 20 กม. (15 ไมล์) และห่างจากตอนใต้ของบัตต์ประมาณ 65 กม. (40 ไมล์)
thai_1182,tha_Thai.devtest,185,มีการยืนยันแล้วว่าเชื้อไข้หวัดนกสายพันธุ์ H5N1 ที่เป็นอันตรายร้ายแรงต่อมนุษย์ได้แพร่เชื้อไปสู่เป็ดป่าตัวหนึ่งที่ตายแล้ว ซึ่งพบในบริเวณหนองบึงใกล้เมืองลียงซึ่งอยู่ทางตะวันออกของฝรั่งเศส
thai_1183,tha_Thai.devtest,186,ในเครือสหภาพยุโรป ฝรั่งเศสเป็นประเทศที่ 7 ที่โดนไวรัสนี้เล่นงาน โดยตามหลังออสเตรีย เยอรมนี สโลวีเนีย บัลแกเรีย กรีซ และอิตาลี
thai_1184,tha_Thai.devtest,187,ผู้ที่ต้องสงสัยว่าได้รับเชื้อ H5N1 ในโครเอเชียและเดนมาร์กยังคงไม่ได้รับการยืนยัน
thai_1185,tha_Thai.devtest,188,"แชมเบอรส์ได้ฟ้องร้องพระเจ้าในข้อหา ""ทำให้ประชากรโลกนับล้านคนต้องล้มตาย ล่มสลาย และถูกคุกคามเป็นจำนวนมาก"""
thai_1186,tha_Thai.devtest,189,"แชมเบอรส์ผู้ไม่เชื่อในพระเจ้าแย้งว่าคดีของของเขาเป็น ""เรื่องเล็กน้อย"" และ ""ทุกคนสามารถฟ้องร้องใครก็ได้"""
thai_1187,tha_Thai.devtest,190,"เรื่องราวที่นำเสนอในโอเปราฝรั่งเศสโดย Camille Saint-Saens นี้เป็นของศิลปิน ""ผู้ที่ชีวิตถูกความรักในยาเสพติดและประเทศญี่ปุ่นบงการ"""
thai_1188,tha_Thai.devtest,191,ส่งผลให้นักแสดงสูบกัญชาบนเวที และโรงละครเองก็กระตุ้นให้ผู้ชมเข้าร่วมด้วย​
thai_1189,tha_Thai.devtest,192,นิวต์ กิงริช (Newt Gingrich) อดีตประธานสภา ริก เพอร์รี่ (Rick Perry) ผู้ว่าการรัฐเท็กซัส และมิเชล บาชแมน (Michele Bachmann ) สมาชิกสภาผู้แทนราษฎร ได้รับคะแนนโหวตเป็นอันดับที่สี่ ห้า และหก ตามลำดับ
thai_1190,tha_Thai.devtest,193,หลังจากผลออกมา กิงริชก็ยกย่องสรรเสริญแซนโทรัม แต่กล่าวถึงรอมนีย์ด้วยถ้อยคำที่รุนแรง รอมนีย์นี่เองที่ออกอากาศโฆษณาแคมเปญโจมตีกิงริชในเชิงลบในไอโอวา
thai_1191,tha_Thai.devtest,194,"เพอร์รีกล่าวว่าเขาจะ ""กลับไปที่เท็กซัสเพื่อประเมินผลการประชุมในคืนนี้เพื่อพิจารณาว่าผมจะมีทางเดินต่อไปข้างหน้าสำหรับการแข่งขันในครั้งนี้หรือไม่"" แต่ภายหลังเขาบอกว่าจะยังอยู่ในการแข่งขันต่อไปและจะแข่งขันในวันที่ 21 มกราคมที่เซาท์แคโรไลนา"
thai_1192,tha_Thai.devtest,195,Bachmann ผู้ชนะในการสำรวจความคิดเห็น Ames Straw Poll เมื่อเดือนสิงหาคมตัดสินใจที่จะยุติแคมเปญของตน
thai_1193,tha_Thai.devtest,196,ช่างภาพถูกส่งตัวไปที่ศูนย์การแพทย์โรนัลด์ เรแกน UCLA และต่อมาเขาก็เสียชีวิตที่นั่น
thai_1194,tha_Thai.devtest,197,"มีรายงานว่าเขามีอายุอยู่ในช่วงวัย 20 ปี บีเบอร์กล่าวในแถลงการณ์ว่า ""แม้ว่าผมจะไม่ได้อยู่ในเหตุการณ์หรือมีส่วนเกี่ยวข้องโดยตรงกับอุบัติเหตุที่น่าเศร้านี้ แต่ความคิดของผมก็ยังวนเวียนอยู่แต่กับครอบครัวของเหยื่อ และคอยอธิษฐานให้กับเขาเหล่านั้น"""
thai_1195,tha_Thai.devtest,198,เว็บไซต์ข่าวบันเทิง ทีเอ็มแซด เข้าใจว่าช่างภาพคนนั้นจอดรถที่ฝั่งตรงข้ามของถนนเซพุลเวดา บุลเลอวาร์ด เพื่อถ่ายภาพด่านหยุดตรวจของตำรวจก่อนที่จะข้ามถนนมาเพื่อถ่ายภาพต่อ อันเป็นเหตุให้ตำรวจลาดตระเวนทางหลวงแคลิฟอร์เนียที่กำลังหยุดการจราจรนั้นต้องสั่งให้ช่างภาพคนนั้นข้ามถนนกลับไปถึงสองครั้งสองครา
thai_1196,tha_Thai.devtest,199,ตำรวจระบุว่าคนขับรถที่ชนช่างภาพไปไม่น่าจะโดนข้อหาทางอาญา
thai_1197,tha_Thai.devtest,200,เมื่อมีเหรียญเพียง 18 เหรียญต่อวัน หลายประเทศจึงล้มเหลวในการขึ้นแท่นรับเหรียญ
thai_1198,tha_Thai.devtest,201,ซึ่งรวมถึงเนเธอร์แลนด์ โดยมี Anna Jochemsen จบที่อันดับเก้าในการแข่งขัน Super-G หญิงแบบยืนเมื่อวานนี้ และ Katja Saarinen ของฟินแลนด์จบที่อันดับสิบในรายการเดียวกัน
thai_1199,tha_Thai.devtest,202,มิตเชลล์ กอร์เลย์ ของออสเตรเลียจบการแข่งขันที่อันดับ 11 ในรายการ Super-G ชายประเภทยืน ส่วน โอลด์ริค เจลิเนก คู่แข่งชาวเช็กจบการแข่งขันที่อันดับ 16 ในรายการ Super-G ชายประเภทนั่ง
thai_1200,tha_Thai.devtest,203,อาร์ลี เวลาซเกซจากเม็กซิโกเข้าสู่เส้นชัยเป็นอันดับที่ 15 ในการแข่งขัน Super-G ชายแบบนั่ง อดัม ฮอลล์จากนิวซีแลนด์เข้าสู่เส้นชัยเป็นอันดับที่ 9 ในการแข่งขัน Super-G ชายแบบยืน
thai_1201,tha_Thai.devtest,204,Maciej Krezel นักสกีชายผู้พิการทางสายตาชาวโปแลนด์ และ Anna Ogarzynska ผู้นำทาง จบการแข่งขัน Super-G ในอันดับที่สิบสาม โดย Jong Seork Park จากเกาหลีใต้จบที่อันดับที่ยี่สิบสี่ใน Super G ประเภทชายในท่านั่ง
thai_1202,tha_Thai.devtest,205,เจ้าหน้าที่รักษาสันติภาพจากสหประชาชาติผู้ซึ่งเดินทางมาถึงเฮติหลังจากเหตุการณ์แผ่นดินไหวเมื่อปี 2010 กำลังถูกกล่าวโทษว่าเป็นผู้ที่ทำให้เกิดการแพร่กระจายของโรคใกล้กับค่ายทหาร
thai_1203,tha_Thai.devtest,206,จากคดีความ ของเสียจากค่ายพัก UN ไม่ได้ผ่านการฆ่าเชื้ออย่างถูกต้องจนทำให้แบคทีเรียเล็ดรอดลงสู่แม่น้ำ Artibonite ซึ่งเป็นหนึ่งในแม่น้ำที่ใหญ่ที่สุดของเฮติ
thai_1204,tha_Thai.devtest,207,ก่อนหน้าที่กองกำลังจะเข้ามา เฮติไม่เคยประสบปัญหาที่เกี่ยวข้องกับโรคนี้เลยตั้งแต่คริสตศตวรรษที่ 1800
thai_1205,tha_Thai.devtest,208,สถาบันเฮติเพื่อความยุติธรรมและประชาธิปไตยอ้างถึงการศึกษาอิสระที่ชี้ให้เห็นว่ากองพันรักษาสันติภาพแห่งสหประชาชาติของเนปาลนำโรคนี้มาสู่เฮติโดยไม่รู้ตัว
thai_1206,tha_Thai.devtest,209,Danielle Lantagne ผู้เชี่ยวชาญด้านโรคภัยประจำสหประชาชาติแถลงว่า เป็นไปได้ที่การระบาดของโรคในครั้งนี้เกิดจากเจ้าหน้าที่รักษาความสงบ
thai_1207,tha_Thai.devtest,210,แฮมิลตันยืนยันว่าโรงพยาบาลมหาวิทยาลัยโฮเวิร์ดรับผู้ป่วยเข้ามาในสภาพอาการทรงตัว
thai_1208,tha_Thai.devtest,211,ผู้ป่วยรายนี้เคยไปที่ไนจีเรียซึ่งมีกรณีติดเชื้อไวรัสอีโบลาอยู่หลายกรณี
thai_1209,tha_Thai.devtest,212,โรงพยาบาลได้ปฏิบัติตามมาตรการควบคุมการติดเชื้อรวมถึงมีการแยกผู้ป่วยออกจากกลุ่มคนอื่น ๆ เพื่อป้องกันโอกาสที่ผู้อื่นจะติดเชื้อ
thai_1210,tha_Thai.devtest,213,ก่อนหน้าเดอะซิมป์สันส์ ไซมอนเคยทำงานตำแหน่งต่าง ๆ ในหลายรายการ
thai_1211,tha_Thai.devtest,214,"ในยุค 80 เขาทำงานให้กับหลายรายการ เช่น Taxi, Cheers และ The Tracy Ullman Show"
thai_1212,tha_Thai.devtest,215,ในปี พ.ศ. 2532 เขาช่วยสร้างเดอะซิมป์สันส์ร่วมกับบรูคส์และเกรนิง ทั้งยังรับผิดชอบเรื่องการจ้างทีมเขียนบททีมแรกของรายการนี้
thai_1213,tha_Thai.devtest,216,แม้จะออกจากรายการไปในปี 1993 ทว่าเขายังคงดำรงตำแหน่งผู้อำนวยการสร้างอยู่ และยังคงได้รับเงินค่าลิขสิทธิ์หลายสิบล้านดอลลาร์ทุกซีซั่น
thai_1214,tha_Thai.devtest,217,ก่อนหน้านี้ สำนักข่าวซินหัวของจีนได้รายงานเกี่ยวกับเครื่องบินลำหนึ่งที่ถูกจี้
thai_1215,tha_Thai.devtest,218,ภายหลัง รายงานได้ระบุว่าเครื่องบินถูกขู่วางระเบิด และรีบกลับลำไปยังอัฟกานิสถานและลงจอดที่กันดาฮาร์
thai_1216,tha_Thai.devtest,219,รายงานเบื้องต้นระบุว่าเครื่องบินย้อนกลับไปยังอัฟกานิสถานหลังจากที่ถูกปฏิเสธไม่ให้ลงจอดฉุกเฉินใน Ürümqi
thai_1217,tha_Thai.devtest,220,อุบัติเหตุทางอากาศเป็นเรื่องที่พบได้บ่อยในอิหร่าน ประเทศนี้มีฝูงเครื่องบินเก่า ๆ ที่ได้รับการบำรุงรักษาไม่ดีพอ ทั้งของพลเรือนและทางการทหาร
thai_1218,tha_Thai.devtest,221,การคว่ำบาตรของนานาชาติหมายวามว่าไม่สามารถซื้ออากาศยานลำใหม่ได้
thai_1219,tha_Thai.devtest,222,เมื่อต้นสัปดาห์ที่ผ่านมา เกิดเหตุเฮลิคอปเตอร์ของตำรวจตกจนมีผู้เสียชีวิต 3 รายและบาดเจ็บอีก 3 ราย
thai_1220,tha_Thai.devtest,223,เมื่อเดือนที่แล้ว อิหร่านเผชิญหายนะทางอากาศครั้งเลวร้ายที่สุดในรอบหลายปีเมื่อสายการบินซึ่งกำลังมุ่งหน้าไปยังอาร์เมเนียประสบอุบัติเหตุจนตกทำให้มีผู้เสียชีวิตถึง 168 คน
thai_1221,tha_Thai.devtest,224,ในเดือนเดียวกัน สายการบินอีกแห่งวิ่งเลยรันเวย์ในมัชฮัด และชนเข้ากับกำแพงจนทำให้มีผู้เสียชีวิต 17 คน
thai_1222,tha_Thai.devtest,225,วง Aerosmith ยกเลิกการทัวร์คอนเสิร์ตที่เหลือทั้งหมดแล้ว
thai_1223,tha_Thai.devtest,226,เดิมทีวงดนตรีร็อกวงนี้มีกำหนดการที่จะเดินทางไปออกทัวร์ในสหรัฐอเมริกาและแคนาดาจนถึงวันที่ 16 กันยายน
thai_1224,tha_Thai.devtest,227,พวกเขายกเลิกทัวร์หลังจากสตีเวน ไทเลอร์ ซึ่งเป็นนักร้องนำได้รับบาดเจ็บหลังพลัดตกเวทีขณะแสดงในวันที่ 5 สิงหาคม
thai_1225,tha_Thai.devtest,228,เมอร์รีพ่ายแพ้ในเซตแรกในการเล่นไทเบรก หลังจากที่ทั้งคู่ชนะทุกครั้งที่เสิร์ฟในเซตนี้
thai_1226,tha_Thai.devtest,229,เดล โปโตร ได้เปรียบในช่วงต้นเซตที่สอง แต่เซตนี้ก็ต้องมีไทเบรกเช่นกันหลังจากที่คะแนนถึง 6-6
thai_1227,tha_Thai.devtest,230,ณ ขณะนี้ Potro ได้รับการรักษาที่หัวไหล่ของเขา แต่ก็กลับเข้าสู่เกมจนได้
thai_1228,tha_Thai.devtest,231,รายการเริ่มขึ้นเมื่อเวลา 20.30 น. ตามเวลาท้องถิ่น (15.00 น. เวลามาตรฐานสากล)
thai_1229,tha_Thai.devtest,232,นักร้องที่มีชื่อเสียงทั่วประเทศขับขานเสียงเพลงบาจัน หรือเพลงเพื่อการสักการะบูชาไปแทบเท้าชรีชยัม
thai_1230,tha_Thai.devtest,233,นักร้อง Sanju Sharma เปิดงานในช่วงเย็น ตามด้วย Jai Shankar Choudhary มีการนำเสนอ chhappan bhog bhajan ด้วยเช่นกัน และนักร้อง Raju Khandelwal ก็อยู่กับเขาด้วย
thai_1231,tha_Thai.devtest,234,จากนั้น Lakkha Singh ก็เป็นผู้นำในการขับขานเพลงบาจัน
thai_1232,tha_Thai.devtest,235,มีการถวาย Chhappan Bhog (ในศาสนาฮินดู เป็นของกินที่แตกต่างกัน 56 ชนิด เช่น ขนมหวาน ผลไม้ ถั่ว อาหาร ฯลฯ ที่ถวายแด่เทพ) จำนวน 108 จานแด่ Baba Shyam
thai_1233,tha_Thai.devtest,236,Lakkha Singh ได้ร้องเพลง chhappan bhog bhajan ด้วยเช่นกัน โดยมีนักร้อง Raju Khandelwal ร่วมแสดงด้วย
thai_1234,tha_Thai.devtest,237,ในการนำเสนอประเด็นสำคัญของงานโตเกียวเกมโชว์เมื่อวันพฤหัสบดี ซาโตรุ อิวาตะ ประธานบริษัท ได้เปิดตัวดีไซน์ของคอนโทรลเลอร์เกมนินเทนโดรีโวลูชั่น (Wii) ซึ่งเป็นเกมคอนโซลใหม่ของบริษัท
thai_1235,tha_Thai.devtest,238,ตัวควบคุมซึ่งคล้ายกับรีโมทนี้ใช้เซ็นเซอร์สองตัวที่อยู่ใกล้กับโทรทัศน์ของผู้เล่นเพื่อค้นหาตำแหน่งของมันในพื้นที่สามมิติ
thai_1236,tha_Thai.devtest,239,ซึ่งจะช่วยให้ผู้เล่นสามารถควบคุมการกระทำและการเคลื่อนไหวในวิดีโอเกมได้ด่วยการเคลื่อนไหวอุปกรณ์ในอากาศ
thai_1237,tha_Thai.devtest,240,จิอันคาร์โล ฟิซิเชลลา สูญเสียการควบคุมรถของเขาและยุติการแข่งขันหลังจากเริ่มต้นได้ไม่นาน
thai_1238,tha_Thai.devtest,241,Fernando Alonso เพื่อนร่วมทีมของเขา เป็นผู้นำในการแข่งขันเกือบทั้งหมด แต่ก็ออกจากการแข่งขันทันทีหลังจากเข้าพิทสต็อป เป็นไปได้ว่าเพราะล้อขวาหน้าได้รับการใส่อย่างไม่ดี
thai_1239,tha_Thai.devtest,242,ไมเคิล ชูมักเกอร์ จบการแข่งขันภายหลังอลอนโซไม่นาน เนื่องจากเกิดความเสียหายขึ้นกับระบบกันสะเทือนของรถ อันเป็นผลมาจากการกระทบกระทั่งกันหลายครั้งในระหว่างการแข่งขัน
thai_1240,tha_Thai.devtest,243,เธอน่ารักมากและร้องเพลงเพราะด้วย เขากล่าว ตามบันทึกแถลงข่าว
thai_1241,tha_Thai.devtest,244,ผมรู้สึกตื้นตันทุกครั้งที่เราซ้อมเช่นนี้ จากใจจริงเลย
thai_1242,tha_Thai.devtest,245,เมื่อเข้าสู่การปล่อยตัวออกจากฐานได้ประมาณ 3 นาที กล้องบนกระสวยอวกาศแสดงให้เห็นภาพโฟมฉนวนจำนวนมากหลุดออกจากถังน้ำมันเชื้อเพลิง
thai_1243,tha_Thai.devtest,246,อย่างไรก็ตาม ไม่มีใครคิดว่าพวกมันทำให้กระสวยอวกาศได้รับความเสียหาย
thai_1244,tha_Thai.devtest,247,"หัวหน้าโครงการกระสวยอวกาศของนาซา เวย์น เฮล จูเนียร์ กล่าวว่าโฟมได้ร่วงลงมา ""หลังจากช่วงเวลาที่เรากังวล"""
thai_1245,tha_Thai.devtest,248,ลมเริ่มพัดเข้ามาหลังการแสดงผลผ่านไปห้านาที ประมาณหนึ่งนาทีต่อมากำลังลมอยู่ที่ 70 กม./ชม. แล้วฝนก็มา แต่ว่าทั้งแรงและห่าใหญ่มากจนเสียดแทงผิวของได้เหมือนเข็ม แล้วลูกเห็บก็ตกลงมาจากท้องฟ้า ผู้คนแตกตื่น กรีดร้อง และวิ่งชนกันไปมา
thai_1246,tha_Thai.devtest,249,"ผมสูญเสียน้องสาวและเพื่อนของเธอไป และระหว่างทางมีคนพิการสองคนนั่งอยู่ในเก้าอี้รถเข็น ผู้คนพากันตะคอกใส่และผลักพวกเขา"" อาร์มัน เวอร์ซาเช กล่าว"
thai_1247,tha_Thai.devtest,250,NHK ยังรายงานด้วยเช่นกันว่าโรงไฟฟ้าพลังงานนิวเคลียร์คาชิวาซากิ คาริวะ ที่ตั้งอยู่ในจังหวัดนีงาตะทำงานตามปกติ
thai_1248,tha_Thai.devtest,251,บริษัท Hokuriku Electric Power รายงานว่าไม่ได้รับผลกระทบจากแผ่นดินไหวและเตาปฏิกรณ์หมายเลข 1 กับ 2 ที่โรงไฟฟ้าพลังนิวเคลียร์ Shika ของบริษัทถูกปิดการใช้งาน
thai_1249,tha_Thai.devtest,252,"มีรายงานว่าบ้านเรือนราว 9,400 หลังในเขตภูมิภาคนี้ไม่มีน้ำดื่มน้ำใช้ นอกจากนี้มีประมาณ 100 ครัวเรือนที่ไม่มีไฟฟ้าใช้"
thai_1250,tha_Thai.devtest,253,ถนนบางสายได้รับความเสียหาย รถไฟในพื้นที่ที่ได้รับผลกระทบไม่สามารถให้บริการได้ตามปกติ และสนามบินโนโตะในจังหวัดอิชิคาวะยังคงปิด
thai_1251,tha_Thai.devtest,254,ระเบิดลูกหนึ่งเกิดการระเบิดขึ้นที่ด้านนอกสำนักงานของผู้สำเร็จราชการ
thai_1252,tha_Thai.devtest,255,ระเบิดใกล้สถานที่ราชการอีกสามลูกปะทุขึ้นในช่วงเวลาสองชั่วโมง
thai_1253,tha_Thai.devtest,256,รายงานบางฉบับระบุว่ามีผู้เสียชีวิตอย่างเป็นทางการแปดคน และมีการรายงานอย่างเป็นทางการออกมาว่ามีผู้ได้รับบาดเจ็บไม่เกิน 30 คน แต่ยังไม่ทราบตัวเลขที่แท้จริง
thai_1254,tha_Thai.devtest,257,ตรวจพบกรดไซยานูริกพร้อมด้วยเมลามีนในตัวอย่างปัสสาวะของสัตว์เลี้ยงที่ตายหลังกินอาหารสัตว์ที่มีสิ่งปนเปื้อนเข้าไป
thai_1255,tha_Thai.devtest,258,นักวิจัยในมหาวิทยาลัยนั้นกล่าวว่าสารประกอบทั้งสองตัวทำปฏิกิริยาต่อกันจนเกิดเป็นผลึกซึ่งอาจเข้าไปขัดขวางการทำงานของไต
thai_1256,tha_Thai.devtest,259,นักวิจัยเฝ้าสังเกตผลึกที่เกิดขึ้นในปัสสาวะแมวด้วยการเติมเมลามีนและกรดไซยานูริก
thai_1257,tha_Thai.devtest,260,เมื่อเปรียบเทียบโดยใช้อินฟราเรดสเปกโทรสโกปี (FTIR) พบว่าองค์ประกอบของผลึกเหล่านี้ตรงกับที่พบในปัสสาวะของสัตว์เลี้ยงที่ได้รับผลกระทบ
thai_1258,tha_Thai.devtest,261,ผมไม่รู้ว่าคุณรทราบหรือเปล่า แต่สินค้าส่วนใหญ่จากอเมริกากลางที่เข้ามาในประเทศนี้โดยปลอดภาษี
thai_1259,tha_Thai.devtest,262,กระนั้น ร้อยละ 80 ของสินค้าของเราก็ถูกเรียกเก็บภาษีตามอัตราภาษีศุลกากรในประเทศต่างๆ ในทวีปอเมริกากลาง เราปฏิบัติต่อคุณ
thai_1260,tha_Thai.devtest,263,นั่นดูไม่สมเหตุสมผลเลยสำหรับผม ไม่ยุติธรรมอย่างแน่นอน
thai_1261,tha_Thai.devtest,264,ผมพูดกับผู้คนเพียงแค่ว่า ให้ปฏิบัติต่อเราเช่นเดียวกับที่เราปฏิบัติต่อคุณ
thai_1262,tha_Thai.devtest,265,อาร์โนลด์ ชวาเซเน็กเกอร์ ผู้ว่าการรัฐแคลิฟอร์เนีย ได้ลงลายมือชื่อในร่างกฎหมายห้ามไม่ให้มีการขายหรือให้เช่าวิดีเกมที่มีความรุนแรงให้แก่ผู้เยาว์
thai_1263,tha_Thai.devtest,266,"ร่างกฎหมายกำหนดให้วิดีโอเกมซึ่งมีความรุนแรงที่จะวางขายในรัฐแคลิฟอร์เนียต้องติดสติกเกอร์ที่เขียนว่า ""18"" และผู้ใดละเมิดกฎหมายด้วยการขายวีดิโอเกมเหล่านี้แก่ผู้เยาว์จะต้องเสียค่าปรับเป็นเงิน 1,000 ดอลลาร์"
thai_1264,tha_Thai.devtest,267,Kier Starmer QC ผู้อำนวยการแผนกการดำเนินคดีสาธารณะ แถลงการณ์เมื่อเช้านี้โดยประกาศการดำเนินคดีของทั้ง Huhne และ Pryce
thai_1265,tha_Thai.devtest,268,Huhne ได้ลาออกและ Ed Davey MP จะมาแทนที่เขาในคณะรัฐมนตรี คาดกันว่า Norman Lamb MP จะเข้ารับตำแหน่งรัฐมนตรีว่าการกระทรวงธุรกิจแทนที่ Davey ซึ่งกำลังจะพ้นจากตำแหน่งไป
thai_1266,tha_Thai.devtest,269,Huhne และ Pryce มีกำหนดที่จะปรากฏตัวที่ศาลแขวงเวสต์มินสเตอร์ในวันที่ 16 กุมภาพันธ์
thai_1267,tha_Thai.devtest,270,ผู้เสียชีวิตคือ นิโคลัส อัลเดน วัย 25 ปี และแซ็คเคอรี่ คัดเดอแบ็ค วัย 21 ปี โดยที่คัดเดอแบ็คเป็นผู้ขับ
thai_1268,tha_Thai.devtest,271,เอดการ์ เวกิลลาได้รับบาดแผลที่แขนและกราม ในขณะที่คริสตอฟเฟอร์ ชไนเดอร์ต้องเข้ารับการผ่าตัดศัลยกรรมเสริมสร้างใบหน้าใหม่
thai_1269,tha_Thai.devtest,272,อาวุธของอูก้าพลาดเป้าระหว่างเล็งไปยังศีรษะของชายคนที่ห้า ชไนเดอร์มีอาการปวดอย่างต่อเนื่อง ตาบอดหนึ่งข้าง กะโหลกหายไปบางส่วน และทำศัลยกรรมหน้าใหม่ด้วยไทเทเนียม
thai_1270,tha_Thai.devtest,273,ชไนเดอร์ให้การผ่านวิดีโอลิงก์จากฐานทัพอากาศสหรัฐในบ้านเกิดของเขา
thai_1271,tha_Thai.devtest,274,ถัดจากอีเวนต์วันพุธไป คาร์ปาเนโดได้เข้าร่วมในการแข่งขันสองรายการเพื่อชิงความเป็นเจ้าแห่งความเร็ว
thai_1272,tha_Thai.devtest,275,ครั้งแรกของเธอคือการแข่งแบบสลาลม ซึ่งเธอไปไม่ถึงเส้นชัยในการลงสนามครั้งแรก ผู้เข้าแข่งขัน 36 คนจาก 116 คนมีผลการแข่งขันเช่นเดียวกันในการแข่งขันครั้งนั้น
thai_1273,tha_Thai.devtest,276,ในการแข่งขันอื่นของเธออย่าง Giant Slalom นั้น เธอเข้าเส้นชัยเป็นอันดับที่ 10 ในกลุ่มประเภทนั่งหญิง โดยใช้เวลารวมกัน 4:41.30 นาที ช้ากว่า Claudia Loesch ซึ่งเป็นอันดับที่หนึ่ง 2:11.60 นาที และช้ากว่า Gyöngyi Dani จากฮังการีซึ่งครองอันดับที่ 9 ไป 1: 09.02 นาที
thai_1274,tha_Thai.devtest,277,นักสกีสี่คนในรายการหญิงประเภทนั่งไม่สามารถเข้าสู่เส้นชัยได้ และนักสกีจำนวน 45 คนจากทั้งหมด 117 คนในรายการแข่ง Giant Slalom ไม่สามารถเข้าสู่การจัดอันดับในการแข่งขันได้
thai_1275,tha_Thai.devtest,278,ตำรวจรัฐมัธยประเทศสามารถตามแล็ปท็อปกับโทรศัพท์มือถือที่ถูกขโมยไปกลับคืนมาได้
thai_1276,tha_Thai.devtest,279,"รองผู้ตรวจราชการ ดี เค อาร์ยา กล่าวว่า ""เราได้จับกุมบุคคล 5 คนที่ข่มขืนหญิงชาวสวิส และเอาโทรศัพท์มือถือกับแล็ปท็อปของเธอคืนมาได้"""
thai_1277,tha_Thai.devtest,280,"ผู้ต้องหา ได้แก่ บาบา คันจาร์, พุทธะ คันจาร์, รัมโปร คันจาร์, กาซา คันจาร์ และวิษณุ คันจาร์"
thai_1278,tha_Thai.devtest,281,Chandra Shekhar Solanki ผู้กำกับการตำรวจกล่าวว่า ผู้ต้องหาปรากฏตัวในศาลโดยปิดบังใบหน้าของตนเอง
thai_1279,tha_Thai.devtest,282,แม้ว่าจะมีคนอยู่ในบ้านสามคนขณะรถชนแต่ก็ไม่มีใครได้รับบาดเจ็บ
thai_1280,tha_Thai.devtest,283,อย่างไรก็ดี คนขับได้รับบาดเจ็บสาหัสที่ศีรษะ
thai_1281,tha_Thai.devtest,284,มีการปิดถนนที่เกิดอุบัติเหตุรถชนกันเป็นการชั่วคราว ในระหว่างที่หน่วยงานบริการฉุกเฉินนำตัวคนขับออกมาจากรถยนต์ Audi TT สีแดง
thai_1282,tha_Thai.devtest,285,ในขั้นต้น เขาได้รับการรักษาในโรงพยาบาลเจมส์พาเจตในเกรทยาร์มัธ
thai_1283,tha_Thai.devtest,286,จากนั้น เขาถูกย้ายไปยังโรงพยาบาลแอดเด็นบรูคส์ในเคมบริดจ์
thai_1284,tha_Thai.devtest,287,Adekoya ถูกกุมตัวอยู่ที่ Edinburgh Sheriff Court ในข้อหาฆาตกรรมลูกชายของตนเองตั้งแต่นั้นมา
thai_1285,tha_Thai.devtest,288,เธอถูกควบคุมตัวระหว่างรอการฟ้องร้องและการพิจารณาคดีในศาลแต่พยานบุคคลที่เห็นเหตุการณ์อาจจะไม่มีน้ำหนักเนื่องจากภาพของเธอถูกเผยแพร่อย่างกว้างขวาง
thai_1286,tha_Thai.devtest,289,ในสถานที่อื่นภายในสหราชอาณาจักร สิ่งนี้คือแนวทางปฏิบัติที่พบได้ทั่วไป แต่กระบวนการยุติธรรมของประเทศสก็อตแลนด์ไม่ได้ทำงานเช่นนี้ และศาลมองว่าการเผยแพร่ภาพถ่ายอาจส่งผลร้ายได้
thai_1287,tha_Thai.devtest,290,"ศาสตราจารย์พาเมลา เฟอร์กูสัน ประจำมหาวิทยาลัยดันดี กล่าวว่า ""ดูเหมือนว่าผู้สื่อข่าวจะเดินอยู่ในเส้นทางอันตรายหากปล่อยภาพทั้งหลายแหล่ของผู้ต้องสงสัยสู่สาธารณะ"""
thai_1288,tha_Thai.devtest,291,สำนักงานอัยการ ซึ่งเป็นผู้รับผิดชอบในการฟ้องร้องดำเนินคดีโดยรวม ชี้ชัดกับนักข่าวว่าจะไม่มีการแสดงความคิดเห็นเพิ่มเติมจนกว่าจะมีการดำเนินคดีเป็นอย่างน้อย
thai_1289,tha_Thai.devtest,292,ตามข่าวที่รั่วไหลออกมา เอกสารฉบับนี้จะอ้างอิงถึงข้อพิพาทเรื่องพรมแดนซึ่งปาเลสไตน์ต้องการโดยอ้างอิงจากพรมแดนก่อนสงครามตะวันออกกลางในปี 1967
thai_1290,tha_Thai.devtest,293,มีรายงานว่าหัวข้ออื่น ๆ ได้แก่ สถานะในอนาคตของเยรูซาเล็มซึ่งเป็นแดนศักดิ์สิทธิ์สำหรับทั้งสองประเทศและปัญหาเกี่ยวกับหุบเขาจอร์แดน
thai_1291,tha_Thai.devtest,294,อิสราเอลเรียกร้องให้คงการประจำการทางทหารต่อเนื่องเป็นเวลา 10 ปี หลังจากได้มีการลงนามในข้อตกลง ในขณะที่องค์การบริหารแห่งชาติปาเลสไตน์ตกลงที่จะให้มีการประจำการเป็นเวลา 5 ปีเท่านั้น
thai_1292,tha_Thai.devtest,295,เจ้าหน้าที่หน่วยแม่นปืนในโครงการทดลองกำลังเสริมควบคุมสัตว์รบกวนจะได้รับการดูแลอย่างใกล้ชิดจาก เจ้าหน้าที่ดูแลป่า เนื่องจากโครงการทดลองนี้จะได้รับการติดตามและประเมินประสิทธิผล
thai_1293,tha_Thai.devtest,296,ในความร่วมมือของ NPWS และสมาคมนักกีฬายิงปืนแห่งออสเตรเลีย (NSW) อาสาสมัครที่มีคุณสมบัติเหมาะสมได้รับคัดเลือกภายใต้โครงการล่าสัตว์ของ สมาคมนักกีฬายิงปืน
thai_1294,tha_Thai.devtest,297,อ้างอิงจากมิก โอฟลินน์ รักษาการผู้อำนวยการด้านการอนุรักษ์และมรดกของอุทยานร่วมกับ NPWS กล่าว นักแม่นปืนสี่คนที่ได้รับเลือกสำหรับปฏิบัตการการยิงครั้งแรกได้รับคำแนะนำด้านการฝึกอบรมและความปลอดภัยอย่างครอบคลุม
thai_1295,tha_Thai.devtest,298,เมื่อวานนี้ มาร์เทลลีได้สาบานต่อสภาการเลือกตั้งเฉพาะกาล (CEP) ใหม่ที่มีสมาชิกเก้าคน
thai_1296,tha_Thai.devtest,299,นี่เป็น CEP ครั้งที่ห้าของ Martelly ในรอบสี่ปี
thai_1297,tha_Thai.devtest,300,เมื่อเดือนที่แล้ว คณะกรรมาธิการประธานาธิบดีได้แนะนำให้การลาออกของ CEP ที่เกิดขึ้นก่อนหน้านี้ เป็นส่วนหนึ่งของมาตรการในการนำพาประเทศไปสู่การเลือกตั้งครั้งใหม่
thai_1298,tha_Thai.devtest,301,มาร์เทลลีแต่งตั้งคณะกรรมาธิการดังกล่าวเพื่อตอบโต้การประท้วงต่อต้านระบอบการปกครองที่เกิดขึ้นอย่างกว้างขวางที่เริ่มต้นในเดือนตุลาคม
thai_1299,tha_Thai.devtest,302,การประท้วงที่บางครั้งก็รุนแรงถูกกระตุ้นจากความล้มเหลวในการจัดการเลือกตั้ง ซึ่งบางครั้งส่วนถึงกำหนดตั้งแต่ในปี 2011
thai_1300,tha_Thai.devtest,303,มีรายงานกรณีที่ iPod ทำงานผิดปกติจนเกิดความร้อนสูงเกินไปอยู่ประมาณ 60 กรณี ซึ่งทำให้เกิดเหตุเพลิงไหม้ทั้งหมด 6 ครั้ง และมีผู้บาดเจ็บเล็กน้อย 4 คน
thai_1301,tha_Thai.devtest,304,กระทรวงเศรษฐกิจ การค้า และอุตสาหกรรมของประเทศญี่ปุ่น (METI) แถลงว่าพวกเขาตระหนักถึงอุบัติเหตุ 27 ครั้งที่เกี่ยวข้องกับอุปกรณ์ดังกล่าว
thai_1302,tha_Thai.devtest,305,"สัปดาห์ที่แล้ว METI แถลงว่า Apple ได้แจ้งเหตุที่เกิดจากความร้อนสูงเกินไปเพิ่มเติมอีก 34 กรณี โดยที่บริษัทกล่าวว่าเป็นกรณ๊ที่ ""ไม่ร้ายแรง"""
thai_1303,tha_Thai.devtest,306,"กระทรวงโต้ตอบด้วยการกล่าวถึงการเลื่อนการนำเสนอรายงานของบริษัทแอปเปิลว่า ""เป็นเรื่องที่ไม่น่าเกิดขึ้นอย่างยิ่ง"""
thai_1304,tha_Thai.devtest,307,แผ่นดินไหวถล่มมาเรียนาเมื่อเวลา 07.19 น. ตามเวลาท้องถิ่น (21.19 น. เวลามาตรฐานสากล ในวันศุกร์)
thai_1305,tha_Thai.devtest,308,สำนักงานจัดการเหตุฉุกเฉินของนอร์เทิร์นมาเรียนาแถลงว่าไม่มีรายงานความเสียหายภายในประเทศ
thai_1306,tha_Thai.devtest,309,ศูนย์แจ้งเตือนภัยสึนามิในมหาสมุทรแปซิฟิกยังระบุอีกด้วยว่าไม่มีสัญญาณใด ๆ ที่ชี้ให้เห็นว่าจะเกิดสึนามิ
thai_1307,tha_Thai.devtest,310,อดีตตำรวจชาวฟิลิปปินส์ได้จับกลุ่มนักท่องเที่ยวชาวฮ่องกงไว้เป็นตัวประกันโดยก่อเหตุ​จี้รถโดยสารของพวกเขาในกรุงมะนิลา เมืองหลวงของประเทศฟิลิปปินส์
thai_1308,tha_Thai.devtest,311,โรแลนโด เมนโดซา รัวปืนไรเฟิล M 16 ใส่นักท่องเที่ยว
thai_1309,tha_Thai.devtest,312,ตัวประกันหลายคนได้รับความช่วยเหลือ และจนถึงตอนนี้มีการยืนยันถึงการเสียชีวิตแล้วอย่างน้อย 6 คน
thai_1310,tha_Thai.devtest,313,ตัวประกันหกรายซึ่งรวมทั้งเด็กและผู้สูงอายุได้รับการปล่อยตัวก่อน รวมทั้งช่างภาพชาวฟิลิปปินส์ด้วย
thai_1311,tha_Thai.devtest,314,ต่อมามีช่างภาพหลายคนมาแทนที่หญิงชราเนื่องจากเธอต้องไปเข้าห้องน้ำ เมนโดซาถูกยิงจนพ่ายแพ้
thai_1312,tha_Thai.devtest,315,ลิกกินส์เดินตามรอยเท้าพ่อของตน และก้าวเข้าสู่อาชีพด้านการแพทย์
thai_1313,tha_Thai.devtest,316,เขาฝึกฝนเป็นสูตินรีแพทย์และเริ่มทำงานที่โรงพยาบาลสตรีแห่งชาติประจำโอ๊คแลนด์ในปี 1959
thai_1314,tha_Thai.devtest,317,ขณะที่ทำงานในโรงพยาบาล ในช่วงเวลาว่าง ลิกกินส์ได้เริ่มเก็บข้อมูลภาวะเจ็บครรภ์คลอดก่อนกำหนด
thai_1315,tha_Thai.devtest,318,การวิจัยของเขาแสดงให้เห็นว่าหากมีการใช้ฮอร์โมนจะทำให้การเจริญเติบโตของปอดทารกในครรภ์เร่งเร็วขึ้น
thai_1316,tha_Thai.devtest,319,สำนักข่าวซินหัวรายงานว่ามีเจ้าหน้าที่สืบสวนของรัฐบาลได้กู้ 'กล่องดำ' ซึ่งเป็นอุปกรณ์บันทึกข้อมูลการบิน 2 เครื่องเมื่อวันพุธ
thai_1317,tha_Thai.devtest,320,บรรดาเพื่อนนักมวยปล้ำยังแสดงความชื่นชมสรรเสริญลูน่าอีกด้วย
thai_1318,tha_Thai.devtest,321,"ทอมมี่ ดรีมเมอร์ กล่าวว่า ""ลูน่าคือ Queen of Extreme คนแรก ผู้จัดการคนแรกของผม ลูน่าเสียชีวิตในคืนที่มีดวงจันทร์สองวงซึ่งมีเอกลักษณ์เหมือนเธอเลย เธอเป็นผู้หญิงที่แกร่ง"""
thai_1319,tha_Thai.devtest,322,"ดัสติน ""โกลดัสต์"" รันเนลส์ แสดงความคิดเห็นว่า ""ลูน่าน่ะเพี้ยนพอ ๆ กับผมเลย...อาจจะมากกว่าด้วยซ้ำ...ผมรักเธอและจะคิดถึงเธอ...หวังว่าตอนนี้เธอจะอยู่ในที่ที่ดีกว่า"""
thai_1320,tha_Thai.devtest,323,"จากคน 1,400 คนที่ลงคะแนนก่อนการเลือกตั้งระดับรัฐบาลกลางในปี 2010 ผู้ที่ต่อต้านการให้ออสเตรเลียเป็นสาธารณรัฐเพิ่มขึ้นร้อยละ 8 เทียบกับปี 2008"
thai_1321,tha_Thai.devtest,324,จูเลีย กิลลาร์ด ผู้รักษาการแทนนายกรัฐมนตรี กล่าวในระหว่างหาเสียงเลือกตั้งปี 2010 ว่าเธอเชื่อว่าออสเตรเลียจะกลายเป็นสาธารณรัฐเมื่อสิ้นสุดการครองราชย์ของราชินีอลิซาเบธที่ 2
thai_1322,tha_Thai.devtest,325,ร้อยละ 34 ของผู้ที่ทำแบบสำรวจความคิดเห็นต้องการให้สมเด็จพระราชินีนาถเอลิซาเบธที่ 2 ได้เป็นราชินีองค์สุดท้ายของออสเตรเลีย
thai_1323,tha_Thai.devtest,326,จากผลสำรวจที่มีความคิดเห็นสุดโต่ง ร้อยละ 29 ของผู้ทำแบบสำรวจเชื่อว่าออสเตรเลียควรเป็นสาธารณรัฐโดยเร็วที่สุด ในขณะที่ร้อยละ 31 เชื่อว่าออสเตรเลียไม่ควรเป็นสาธารณรัฐเด็ดขาด
thai_1324,tha_Thai.devtest,327,เจ้าของเหรียญทองโอลิมปิกผู้นี้จะต้องว่ายน้ำฟรีสไตล์ 100 ม. และ 200 ม. และว่ายผลัดอีกสามครั้งในคอมมอนเวลธ์เกมส์ แต่การร้องเรียนของเขา ทำให้เกิดความเคลือบแคลงในสมรรถภาพทางกายของเขา
thai_1325,tha_Thai.devtest,328,เขาไม่สามารถใช้ยาที่จำเป็นต้องใช้เพื่อเอาชนะความเจ็บปวดเพราะมีการห้ามไม่ให้ใช้ยาเหล่านี้ในเกมการแข่งขัน
thai_1326,tha_Thai.devtest,329,เคอร์ติส คูเปอร์ นักคณิตศาสตร์และศาสตราจารย์ด้านวิทยาศาสตร์คอมพิวเตอร์จากมหาวิทยาลัยเซ็นทรัลมิสซูรี่ ได้ค้นพบจำนวนเฉพาะที่ใหญ่ที่สุดในปัจจุบันเมื่อวันที่ 25 มกราคม
thai_1327,tha_Thai.devtest,330,หลายคนได้ตรวจสอบยืนยันความถูกต้องของการค้นพบด้วยการใช้ฮาร์ดแวร์และซอฟต์แวร์ที่แตกต่างกันภายในต้นเดือนกุมภาพันธ์ และมีการประกาศถึงเรื่องนี้เมื่อวันอังคาร
thai_1328,tha_Thai.devtest,331,เป็นไปได้ว่าดาวหางคือแหล่งส่งน้ำมายังโลก พร้อมด้วยสารอินทรีย์ที่สามารถสร้างโปรตีนและช่วยในการดำรงชีวิต
thai_1329,tha_Thai.devtest,332,นักวิทยาศาสตร์หวังที่จะเข้าใจว่าดาวเคราะห์ก่อตัวขึ้นอย่างไร โดยเฉพาะอย่างยิ่งการก่อตัวขึ้นของโลก ตั้งแต่ที่ถูกดาวหางพุ่งชนโลกเมื่อนานมาแล้ว
thai_1330,tha_Thai.devtest,333,คูโอโม วัย 53 ปี เริ่มดำรงตำแหน่งผู้ว่าการรัฐเมื่อต้นปีนี้ และเมื่อเดือนที่แล้วได้ลงลายมือชื่อในร่างกฎหมายเพื่อให้การสมรสเพศเดียวกันถูกต้องตามกฎหมาย
thai_1331,tha_Thai.devtest,334,"เขาเรียกข่าวลือนี้ว่า ""การพูดไร้สาระทางการเมืองและความโง่เขลา"""
thai_1332,tha_Thai.devtest,335,มีการคาดการณ์ว่าเขาจะลงชิงตำแหน่งประธานาธิบดีในปี 2016
thai_1333,tha_Thai.devtest,336,NextGen คือระบบที่ FAA อ้างว่าจะทำให้เครื่องบินเดินทางในเส้นทางที่สั้นกว่าได้ และยังประหยัดเชื้อเพลิงได้หลายล้านแกลลอนในแต่ละปี ทั้งยังลดการปล่อยคาร์บอนได้อีกด้วย
thai_1334,tha_Thai.devtest,337,เทคโนโลยีที่ใช้เป็นแบบดาวเทียมซึ่งต่างกับเทคโนโลยีแบบเรดาร์บนพื้นแบบเก่า เพื่อช่วยให้ผู้ควบคุมการจราจรทางอากาศสามารถหาตำแหน่งของอากาศยานได้เที่ยงตรงยิ่งขึ้น และให้ข้อมูลกับนักบินได้อย่างถูกต้องแม่นยำมากขึ้น
thai_1335,tha_Thai.devtest,338,ไม่มีการให้บริการขนส่งเพิ่มเติมและรถไฟบนพื้นดินจะไม่จอดที่เวมบลีย์ และบนพื้นดินไม่มีที่จอดรถและสถานที่จอดรถที่มีจุดเชื่อมต่อกับการขนส่งสาธารณะ
thai_1336,tha_Thai.devtest,339,ความกลัวว่าจะเกิดการการขาดแคลนการขนส่งทำให้มีความเป็นไปได้ว่าเกมนี้จะถูกบีบให้เล่นอย่างเงียบ ๆ โดยไม่มีผู้สนับสนุนของทีม
thai_1337,tha_Thai.devtest,340,ผลการศึกษาที่ได้รับการเผยแพร่ในวารสารวิทยาศาสตร์เมื่อวันพฤหัสบดีรายงานเกี่ยวกับการถือกำเนิดของนกสายพันธุ์ใหม่ในหมู่เกาะกาลาปากอสของเอกวาดอร์
thai_1338,tha_Thai.devtest,341,นักวิจัยจากมหาวิทยาลัย Princeton ในสหรัฐอเมริกาและมหาวิทยาลัย Uppsala ในสวีเดนรายงานว่าสายพันธุ์ใหม่นี้เกิดวิวัฒนาการภายในเพียงสองรุ่น ทั้งที่เชื่อว่ากระบวนการนี้ใช้เวลานานกว่านั้น เนื่องจากเป็นการผสมพันธุ์ระหว่างนกกระจิบดาร์วินเฉพาะถิ่น (Geospiza fortes) และนกกระจิบ Cactus (Geospiza conirostris)
thai_1339,tha_Thai.devtest,342,เราสามารถทำให้ทองเป็นรูปทรงต่าง ๆ ได้ทุกรูปแบบ และสามารถรีดให้เป็นรูปทรงขนาดจิ๋ว
thai_1340,tha_Thai.devtest,343,ทองคำสามารถถูกดึงให้เป็นเส้นบาง ๆ ซึ่งสามารถถูกบิดและถักเป็นลายได้ และยังสามารถนำไปตีหรือรีดให้เป็นแผ่นได้อีกด้วย
thai_1341,tha_Thai.devtest,344,"ทองคำนั้นสามารถถูกทำให้เป็นแผ่นบางเฉียบและนำไปติดบนโลหะอื่น ๆ ได้ มันสามารถถูกทำให้บางมากได้ถึงขนาดที่บางครั้งถูกใช้ในการตกแต่งภาพที่ระบายสีด้วยมือในหนังสือซึ่งเรียกกันว่า ""เอกสารตัวเขียนสีวิจิตร"""
thai_1342,tha_Thai.devtest,345,สิ่งนี้เรียกว่าค่า pH ของสารเคมี คุณสามารถสร้างตัวระบุได้โดยใช้น้ำกะหล่ำปลีแดง
thai_1343,tha_Thai.devtest,346,น้ำกะหล่ำปลีเปลี่ยนสีไปตามระดับความเป็นกรดหรือเป็นด่างของสารเคมี
thai_1344,tha_Thai.devtest,347,ค่า pH จะถูกระบุด้วยปริมาณไอออนที่อยู่ในไฮโดรเจน (H ที่อยู่ใน pH) ในสารเคมีที่ได้รับการทดสอบ
thai_1345,tha_Thai.devtest,348,ไอออนของไฮโดรเจนเป็นโปรตอนที่ถูกดึงอิเล็กตรอนออก (เนื่องจากอะตอมของไฮโดรเจนนั้นประกอบไปด้วยโปรตอนและอิเล็กตรอนอย่างละหนึ่งตัว)
thai_1346,tha_Thai.devtest,349,ผสมผงที่แห้งทั้งสองชนิดเข้าด้วยกัน จากนั้นให้ใช้มือที่สะอาดและเปียกบีบปั้นให้เป็นลูกทรงกลม
thai_1347,tha_Thai.devtest,350,ความชื้นบนมือของคุณจะทำปฏิกิริยากับชั้นที่อยู่ด้านนอกซึ่งจะให้ความรู้สึกแปลก ๆ และก่อตัวในลักษณะของเปลือก
thai_1348,tha_Thai.devtest,351,บ้านเกือบทุกหลังในเมือง Harappa และ Mohenjo-daro มีส้วมแบบกดชักโครกซึ่งเชื่อมติดกับระบบบำบัดน้ำเสียที่ปราณีตซับซ้อน
thai_1349,tha_Thai.devtest,352,มีการค้นพบซากระบบบำบัดน้ำเสียในบ้านเรือนของเมืองต่าง ๆ ในอารยธรรมไมนอสแห่งครีตและที่ซานโตรินีในกรีซ
thai_1350,tha_Thai.devtest,353,ในอียิปต์ เปอร์เซีย และจีนโบราณก็มีห้องสุขาเช่นกัน ในอารยธรรมโรมันนั้น บางครั้งห้องสุขาก็เป็นส่วนหนึ่งของโรงอาบน้ำสาธารณะซึ่งทั้งผู้ชายและผู้หญิงเข้าใช้ร่วมกัน
thai_1351,tha_Thai.devtest,354,เมื่อคุณโทรหาใครสักคนที่อยู่ห่างไกลออกไปหลายพันไมล์ นั่นหมายความว่าคุณกำลังใช้ดาวเทียม
thai_1352,tha_Thai.devtest,355,ดาวเทียมที่อยู่ในอวกาศจะรับสายแล้วสะท้อนกลับลงมาเกือบทันทีทันใด
thai_1353,tha_Thai.devtest,356,ดาวเทียมขึ้นสู่อวกาศโดยอาศัยจรวด นักวิทยาศาสตร์ต้องใช้กล้องโทรทรรศน์ในอวกาศเพราะชั้นบรรยากาศของโลกทำให้แสงหักและบิดเบือนมุมมองบางส่วนของเรา
thai_1354,tha_Thai.devtest,357,ต้องใช้จรวดยักษ์สูงมากกว่า 100 ฟุตเพื่อนำดาวเทียมหรือกล้องโทรทรรศน์ขึ้นไปบนอวกาศ
thai_1355,tha_Thai.devtest,358,ล้อได้เปลี่ยนโลกไปในทางที่เหลือเชื่อ สิ่งที่ยิ่งใหญ่ที่สุดที่ล้อทำให้เราก็คือ ทำให้การมีการขนส่งที่สะดวกและรวดเร็วยิ่งขึ้น
thai_1356,tha_Thai.devtest,359,มันทำให้เรามีรถไฟ รถยนต์ และยานพาหนะอื่น ๆ อีกมากมาย
thai_1357,tha_Thai.devtest,360,ต่อจากพวกมันคือเสือและสิงโตขนาดปานกลาง ซึ่งกินเหยื่อขนาดกลางตั้งแต่กระต่ายไปจนถึงละมั่งและกวาง
thai_1358,tha_Thai.devtest,361,สุดท้ายแล้ว มีแมวขนาดเล็กมากมาย (รวมทั้งแมวเลี้ยงระบบเปิด) ที่กินเหยื่อต่าง ๆ ที่มีขนาดเล็กกว่ามาก เช่น แมลง สัตว์กัดแทะ สัตว์เลื้อยคลานจำพวกจิ้งจก และนก
thai_1359,tha_Thai.devtest,362,เคล็ดลับสู่ความสำเร็จของพวกมันคือแนวคิดเรื่องชีพพิสัยซึ่งถือเป็นงานพิเศษที่แมวแต่ละตัวยึดถือเพื่อป้องกันไม่ให้พวกมันแข่งขันกับตัวอื่น ๆ
thai_1360,tha_Thai.devtest,363,สิงโตเป็นแมวที่เป็นสัตว์สังคมมากที่สุดโดยอาศัยอยู่ในกลุ่มใหญ่ที่เรียกว่าฝูง
thai_1361,tha_Thai.devtest,364,ฝูงสิงโตประกอบด้วยสิงโตตัวผู้ที่โตเต็มวัยหนึ่งถึงสามตัว รวมไปถึงสิงโตตัวเมียและลูกสิงโตมากถึง 30 ตัว
thai_1362,tha_Thai.devtest,365,เนื่องจากเป็นครอบครัวใหญ่ที่ประกอบด้วยพี่สาวและลูกสาว ตัวเมียจึงมักจะมีความสัมพันธ์ใกล้ชิดกัน
thai_1363,tha_Thai.devtest,366,ฝูงสิงโตมีความประพฤติคล้ายกับในฝูงหมาป่าหรือสุนัข ซึ่งเป็นสิ่งมีชีวิตที่คล้ายกับสิงโตอย่างน่าประหลาดใจ (แต่ไม่คล้ายพวกแมวตัวใหญ่ประเภทอื่นเท่าไร ) และยังเป็นอันตรายร้ายแรงต่อเหยื่อของพวกมันด้วยเชนกัน
thai_1364,tha_Thai.devtest,367,เสือโคร่งเป็นนักกีฬาที่เจนจัด มีความสามารถในการปีนป่าย (ทว่าไม่เก่งนัก) ว่ายน้ำ กระโดดไกล และฉุดดึงด้วยแรงห้าเท่าของมนุษย์ที่แข็งแกร่ง
thai_1365,tha_Thai.devtest,368,เสืออยู่ในกลุ่มเดียวกันกับสิงโต เสือดาว และจากัวร์ (สกุลแพนเธรา) แมวทั้งสี่ชนิดนี้เป็นสัตว์จำพวกเดียวที่สามารถคำรามได้
thai_1366,tha_Thai.devtest,369,เสียงคำรามของเสือนั้นต่างจากเสียงคำรามอย่างเต็มเสียงของสิงโต แต่เป็นเหมือนการตะโกนขู่คำรามเป็นคำ ๆ มากกว่า
thai_1367,tha_Thai.devtest,370,แมวป่าชอบกินสัตว์ขนาดเล็ก ถ้าทำได้พวกมันก็จะจับลิง งู หนู และนก โดยสัตว์เกือบทั้งหมดที่แมวป่าล่ามีขนาดเล็กกว่าตัวมันเอง
thai_1368,tha_Thai.devtest,371,นักวิทยาศาสตร์คิดว่าแมวป่าติดตามและสอดส่องหาสัตว์มากิน (เหยื่อ) ด้วยการดมกลิ่นว่าพวกเหยื่อเคยอยู่ที่ไหนบนพื้นบ้างบนพื้นดิน
thai_1369,tha_Thai.devtest,372,พวกมันสามารถมองเห็นได้ดีในที่มืดด้วยประสิทธิภาพการมองเห็นตอนกลางคืนและเคลื่อนไหวอย่างระแวดระวังตัวด้วย แมวป่าโอซีล็อตออกล่าเหยื่อโดยแฝงตัวให้กลมกลืนกับสภาพแวดล้อมแล้วตะครุบเหยื่อ
thai_1370,tha_Thai.devtest,373,เมื่อสิ่งมีชีวิตกลุ่มเล็ก ๆ (กลุ่มประชากรที่มีจำนวนน้อย) แยกออกมาจากประชากรหลัก (เช่น ถ้าย้ายไปอยู่บนเทือกเขาหรือในแม่น้ำ หรือถ้าย้ายไปยังเกาะแห่งใหม่เพื่อที่จะไม่สามารถย้ายกลับไปที่ที่เคยอยู่ได้ง่าย ๆ) สิ่งมีชีวิตเหล่านั้นมักจะพบว่าตัวเองอยู่ในสภาพแวดล้อมที่ต่างจากเดิม
thai_1371,tha_Thai.devtest,374,สภาพแวดล้อมใหม่นี้มีทรัพยากรและคู่แข่งที่แตกต่าง ดังนั้นประชากรใหม่จะต้องมีคุณสมบัติที่แตกต่างออกไป หรือมีความสามารถในการปรับตัวเพื่อกลายเป็นคู่แข่งที่มีความแข็งแกร่งกว่าที่เคยเป็น
thai_1372,tha_Thai.devtest,375,ประชากรดั้งเดิมไม่ได้เปลี่ยนแปลงแม้แต่น้อย พวกเขายังคงจำเป็นต้องปรับตัวแบบเดียวกับเมื่อก่อน
thai_1373,tha_Thai.devtest,376,เมื่อเวลาผ่านไป ขณะที่ประชากรใหม่เริ่มปรับตัวเข้ากับสภาพแวดล้อมใหม่ของตนได้ก็จะเริ่มดูเหมือนประชากรอื่น ๆ น้อยลงเรื่อย ๆ
thai_1374,tha_Thai.devtest,377,หลังจากผ่านไปหลายแสนหรือแม้กระทั่งหลายล้านปี ในที่สุดประชากรทั้งสองกลุ่มก็ดูแตกต่างกันมากจนไม่สามารถเรียกได้ว่าเป็นสิ่งมีชีวิตชนิดเดียวกันได้อีก
thai_1375,tha_Thai.devtest,378,เราเรียกกระบวนการนี้ว่ากระบวนการเกิดสปีชีส์ใหม่ซึ่งหมายถึงการสร้างสปีชีส์ใหม่ โดยกระบวนการเกิดสปีชีส์ใหม่เป็นผลลัพธ์ที่หลีกเลี่ยงไม่ได้และถือว่าเป็นส่วนสำคัญของวิวัฒนาการ
thai_1376,tha_Thai.devtest,379,พืชผลิตก๊าซออกซิเจนที่มนุษย์ใช้หายใจและรับเอาคาร์บอนไดออกไซด์ที่มนุษย์ขับออกมา (ซึ่งก็คือการหายใจออก) เข้าไป
thai_1377,tha_Thai.devtest,380,พืชสร้างอาหารจากดวงอาทิตย์โดยการสังเคราะห์แสง และยังให้ร่มเงาอีกด้วย
thai_1378,tha_Thai.devtest,381,เรานำพืชมาสร้างบ้านและทำเป็นเสื้อผ้าอาหารที่เรากินส่วนใหญ่มักเป็นพืช ซึ่งหากไม่มีพืช สัตว์ก็ไม่สามารถดำรงชีวิตได้
thai_1379,tha_Thai.devtest,382,โมซาซอรัสคือสุดยอดสัตว์นักล่าแห่งยุค มันจึงไม่หวาดเกรงสิ่งใดนอกจากโมซาซอร์ตัวอื่น
thai_1380,tha_Thai.devtest,383,ขากรรไกรที่ยาวของมันเต็มไปด้วยฟันแหลมคมดุจใบมีดมากกว่า 70 ซี่ พร้อมด้วยฟันชุดพิเศษที่อยู่บนเพดานปาก ซึ่งหมายความว่าจะไม่มีสิ่งใดที่ผ่านเข้ามาแล้วจะรอดพ้นไปได้
thai_1381,tha_Thai.devtest,384,เราไม่ทราบแน่ชัด แต่มันอาจจะมีลิ้นสองแฉก โดยอาหารของมันได้แก่ เต่า ปลาขนาดใหญ่ กิ้งก่าโมซาซอร์อื่น ๆ และมันอาจเคยเป็นสัตว์กินพวกเดียวกันด้วยซ้ำ
thai_1382,tha_Thai.devtest,385,มันยังโจมตีอะไรก็ตามที่ลงไปในน้ำอีกด้วย แม้แต่ไดโนเสาร์ยักษ์ใหญ่อย่างทีเร็กซ์ก็ไม่ใช่คู่ต่อกรของมัน
thai_1383,tha_Thai.devtest,386,แม้อาหารส่วนใหญ่ของชาวโรมันจะเป็นสิ่งที่เราคุ้นเคยดีอยู่แล้ว แต่ชาวโรมันเองก็ยังมีอาหารแปลกๆ หรือเมนูประหลาดๆ สำหรับงานเลี้ยง อาทิเช่น หมูป่า นกยูง หอยทาก และสัตว์ฟันแทะชนิดหนึ่งที่เรียกว่าดอร์เมาส์
thai_1384,tha_Thai.devtest,387,ความแตกต่างอีกประการหนึ่งก็คือ ในขณะที่บรรดาคนยากจนและผู้หญิงคนนั้นรับประทานอาหารขณะนั่งเก้าอี้ บรรดาคนรวยชอบรับประทานอาหารอย่างฟุ่มเฟือยด้วยกัน โดยที่พวกเขานั่งเอกเขนกเอนลงด้านข้างขณะรับประทานอาหาร
thai_1385,tha_Thai.devtest,388,ไม่สามารถนับรวมอาหารที่มาจากอเมริกาหรือจากเอเชียที่เข้ามาในยุโรปในหลายศตวรรษต่อมาว่าเป็นอาหารของชาวโรมันโบราณได้
thai_1386,tha_Thai.devtest,389,ตัวอย่างเช่น ชาวโรมันโบราณไม่มีทั้งข้าวโพด มะเขือเทศ มันฝรั่ง หรือแม้แต่โกโก้ และยังไม่เคยมีชาวโรมันโบราณคนไหนเลยที่ได้ลิ้มลองรสชาติของไก่งวง
thai_1387,tha_Thai.devtest,390,ชาวบาบิโลนก่อสร้างวิหารหลักที่ถือว่าเป็นบ้านให้กับเทพเจ้าแต่ละองค์
thai_1388,tha_Thai.devtest,391,ผู้คนจะนำเครื่องสังเวยไปถวายแด่เทพเจ้า และนักบวชจะพยายามปฏิบัติตามความประสงค์ของเทพเจ้าผ่านทางพิธีและเทศกาลต่าง ๆ
thai_1389,tha_Thai.devtest,392,แต่ละวิหารมีลานที่เปิดโล่ง จากนั้นก็มีวิหารชั้นในที่เข้าไปได้เฉพาะนักบวชเท่านั้น
thai_1390,tha_Thai.devtest,393,บางครั้งมีการสร้างหอคอยพิเศษรูปพีระมิดซึ่งเรียกว่าซิกกุรัตขึ้นมาเป็นส่วนหนึ่งของวัด
thai_1391,tha_Thai.devtest,394,ยอดหอคอยเป็นที่สถิตพิเศษของเทพ
thai_1392,tha_Thai.devtest,395,สภาพอากาศในตะวันออกกลางนั้นอบอุ่น บ้านจึงไม่มีความสำคัญเท่าไร
thai_1393,tha_Thai.devtest,396,ครอบครัวชาวยิวดำเนินชีวิตส่วนใหญ่ในที่โล่งแจ้ง
thai_1394,tha_Thai.devtest,397,บรรดาผู้หญิงจะทำอาหารในสนาม ร้านค้าเป็นแค่เคาน์เตอร์เปิดที่หันหน้าเข้าหาถนน มีการนำหินมาใช้สร้างบ้าน
thai_1395,tha_Thai.devtest,398,ดินแดน Canaan ไม่มีป่าขนาดใหญ่อยู่เลย ไม้จึงมีราคาแพงอย่างยิ่ง
thai_1396,tha_Thai.devtest,399,มีผู้ตั้งถิ่นฐานอยู่ในฟินแลนด์เพียงประปราย ในตำนานของชาวนอร์สกล่าวกันว่าเอริกผมแดงถูกเนรเทศออกจากไอซ์แลนด์ในข้อหาฆาตกรรม และเมื่อเดินทางต่อไปทางตะวันตก เขาก็ค้นพบกรีนแลนด์และตั้งชื่อให้ว่ากรีนแลนด์
thai_1397,tha_Thai.devtest,400,แม้ว่าเขาจะเป็นผู้ค้นพบ แต่ชนเผ่าเอสกิโมก็อาศัยอยู่ที่นั่นอยู่แล้วในขณะนั้น
thai_1398,tha_Thai.devtest,401,"แม้ว่าแต่ละประเทศจะเป็น ""สแกนดิเนเวีย"" แต่ผู้คน กษัตริย์ ขนบธรรมเนียม และประวัติศาสตร์ของเดนมาร์ก สวีเดน นอร์เวย์ และไอซ์แลนด์ก็มีความแตกต่างกันมาก"
thai_1399,tha_Thai.devtest,402,หากคุณเคยดูภาพยนตร์เรื่องปฏิบัติการเดือด ล่าขุมทรัพย์สุดขอบโลก คุณอาจคิดว่ามีแผนที่ขุมทรัพย์เขียนไว้ที่ด้านหลังของคำประกาศอิสรภาพ
thai_1400,tha_Thai.devtest,403,อย่างไรก็ดี นั่นไม่เป็นความจริง แม้จะมีบางอย่างเขียนไว้ที่ด้านหลังของเอกสาร แต่ก็ไม่ใช่แผนที่ขุมทรัพย์อยู่ดี
thai_1401,tha_Thai.devtest,404,"ข้อความที่เขียนไว้ที่ด้านหลังของคำประกาศอิสรภาพคือวลีว่า ""คำประกาศอิสรภาพดั้งเดิม ลงวันที่ 4 กรกฎาคม ค.ศ. 1776"" โดยข้อความปรากฏอยู่ที่ส่วนล่างของเอกสารเมื่อคว่ำลง"
thai_1402,tha_Thai.devtest,405,แม้จะไม่มีใครรู้แน่ชัดว่าใครเป็นผู้เขียน แต่เราก็ทราบได้ว่าในช่วงต้นชีวิต เอกสารหนังสัตว์ขนาดใหญ่แผ่นนี้ (วัดขนาดได้ 29¾ นิ้ว × 24½ นิ้ว) ได้ถูกม้วนเพื่อนำไปจัดเก็บ
thai_1403,tha_Thai.devtest,406,ดังนั้น เป็นไปได้ว่ามีการเพิ่มหมายเหตุเข้าไปในรูปแบบฉลาก
thai_1404,tha_Thai.devtest,407,การยกพลขึ้นบกที่นอร์ม็องดีและการสู้รบที่ตามมาได้ปลดปล่อยทางตอนเหนือของฝรั่งเศสให้เป็นอิสระ ทว่าทางตอนใต้ยังคงไม่ได้รับอิสระ
thai_1405,tha_Thai.devtest,408,"ที่นี่ถูกปกครองโดยชาวฝรั่งเศสจาก ""เขตวีชี"" ซึ่งเป็นชาวฝรั่งเศสที่สร้างสันติภาพกับชาวเยอรมันในปี 1940 และทำงานร่วมกับผู้รุกรานแทนที่จะต่อสู้กับพวกเขา"
thai_1406,tha_Thai.devtest,409,"เมื่อวันที่ 15 สิงหาคม 1940 ฝ่ายสัมพันธมิตรเข้ารุกรานภาคใต้ของฝรั่งเศส การรุกรานครั้งนี้มีชื่อว่า ""ปฏิบัติการดรากูน"""
thai_1407,tha_Thai.devtest,410,กองกำลังอเมริกันและกองกำลังเสรีฝรั่งเศสได้ปลดปล่อยฝรั่งเศสตอนใต้ให้เป็นอิสระและหันสู่ประเทศเยอรมนีภายในเวลาเพียงสองสัปดาห์เท่านั้น
thai_1408,tha_Thai.devtest,411,อารยธรรมคือวัฒนธรรมเอกเทศที่แบ่งปันโดยกลุ่มคนจำนวนมากซึ่งอาศัยอยู่และทำงานร่วมกันในสังคม
thai_1409,tha_Thai.devtest,412,คำว่าอารยธรรม (civlilzation) มาจากคำว่า civilis ในภาษาละตินที่แปลว่าพลเรือน มีความเกี่ยวข้องกับคำว่า civis ในภาษาละตินที่แปลว่าพลเมือง และคำว่า civitas ที่แปลว่าเมืองหรือนครรัฐ และยังกำหนดขนาดของสังคมด้วย
thai_1410,tha_Thai.devtest,413,นครรัฐเป็นเครื่องแสดงถึงชาติ วัฒนธรรมที่เจริญสื่อให้เห็นถึงการส่งผ่านความรู้สืบทอดหลายช่วงอายุคน รอยเท้าแห่งวัฒนธรรมที่ยังหลงเหลืออยู่ และการแผ่ขยายอย่างเท่าเทียม
thai_1411,tha_Thai.devtest,414,วัฒนธรรมย่อยมักเลือนหายไปโดยไม่ทิ้งหลักฐานใดที่เกี่ยวข้องทางประวัติศาสตร์และไม่ได้รับการยอมรับว่าเป็นอารยธรรมที่เหมาะสม
thai_1412,tha_Thai.devtest,415,ในระหว่างสงครามปฏิวัติ รัฐทั้งสิบสามได้ก่อตั้งรัฐบาลกลางแบบคร่าว ๆ ขึ้นมาเป็นอันดับแรก ภายใต้ข้อบังคับของสมาพันธ์ โดยมีรัฐสภาเป็นองค์ประกอบเดียว
thai_1413,tha_Thai.devtest,416,สภาคองเกรสไม่มีอำนาจใด ๆ ในการกำหนดภาษี และเนื่องจากไม่มีผู้บริหารระดับชาติหรือตุลาการ จึงต้องอาศัยหน่วยงานของรัฐซึ่งมักไม่ให้ความร่วมมือในการบังคับใช้การกระทำทั้งหมดของสภา
thai_1414,tha_Thai.devtest,417,ยิ่งไปกว่านั้น สภาคองเกรสยังไม่มีอำนาจล้มล้างกฎหมายภาษีและอัตราภาษีศุลกากรระหว่างรัฐต่าง ๆ อีกด้วย
thai_1415,tha_Thai.devtest,418,ข้อกฎหมายต้องได้รับความยินยอมอย่างเป็นเอกฉันท์จากทุกรัฐก่อนที่จะสามารถแก้ไขได้ และรัฐต่าง ๆ ก็ไม่ค่อยให้ความสนใจต่อรัฐบาลกลางเท่าไร แม้แต่ผู้แทนของแต่ละรัฐก็ไม่มาเข้าร่วมอยู่บ่อยครั้ง
thai_1416,tha_Thai.devtest,419,ฟุตบอลทีมชาติของอิตาลี รวมทั้งฟุตบอลทีมชาติของเยอรมันจัดเป็นทีมที่ประสบความสำเร็จสูงสุดเป็นอันดับสองของโลก และสองทีมนี้ก็ได้เป็นแชมป์ฟุตบอลโลกของฟีฟ่าในปีค.ศ. 2006
thai_1417,tha_Thai.devtest,420,กีฬาที่ได้รับความนิยม ได้แก่ ฟุตบอล บาสเก็ตบอล วอลเลย์บอล โปโลน้ำ ฟันดาบ รักบี้ ขี่จักรยาน ฮอกกี้น้ำแข็ง โรลเลอร์ฮอกกี้ และการแข่งรถ F1
thai_1418,tha_Thai.devtest,421,กีฬาฤดูหนาวเป็นที่นิยมมากที่สุดในแถบเหนือ โดยมีชาวอิตาลีเข้าร่วมแข่งขันในเกมระดับนานาชาติและโอลิมปิก
thai_1419,tha_Thai.devtest,422,"ญี่ปุ่นมีเกาะเกือบ 7,000 เกาะ (ฮอนชูคือเกาะที่ใหญ่ที่สุด) ส่งผลให้ญี่ปุ่นเป็นเกาะที่ใหญ่ที่สุดอันดับ 7 ของโลก!"
thai_1420,tha_Thai.devtest,423,"เนื่องจากพื้นที่ในญี่ปุ่นเต็มไปด้วยกลุ่มหรือหมู่เกาะ ญี่ปุ่นจึงมักถูกเรียกตามลักษณะทางภูมิศาสตร์ว่า ""หมู่เกาะ"""
thai_1421,tha_Thai.devtest,424,ไต้หวันถือกำเนิดมาตั้งแต่ศตวรรษที่ 15 เมื่อนักเดินเรือชาวยุโรปซึ่งเดินทางผ่านมาได้บันทึกชื่อเกาะนี้ไว้ว่า อิลลา ฟอร์มาซา (Ilha Formosa) หรือเกาะอันงดงาม
thai_1422,tha_Thai.devtest,425,ในปีค.ศ. 1624 บริษัทอินเดียตะวันออกของประเทศเนเธอร์แลนด์ ได้ก่อตั้งฐานในไต้หวันตะวันตกเฉียงใต้ โดยริเริ่มเปลี่ยนแปลงวิธีการผลิตธัญพืชแบบดั้งเดิมและจ้างแรงงานจีนมาทำงานในไร่ข้าวและน้ำตาล
thai_1423,tha_Thai.devtest,426,ในปี 1683 กองกำลังของราชวงศ์ชิง (ค.ศ. 1644-1912) เข้าควบคุมพื้นที่ชายฝั่งตะวันตกและพื้นที่ชายฝั่งทางตอนเหนือของไต้หวัน และประกาศให้ไต้หวันเป็นมณฑลของอาณาจักรชิงในปี 1885
thai_1424,tha_Thai.devtest,427,หลังจากปราชัยในสงครามจีน - ญี่ปุ่นครั้งที่ 1 (พ.ศ. 2437-2438) ในปี พ.ศ. 2438 รัฐบาลชิงได้ลงนามในสนธิสัญญาชิโมโนเซกิเพื่อส่งมอบอำนาจอธิปไตยเหนือไต้หวันให้แก่ประเทศญี่ปุ่น ทำให้ญี่ปุ่นได้ปกครองเกาะแห่งนี้จนถึงปี พ.ศ. 2488
thai_1425,tha_Thai.devtest,428,มาชูปิกชู ซากอารยธรรมโบราณของชาวอินคา ประกอบไปด้วยโครงสร้างหลักทั้งหมด 3 ส่วนด้วยกัน ได้แก่ หินบอกเวลาอินติฮัวทานา วิหารแห่งดวงอาทิตย์ และห้องแห่งหน้าต่าง 3 บาน
thai_1426,tha_Thai.devtest,429,ตึกส่วนใหญ่ในบริเวณริมของหมู่อาคารได้รับการสร้างขึ้นใหม่เพื่อให้นักท่องเที่ยวได้มีโอกาสเห็นว่าสิ่งเหล่านั้นเดิมทีแล้วเป็นอย่างไร
thai_1427,tha_Thai.devtest,430,ในปี 1976 สามสิบเปอร์เซ็นต์ของมาชูปิกชูได้รับการฟื้นฟูซ่อมแซม และการบูรณะยังคงดำเนินอยู่จนถึงวันนี้
thai_1428,tha_Thai.devtest,431,ตัวอย่างเช่น รูปแบบการถ่ายภาพนิ่งที่พบมากที่สุดในโลกคือ 35 มม. ซึ่งเป็นขนาดฟิล์มที่มีบทบาทสำคัญในช่วงสิ้นสุดยุคของฟิล์มอานะล็อก
thai_1429,tha_Thai.devtest,432,ในปัจจุบันยังคงผลิตแผ่นฟิล์มชนิดนี้อยู่ แต่ประเด็นที่สำคัญกว่านั้นคืออัตราส่วนภาพได้รับการถ่ายทอดมาจากรูปแบบการเซ็นเซอร์ภาพของกล้องดิจิทัล
thai_1430,tha_Thai.devtest,433,ที่จริงแล้วรูปแบบ 35 มม. ซึ่งมีความกว้าง 33 มม. และสูง 24 มม. นั้นน่าสับสนพอสมควร
thai_1431,tha_Thai.devtest,434,อัตราส่วนของรูปแบบนี้ (หารด้วย 12 เพื่อให้กลายเป็นอัตราส่วนจำนวนเต็มที่ง่ายที่สุด) จึงเรียกได้ว่าเป็น 3: 2
thai_1432,tha_Thai.devtest,435,รูปแบบทั่วไปหลายรูปแบบ (ตัวอย่างเช่น รูปแบบในตระกูล APS เป็นต้น) มีค่าเท่ากันหรือใกล้เคียงกันโดยประมาณกับอัตราส่วนของภาพนี้
thai_1433,tha_Thai.devtest,436,กฎสามส่วนที่ถูกสบประมาทอย่างมากและมักถูกหัวเราะเยาะ คือแนวทางง่าย ๆ ในการสร้างพลวัตในขณะที่รักษาปริมาณความเป็นระเบียบในภาพ
thai_1434,tha_Thai.devtest,437,ซึ่งระบุว่าตำแหน่งที่มีประสิทธิภาพสูงสุดสำหรับวัตถุหลัก คือที่จุดตัดของเส้นที่แบ่งรูปภาพนั้นออกเป็นสามส่วนทั้งแนวตั้งและแนวนอน (ดูตัวอย่าง)
thai_1435,tha_Thai.devtest,438,ในประวัติศาสตร์ยุโรปช่วงนี้ มีการตรวจสอบคริสตจักรคาทอลิกซึ่งมั่งคั่งและเรืองอำนาจขึ้นอย่างละเอียด
thai_1436,tha_Thai.devtest,439,เป็นเวลากว่าพันปีมาแล้วที่ศาสนาคริสต์ได้เชื่อมโยงรัฐต่าง ๆ ในยุโรปเข้าด้วยกัน แม้ภาษาและประเพณีจะมีความแตกต่างกันก็ตาม
thai_1437,tha_Thai.devtest,440,อำนาจที่แผ่ขยายออกไปนั้นส่งผลกระทบต่อทุกหมู่เหล่าตั้งแต่พระมหากษัตริย์ไปจนถึงสามัญชน
thai_1438,tha_Thai.devtest,441,หลักการที่สำคัญอย่างหนึ่งของคริสเตียนก็คือ ควรใช้ความมั่งคั่งเพื่อบรรเทาความทุกข์ทรมานและความยากจนข้นแค้น และเงินทุนของคริสตจักรมีไว้เพื่อเหตุผลดังกล่าวโดยเฉพาะ
thai_1439,tha_Thai.devtest,442,อำนาจศูนย์กลางของคริสตจักรอยู่ในกรุงโรมมานานกว่าพันปี และการกระจุกตัวของอำนาจและเงินนี้ทำให้หลายคนสงสัยว่าได้มีการปฏิบัติตามความเชื่อทางศาสนานี้หรือไม่
thai_1440,tha_Thai.devtest,443,ไม่นานหลังจากสงครามปะทุขึ้น อังกฤษก็ได้ปิดกั้นเส้นทางการสื่อสารทางทะเลของเยอรมนี
thai_1441,tha_Thai.devtest,444,มีการพิสูจน์แล้วว่ากลยุทธ์ดังกล่าวมีประสิทธิภาพโดยทำให้ขาดเสบียงทางทหารและพลเรือนที่สำคัญยิ่ง แม้ว่าการปิดล้อมเช่นนี้จะละเมิดกฎหมายระหว่างประเทศซึ่งเป็นที่ยอมรับโดยทั่วไป ซึ่งประมวลโดยข้อตกลงระหว่างประเทศหลายฉบับในสองศตวรรษที่ผ่านมา
thai_1442,tha_Thai.devtest,445,บริเตนวางทุ่นระเบิดไว้ในน่านน้ำสากลเพื่อป้องกันไม่ให้เรือเข้าสู่ส่วนต่างๆ ของมหาสมุทร ทำให้เกิดอันตรายได้แม้แต่กับเรือที่เป็นกลาง
thai_1443,tha_Thai.devtest,446,เนื่องจากมีการตอบสนองต่อยุทธวิธีนี้อย่างจำกัด เยอรมนีจึงคาดหวังว่าจะได้รับการตอบสนองที่คล้ายคลึงกับการทำสงครามเรือดำน้ำแบบไม่มีข้อจำกัด
thai_1444,tha_Thai.devtest,447,ในทศวรรษที่ 1920 พลเมืองและประเทศส่วนใหญ่ต้องการความสงบและการเป็นเอกเทศ
thai_1445,tha_Thai.devtest,448,หลังจากได้เห็นความน่ากลัวและความโหดร้ายของสงครามโลกครั้งที่ 1 ชาติต่าง ๆ จึงไม่ต้องการให้เกิดสถานการณ์เช่นนี้ขึ้นอีกในอนาคต
thai_1446,tha_Thai.devtest,449,ในปี พ.ศ. 2427 เทสลาย้ายฐานไปยังสหรัฐอเมริกาเพื่อร่วมงานกับบริษัทเอดิสันในนครนิวยอร์ก
thai_1447,tha_Thai.devtest,450,เขามาถึงสหรัฐฯ โดยมีเงินติดตัว 4 เซ็นต์ หนังสือบทกวี และจดหมายแนะนำจาก ชาลส์ แบ็ตชเลอร์ (ผู้จัดการของเขาในงานก่อนหน้านี้) ถึง ทอมัส เอดิสัน
thai_1448,tha_Thai.devtest,451,จีนสมัยโบราณมีวิธีการแสดงช่วงเวลาต่าง ๆ ที่พิเศษไม่เหมือนใคร โดยแบ่งเป็นช่วงระยะของจีน หรือแต่ละตระกูลที่อยู่ในอำนาจเป็นราชวงศ์ที่มีลักษณะพิเศษ
thai_1449,tha_Thai.devtest,452,ในช่วงเวลาระหว่างแต่ละราชวงศ์เป็นยุคที่จังหวัดต่าง ๆ ซึ่งแยกจากกันไม่มีความมั่นคง ช่วงเวลาที่รู้จักกันดีที่สุดคือสมัยสามก๊กที่ปรากฏอยู่ยาวนาน 60 ปีระหว่างราชวงศ์ฮั่นและราชวงศ์จิน
thai_1450,tha_Thai.devtest,453,สงครามที่ดุเดือดระหว่างขุนนางจำนวนมากที่ต่อสู้เพื่อแย่งชิงบัลลังก์เกิดขึ้นในช่วงเวลาเหล่านี้
thai_1451,tha_Thai.devtest,454,สามก๊กเป็นยุคที่มีการนองเลือดที่สุดยุคหนึ่งในประวัติศาสตร์จีนโบราณ ผู้คนหลายพันคนต้องล้มตายไปในการต่อสู้เพื่อแย่งชิงบัลลังก์ในพระบรมมหาราชวังที่ซีอาน
thai_1452,tha_Thai.devtest,455,ผลกระทบทางสังคมและการเมืองมีมากมาย เช่น การใช้ระบบเมตริก การเปลี่ยนจากระบอบสมบูรณาญาสิทธิราชย์ไปสู่ระบอบสาธารณรัฐ ความเป็นชาตินิยม และความเชื่อว่าประเทศเป็นของประชาชน ไม่ใช่ของผู้ปกครองคนเดียว
thai_1453,tha_Thai.devtest,456,หลังการปฏิวัติ อาชีพต่าง ๆ ยังได้เปิดกว้างสำหรับผู้สมัครชายทุกคนอีกด้วย เปิดโอกาสให้ผู้ที่ทะเยอทะยานและประสบความสำเร็จมากที่สุดได้ประสบความสำเร็จ
thai_1454,tha_Thai.devtest,457,สำหรับกองทัพก็เช่นเดียวกัน เพราะแทนที่จะแต่งตั้งยศตามลำดับชั้น กลับแต่งตั้งตามขนาดลำกล้อง
thai_1455,tha_Thai.devtest,458,นอกจากนี้ การปฏิวัติฝรั่งเศสยังสร้างแรงบันดาลใจให้กับชนชั้นแรงงานซึ่งถูกกดขี่ในประเทศอื่นให้เริ่มการปฏิวัติของตัวเองขึ้นบ้าง
thai_1456,tha_Thai.devtest,459,"มูฮัมหมัดมีความสนใจในเรื่องที่เหนือกว่าชีวิตธรรมดาสามัญเป็นอย่างมาก เขาเคยไปถ้ำที่ต่อมารู้จักกันในชื่อ ""ฮิรออ์"" บนเขา ""นูร"" (แสง) เพื่อทำสมาธิอยู่บ่อยครั้ง"
thai_1457,tha_Thai.devtest,460,ตัวถ้ำซึ่งรอดผ่านช่วงเวลามาได้ แสดงให้เห็นภาพที่แจ่มชัดของความโน้มเอียงเกี่ยวกับเรื่องจิตวิญญาณ
thai_1458,tha_Thai.devtest,461,ถ้ำแห่งนี้อยู่บนหนึ่งยอดเขาหนึ่งที่อยู่ทางเหนือของกรุงเมกกะและตัดขาดจากส่วนอื่น ๆ ของโลกโดยสิ้นเชิง
thai_1459,tha_Thai.devtest,462,ที่จริงแล้ว ไม่ง่ายเลยที่จะหามันเจอต่อให้รู้ว่ามีอยู่จริงก็ตาม เมื่อเข้าไปในถ้ำก็เหมือนตัดขาดจากโลกภายนอกโดยสิ้นเชิง
thai_1460,tha_Thai.devtest,463,นอกจากท้องฟ้าที่แจ่มใสและงดงามที่อยู่เบื้องบนและภูเขามากมายที่รายล้อมแล้วก็ไม่มีสิ่งใดให้เห็นอีก แทบจะมองไม่เห็นหรือได้ยินอะไรจากโลกนี้เลยเมื่ออยู่ภายในถ้ำ
thai_1461,tha_Thai.devtest,464,มหาพีระมิดแห่งกีซาคือหนึ่งในเจ็ดสิ่งมหัศจรรย์เพียงแห่งเดียวที่ยังคงดำรงอยู่ในปัจจุบัน
thai_1462,tha_Thai.devtest,465,มหาพีระมิดที่สร้างขึ้นโดยชาวอียิปต์ในศตวรรษที่สามก่อนคริสตกาลแห่งนี้เป็นหนึ่งในโครงสร้างพีระมิดขนาดใหญ่จำนวนมากที่สร้างขึ้นเพื่อเป็นเกียรติแด่ฟาโรห์ผู้ล่วงลับ
thai_1463,tha_Thai.devtest,466,"มหาพีระมิดกีซ่า หรือ ""มหาสุสานกีซ่า"" ในหุบเขาแห่งความตายของชาวอียิปต์ประกอบไปด้วยพีระมิดหลากหลายอัน (โดยที่มหาพีระมิดคือพีระมิดขนาดใหญ่ที่สุด) สุสานเล็ก ๆ มากมาย วิหารหลายหลัง และมหาสฟิงซ์"
thai_1464,tha_Thai.devtest,467,พีระมิดขนาดใหญ่สร้างขึ้นเพื่อเป็นเกียรติแก่ฟาโรห์คูฟู และมีการสร้างพีระมิด สุสาน และวิหารที่มีขนาดเล็กกว่าเป็นจำนวนมากเพื่อเป็นเกียรติแก่ภรรยาและสมาชิกในครอบครัวของคูฟู
thai_1465,tha_Thai.devtest,468,"สัญลักษณ์ ""โบหงาย"" มีลักษณะเหมือนตัว V ส่วน ""สัญลักษณ์โบว์คว่ำ"" มีลักษณะเหมือนลวดเย็บกระดาษหรือรูปสี่เหลี่ยมจัตุรัสที่ไม่มีด้านล่าง"
thai_1466,tha_Thai.devtest,469,ขึ้นหมายความว่าคุณควรเริ่มที่ปลายคันชักแล้วสีคันชักขึ้น และลงหมายความว่าคุณควรเริ่มที่ส่วนยึดหางม้าของคันชัก (ตำแหน่งที่มือของคุณกำลังจับคันชัก) ​​แล้วสีคันชักลง
thai_1467,tha_Thai.devtest,470,ตามปกติแล้ว การสีไวโอลินแบบชักขึ้นจะให้เสียงที่นุ่มนวลกว่า ส่วนการชักลงจะให้เสียงที่ทรงพลังและหนักแน่นกว่า
thai_1468,tha_Thai.devtest,471,คุณสามารถวาดเครื่องหมายลงไปเองได้ แต่จำไว้ว่าเครื่องหมายคันชักที่พิมพ์ไว้นั้นมีไว้เพื่อเหตุผลทางดนตรี เพราะฉะนั้นตามปกติแล้วจึงควรเคารพ
thai_1469,tha_Thai.devtest,472,พระเจ้าหลุยส์ที่ 16 ผู้หวาดกลัว สมเด็จพระราชินีมารี อ็องตัวแน็ต พระโอรสและพระธิดาของทั้งสองพระองค์ (มารี เตแรส วัย 11 ปี และหลุยส์-ชาร์ลส์ วัย 4 ปี) และมาดามเอลิซาเบธผู้เป็นพระขนิษฐาของกษัตริย์ ถูกกลุ่มหญิงชาวตลาดบังคับให้ออกจากแวร์ซายส์กลับไปที่ปารีสเมื่อวันที่ 6 ตุลาคม ค.ศ. 1789
thai_1470,tha_Thai.devtest,473,พวกเขาเดินทางกลับปารีสในรถม้าซึ่งรายล้อมด้วยฝูงชนที่ตะคอกและข่มขู่พระมหากษัตริย์และพระราชินี
thai_1471,tha_Thai.devtest,474,กลุ่มฝูงชนกดดันให้กษัตริย์และราชีนีทรงเปิดหน้าต่างรถม้าประทับไว้ตลอด
thai_1472,tha_Thai.devtest,475,ในช่วงหนึ่งมีหนึ่งในฝูงชนแกว่งศีรษะของทหารรักษาพระองค์ที่ถูกสังหารที่แวร์ซายส์ต่อหน้าองค์ราชินีผู้หวาดกลัว
thai_1473,tha_Thai.devtest,476,ชาวฟิลิปปินส์เองต้องเป็นผู้จ่ายค่าใช้จ่ายในการทำสงครามเพื่อพิชิตฟิลิปปินส์ให้แก่จักรวรรดินิยมอเมริกา
thai_1474,tha_Thai.devtest,477,พวกเขาจำต้องจ่ายภาษีให้แก่ระบอบอาณานิคมของประเทศสหรัฐเพื่อหักค่าใช้จ่ายส่วนใหญ่และดอกเบี้ยจากพันธบัตรที่อยู่ในนามของรัฐบาลฟิลิปปินส์ผ่านธนาคารในวอลล์สตรีท
thai_1475,tha_Thai.devtest,478,แน่นอนว่า ผลกำไรขั้นสูงที่มาจากการแสวงหาผลประโยชน์ที่ยืดเยื้อยาวนานของชาวฟิลิปปินส์จะนับเป็นผลประโยชน์ขั้นพื้นฐานของลัทธิจักรวรรดินิยมแห่งสหรัฐอเมริกา
thai_1476,tha_Thai.devtest,479,ในการทำความเข้าใจภาคีเทมพลาร์ เราจะต้องเข้าใจบริบทที่กระตุ้นให้ภาคีนี้ได้รับการก่อตั้งขึ้น
thai_1477,tha_Thai.devtest,480,"ยุคที่เหตุการณ์นี้เกิดขึ้นมักเรียกกันโดยทั่วไปว่าสมัยกลางยุครุ่งโรจน์ ซึ่งเป็นช่วงศตวรรษที่ 11, 12 และ 13 (ค.ศ. 1000 -1300) ของประวัติศาสตร์ยุโรป"
thai_1478,tha_Thai.devtest,481,สมัยกลางยุครุ่งโรจน์เป็นช่วงต่อจากยุคกลางตอนต้น และตามมาด้วยยุคกลางตอนปลายซึ่งโดยทั่วไปถือว่าสิ้นสุดลงในช่วงราวๆ ปี 1500
thai_1479,tha_Thai.devtest,482,การกำหนดทิศทางของเทคโนโลยี คือคำศัพท์ที่ครอบคลุมแนวความคิดอันหลากหลายที่มีการนำไปปฏิบัติ นับตั้งแต่การผลักดันเทคโนโลยีหรือความจำเป็นทางเทคโนโลยี ไปจนถึงความหมายในแง่ที่เที่ยงตรงว่า ชะตาของมนุษย์ถูกขับเคลื่อนโดยตรรกะพื้นฐานที่เกี่ยวข้องกับกฎทางวิทยาศาสตร์และการแสดงออกในรูปแบบของเทคโนโลยี
thai_1480,tha_Thai.devtest,483,"ส่วนใหญ่แล้วการตีความนิยัตินิยมทางเทคโนโลยีมีแนวคิดทั่วไปร่วมกันอยู่สองประการ ได้แก่ การที่เทคโนโลยีพัฒนาไปตามวิถีทางที่อยู่เหนืออิทธิพลทางวัฒนธรรมหรือทางการเมืองเป็นส่วนใหญ่ และเทคโนโลยีนั้นส่ง ""ผลกระทบ"" ต่อสังคมที่มีอยู่โดยธรรมชาติแทนที่จะเป็นไปตามเงื่อนไขทางสังคม"
thai_1481,tha_Thai.devtest,484,ตัวอย่างเช่น เราอาจกล่าวได้ว่ารถยนต์นำไปสู่การพัฒนาถนนอย่างเลี่ยงไม่ได้ (1)
thai_1482,tha_Thai.devtest,485,อย่างไรก็ดี เครือข่ายถนนทั่วประเทศจะไม่สามารถใช้งานได้ในเชิงเศรษฐกิจหากมีรถยนต์ใช้งานอยู่เพียงไม่กี่คัน ด้วยเหตุนั้นจึงมีการพัฒนาวิธีการผลิตแบบใหม่ขึ้นเพื่อลดค่าใช้จ่ายในการเป็นเจ้าของรถยนต์
thai_1483,tha_Thai.devtest,486,นอกจากนี้ การที่ผู้เป็นเจ้าของรถยนต์มีจำนวนมากมายมหาศาลยังทำให้เกิดอุบัติเหตุบนท้องถนนสูงขึ้นอีกด้วย ซึ่งก็ได้นำไปสู่การคิดค้นเทคนิคใหม่ ๆ ในการซ่อมแซมตัวถังที่ถูกทำลาย
thai_1484,tha_Thai.devtest,487,จินตนิยมมีองค์ประกอบส่วนใหญ่ของเหตุวิสัยทางวัฒนธรรม ซึ่งได้รับจากนักเขียนหลายคน เช่น เกอเธ่ ฟิชเทอ และชเลเกิล
thai_1485,tha_Thai.devtest,488,ในบริบทของลัทธิโรแมนติก ภูมิศาสตร์หล่อหลอมบุคคล และเมื่อเวลาผ่านไปก็ได้เกิดประเพณีและวัฒนธรรมที่เกี่ยวข้องกับภูมิศาสตร์นั้นขึ้นมา และสิ่งเหล่านี้ซึ่งมีความสอดคล้องกับสถานที่ของสังคมนั้น ย่อมดีกว่ากฎหมายที่กำหนดขึ้นมาอย่างไม่มีหลักเกณฑ์
thai_1486,tha_Thai.devtest,489,คอนสแตนติโนเปิลถูกมองว่าเป็นเมืองหลวงทางด้านแฟชั่นของยุโรปยุคสมัยระบบศักดินาแบบเดียวกับที่ปารีสมีชื่เสียงในฐานะเมืองหลวงทางด้านแฟชั่นของโลกยุคร่วมสมัย
thai_1487,tha_Thai.devtest,490,กิตติศัพท์ในการเป็นจุดศูนย์กลางของความหรูหราเริ่มต้นขึ้นในราวคริสตศักราช 400 และคงอยู่จนถึงราวคริสตศักราช 1100
thai_1488,tha_Thai.devtest,491,ที่แห่งนี้มีสถานะลดลงในระหว่างศตวรรษที่สิบสอง สาเหตุหลักเนื่องมาจากกลุ่มนักรบครูเสดได้ส่งคืนของกำนัล เช่น ผ้าไหมและเครื่องเทศซึ่งมีมูลค่ามากกว่าสิ่งที่ตลาดของไบแซนไทน์นำเสนอ
thai_1489,tha_Thai.devtest,492,ตอนนั้น​เองที่มีการเปลี่ยนตำแหน่งเมืองหลวง​แห่งแฟชั่น​จากคอนสแตนติโนเปิลมาเป็นปารีส
thai_1490,tha_Thai.devtest,493,สไตล์โกธิคได้รับความนิยมสูงสุดในช่วงระหว่างศตวรรษที่ 10 ถึง 11 และศตวรรษที่ 14
thai_1491,tha_Thai.devtest,494,ในช่วงแรก การแต่งกายได้รับอิทธิพลอย่างยิ่งจากวัฒนธรรมไบเซนไทน์ในตะวันออก
thai_1492,tha_Thai.devtest,495,อย่างไรก็ตาม ช่องทางการสื่อสารที่ช้าทำให้สไตล์ทางตะวันตกอาจล้าหลังกว่า 25 ถึง 30 ปี
thai_1493,tha_Thai.devtest,496,เมื่อเข้าสู่ช่วงสิ้นสุดของยุคกลาง ชาวยุโรปตะวันตกก็ได้เริ่มพัฒนาสไตล์เป็นของตนเอง สิ่งหนึ่งที่เป็นการพัฒนาที่ยิ่งใหญ่ที่สุดในช่วงเวลานั้นก็คือการที่ชาวครูเสดได้เริ่มใช้กระดุมเพื่อติดกลัดเสื้อผ้า
thai_1494,tha_Thai.devtest,497,การเกษตรเพื่อดำรงชีพ คือการเกษตรที่กระทำพื่อผลิตอาหารให้เพียงพอต่อความต้องการของเกษตรกรและครอบครัวของพวกเขา
thai_1495,tha_Thai.devtest,498,การเกษตรเพื่อดำรงชีพคือระบบเรียบง่ายที่มักเป็นการเกษตรอินทรีย์โดยใช้เมล็ดพันธุ์ที่ขึ้นในเขตภูมิเวศผสานรวมกับการหมุนเวียนพืชหรือเทคนิคง่าย ๆ อื่น ๆ เพื่อเพิ่มผลผลิต
thai_1496,tha_Thai.devtest,499,ตามประวัติศาสตร์แล้ว เกษตรกรส่วนใหญ่ทำอาชีพเกษตรกรรมเพื่อยังชีพและยังคงเป็นเช่นนั้นในประเทศกำลังพัฒนาหลายประเทศ
thai_1497,tha_Thai.devtest,500,วัฒนธรรมย่อยรวบรวมบุคคลที่มีลักษณะทางความคิดคล้ายคลึงกันซึ่งรู้สึกว่าถูกละเลยโดยมาตรฐานทางสังคม แล้วช่วยให้พวกเขาสามารถพัฒนาการหยั่งถึงตัวตนของตัวเองได้
thai_1498,tha_Thai.devtest,501,วัฒนธรรมย่อยอาจมีความแตกต่างชัดเจนเพราะอายุ เชื้อชาติ ชนชั้น สถานที่ และ/หรือเพศของสมาชิก
thai_1499,tha_Thai.devtest,502,คุณสมบัติต่าง ๆ ที่กำหนดว่าวัฒนธรรมย่อยหนึ่ง ๆ นั้นมีความแตกต่างชัดเจนอาจเป็นภาษาศาสตร์ สุนทรียศาสตร์ ศาสนา การเมือง เรื่องเกี่ยวกับเพศ ภูมิศาสตร์ หรือปัจจัยหลายอย่างรวมกัน
thai_1500,tha_Thai.devtest,503,สมาชิกของวัฒนธรรมย่อยมักแสดงความเป็นสมาชิกของตนผ่านการใช้สไตล์โดดเด่นที่เป็นสัญลักษณ์เฉพาะ เช่น แฟชั่น กิริยามารยาท และศัพท์เฉพาะกลุ่ม เป็นต้น
thai_1501,tha_Thai.devtest,504,วิธีการหนึ่งที่ใช้กันบ่อยที่สุดในการแสดงให้เห็นถึงความสำคัญของการขัดเกลาทางสังคม คือการใช้ประโยชน์จากกรณีของเด็ก ๆ ที่โชคร้ายบางรายซึ่งถูกทอดทิ้ง อาภัพอับโชค หรือตกเป็นเหยื่อของการล่วงละเมิดโดยเจตนา และไม่ได้รับการขัดเกลาจากผู้ใหญ่ในขณะที่เติบโตขึ้น
thai_1502,tha_Thai.devtest,505,"เด็กประเภทนี้เรียกว่าพวก ""หัวรุนแรง"" หรือ เกเร เด็กหัวรุนแรงบางคนจะถูกผู้คน (ที่มักจะเป็นพ่อแม่ของพวกเขาเอง) กักขัง ในบางกรณีการทอดทิ้งเด็กเกิดจากการที่พ่อแม่รับความบกพร่องทางสติปัญญาหรือร่างกายของเด็กไม่ได้"
thai_1503,tha_Thai.devtest,506,เด็กที่ป่าเถื่อนอาจเคยมีประสบการณ์ถูกทารุณอย่างรุนแรงในวัยเยาว์หรือมีบาดแผลในใจก่อนที่จะถูกทอดทิ้งหรือหลบหนี
thai_1504,tha_Thai.devtest,507,คนอื่น ๆ ถูกกล่าวถึงว่าถูกสัตว์เลี้ยงดู บางคนก็ว่ากันว่าอาศัยอยู่ในป่าด้วยตัวเอง
thai_1505,tha_Thai.devtest,508,เมื่อได้รับการเลี้ยงดูอย่างเต็มที่โดยสัตว์ที่ไม่ใช่มนุษย์ เด็กที่อยู่ในสภาพเหมือนสัตว์ป่าจะแสดงพฤติกรรม (ภายในข้อจำกัดทางกายภาพ) เกือบทั้งหมดเหมือนกับสัตว์ที่เป็นผู้ดูแล เช่น หวาดกลัว หรือไม่สนใจมนุษย์
thai_1506,tha_Thai.devtest,509,แม้ว่าการเรียนรู้แบบใช้โครงการน่าจะช่วยให้สามารถเรียนรู้ได้ง่ายขึ้นและน่าสนใจยิ่งขึ้น แต่การสอนแบบ scaffolding ทำได้มากกว่านั้น
thai_1507,tha_Thai.devtest,510,สแคฟโฟลดิงไม่ได้เป็นวิธีการเรียนรู้ หากแต่เป็นเสมือนเครื่องช่วยสนับสนุนบุคคลที่กำลังเรียนรู้สิ่งใหม่ ๆ อย่างเช่น ใช้งานโปรแกรมคอมพิวเตอร์ใหม่ หรือเริ่มโครงการใหม่
thai_1508,tha_Thai.devtest,511,สแคฟโฟลสามารถเป็นได้ทั้งรูปแบบเสมือนจริงและเป็นของจริง อย่างเช่น ครูเป็นรูปแบบหนึ่งของสแคฟโฟล แต่มนุษย์คลิปหนีบกระดาษตัวเล็ก ๆ ในไมโครซอฟต์ออฟฟิศก็เป็นสแคฟโฟลเช่นเดียวกัน
thai_1509,tha_Thai.devtest,512,Virtual Scaffolds รวมอยู่ภายในตัวซอฟต์แวร์เอง และได้รับการออกแบบมาให้ตั้งคำถาม กระตุ้น และอธิบายขั้นตอนที่นักเรียนอาจจัดการเองตามลำพังได้ยาก
thai_1510,tha_Thai.devtest,513,เด็ก ๆ ถูกจัดให้อยู่กับครอบครัวอุปถัมภ์จากหลากหลายสาเหตุ ตั้งแต่การถูกทอดทิ้ง การถูกทารุณกรรม หรือแม้แต่การบังคับขู่เข็ญ
thai_1511,tha_Thai.devtest,514,ไม่ควรมีเด็กคนใดที่ต้องเติบโตในสภาพแวดล้อมที่ไม่ได้รับการเลี้ยงดู เอาใจใส่ และให้ความรู้ แต่พวกเขาก็เติบโตมาในสภาพแวดล้อมนั้น
thai_1512,tha_Thai.devtest,515,เราเข้าใจว่าระบบครอบครัวอุปถัมภ์เป็นเขตปลอดภัยสำหรับเด็กเหล่านี้
thai_1513,tha_Thai.devtest,516,ระบบครอบครัวอุปการะของเราควรจะจัดเตรียมบ้านที่ปลอดภัย ผู้ดูแลที่แสดงถึงความรัก การศึกษาที่มั่นคง และการดูแลสุขภาพที่เชื่อถือได้
thai_1514,tha_Thai.devtest,517,การดูแลแบบอุปถัมภ์ควรมีการจัดเตรียมสิ่งของที่จำเป็นทั้งหมดที่ขาดตกบกพร่องไปในบ้านที่เด็กเคยอาศัยอยู่ก่อนถูกรับตัวมา
thai_1515,tha_Thai.devtest,518,อินเทอร์เน็ตรวมองค์ประกอบของทั้งการสื่อสารมวลชนและการสื่อสารระหว่างบุคคล
thai_1516,tha_Thai.devtest,519,ลักษณะที่แตกต่างชัดเจนของอินเทอร์เน็ตนำไปสู่มิติต่าง ๆ เพิ่มเติมในแง่ของการใช้งานและวิธีการสร้างความพึงพอใจ
thai_1517,tha_Thai.devtest,520,"ตัวอย่างเช่น ""การเรียนรู้"" และ ""การเข้าสังคม"" นับว่าเป็นแรงจูงใจที่สำคัญสำหรับการใช้อินเทอร์เน็ต (James et al., 1995)"
thai_1518,tha_Thai.devtest,521,เมื่อพวกเขาตรวจสอบปฏิกิริยาของผู้ชมที่มีต่อเว็บไซต์ Eighmey และ McCord (1998) ยังระบุด้วยว่า “การมีส่วนร่วมส่วนบุคคล” และ “ความสัมพันธ์ระยะยาว” เป็นแรงจูงใจใหม่ ๆ
thai_1519,tha_Thai.devtest,522,การนำการบันทึกวิดีโอมาใช้ได้ก่อให้เกิดการค้นพบที่สำคัญเกี่ยวกับการตีความการแสดงออกทางใบหน้าในชั่วพริบตาซึ่งเป็นการเคลื่อนไหวของใบหน้าในเวลาไม่กี่มิลลิวินาที
thai_1520,tha_Thai.devtest,523,โดยเฉพาะอย่างยิ่ง มีการอ้างว่าคนเราสามารถตรวจจับได้ว่าบุคคลหนึ่ง ๆ โกหกหรือไม่ด้วยการตีความการแสดงออกเล็กน้อยชั่วพริบตาให้ถูกต้อง
thai_1521,tha_Thai.devtest,524,Oliver Sacks ระบุในงานวิจัยของเขาที่ชื่อว่า ว่าด้วยสุนทรพจน์ของประธานาธิบดี ว่าผู้ที่ไม่สามารถเข้าใจคำพูดเนื่องจากสมองกระทบกระเทือนจะสามารถประเมินความจริงใจได้อย่างไร
thai_1522,tha_Thai.devtest,525,เขาชี้ให้เห็นด้วยซ้ำว่าอาจมีสัตว์บางประเภท เช่น สุนัขเลี้ยง ที่มีความสามารถต่าง ๆ ดังกล่าวในการตีความพฤติกรรมของมนุษย์เช่นกัน
thai_1523,tha_Thai.devtest,526,การวิจัยในช่วงศตวรรษที่ 20 บ่งชี้ให้เห็นว่ามีเปลี่ยนแปลงทางพันธุกรรมทั้งหมด 2 กลุ่ม คือกลุ่มที่ไม่แสดงออกและแสดงออก
thai_1524,tha_Thai.devtest,527,การกลายพันธุ์ได้เพิ่มความหลากหลายทางพันธุกรรม และกระบวนการการคัดเลือกได้คัดสิ่งเหล่านั้นออกจากกลุ่มความหลากหลายที่แสดงออกมา
thai_1525,tha_Thai.devtest,528,การแยกตัวและรวมตัวกันใหม่สับเปลี่ยนรูปแบบไปมาระหว่างทั้งสองรุ่น
thai_1526,tha_Thai.devtest,529,ในทุ่งหญ้าสะวันนา สัตว์เลี้ยงลูกด้วยนมที่มีระบบย่อยอาหารอย่างมนุษย์จะตอบสนองความต้องการกรดอะมิโนจากทรัพยากรพืชที่มีอยู่ได้ยาก
thai_1527,tha_Thai.devtest,530,นอกจากนี้ การไม่สามารถทำเช่นนั้นยังอาจก่อให้เกิดผลลัพธ์ที่ตามมาอย่างร้ายแรง ได้แก่ การเจริญเติบโตชะงักงัน การขาดสารอาหาร และสุดท้ายคือเสียชีวิต
thai_1528,tha_Thai.devtest,531,ทรัพยากรพืชที่เข้าถึงได้ง่ายที่สุดคงจะเป็นโปรตีนที่สามารถเข้าถึงได้ในใบไม้และพืชฝักตระกูลถั่ว แต่ไพรเมตอย่างเราย่อยสิ่งเหล่านี้ได้ยากยกเว้นว่าจะปรุงสุก
thai_1529,tha_Thai.devtest,532,ในทางตรงข้าม อาหารจากสัตว์ (มด ปลวก ไข่) นอกจากจะย่อยง่ายแล้ว ยังให้โปรตีนซึ่งมีกรดอะมิโนที่จำเป็นทั้งหมดในปริมาณที่สูง
thai_1530,tha_Thai.devtest,533,"เมื่อพิจารณาทุกสิ่งแล้วก็ไม่น่าแปลกใจเลย หากบรรพบุรุษของเราจะแก้ไข ""ปัญหาเรื่องโปรตีน"" ด้วยวิธีที่เหมือนกันอยู่บ้างกับที่ชิมแปนซีในทุ่งหญ้าสะวันนาทำในปัจจุบัน"
thai_1531,tha_Thai.devtest,534,การหยุดชะงักของการนอนหลับคือกระบวนการตื่นอย่างมีจุดประสงค์ในช่วงเวลาการนอนหลับตามปกติของคุณ และหลับไปในช่วงระยะเวลาสั้น ๆ ภายหลัง (10 - 60 นาที)
thai_1532,tha_Thai.devtest,535,สามารถทำเช่นนี้ได้ง่าย ๆ โดยใช้นาฬิกาปลุกที่เสียงไม่ค่อยดังปลุกให้คุณรู้สึกตัวโดยยังไม่ตื่นเต็มที่
thai_1533,tha_Thai.devtest,536,หากคุณมักจะเลื่อนเวลาปลุกของนาฬิกาไปในระหว่างหลับ คุณสามารถวางนาฬิกาไว้ไกล ๆ ที่อีกฟากของห้อง เพื่อให้ต้องลุกออกจากเตียงไปปิด
thai_1534,tha_Thai.devtest,537,ตัวเลือกอื่น ๆ ที่มีพื้นฐานมาจากจังหวะชีวภาพ ได้แก่ การดื่มของเหลวปริมาณมาก (โดยเฉพาะน้ำหรือชาที่รู้กันดีว่าเป็นยาขับปัสสาวะ) ก่อนนอน ซึ่งจะทำให้ต้องลุกขึ้นมาปัสสาวะ
thai_1535,tha_Thai.devtest,538,ระดับความสงบภายในที่บุคคลหนึ่งๆ มี จะแปรผกผันกับระดับความตึงเครียดในร่างกายและจิตใจของบุคคลดังกล่าว
thai_1536,tha_Thai.devtest,539,ยิ่งมีความเครียดน้อยก็จะยิ่งมีพลังชีวิตในเชิงบวกเพิ่มขึ้น คนเราทุกคนล้วนมีศักยภาพที่จะสามารถพบความสงบสุขและความพึงพอใจอย่างแท้จริง
thai_1537,tha_Thai.devtest,540,ทุกคนสามารถรู้แจ้งได้ สิ่งเดียวที่เป็นอุปสรรคต่อเป้าหมายนี้ก็คือความเครียดกับการมองโลกในแง่ลบของเรา
thai_1538,tha_Thai.devtest,541,พุทธศาสนาในทิเบตมีรากฐานมาจากคำสอนของพระพุทธเจ้า แต่ได้มีการเพิ่มแนวทางของมหายานและเทคนิคจำนวนมากของโยคะจากอินเดียเข้าไป
thai_1539,tha_Thai.devtest,542,โดยหลักการแล้ว พุทธศาสนาในทิเบตนั้นเรียบง่ายมาก ประกอบด้วยกุณฑลินีโยคะ การทำสมาธิ และเส้นทางแห่งความรักที่โอบกอดทุกสิ่ง
thai_1540,tha_Thai.devtest,543,กุณฑลินีโยคะทำให้พลังงานกุณฑลิณี (พลังงานแห่งการรู้แจ้ง) ถูกปลุกขึ้นด้วยท่าโยคะ การฝึกหายใจ การสวดมนต์ และการสร้างมโนภาพ
thai_1541,tha_Thai.devtest,544,ศูนย์กลางของการทำสมาธิแบบทิเบตคือโยคะเทพ ช่องทางพลังงานจะถูกชำระ จักระจะทำงาน และเกิดความตระหนักในการรู้แจ้ง ผ่านการสร้างมโนภาพของเทพต่าง ๆ
thai_1542,tha_Thai.devtest,545,เยอรมนีคือศัตรูร่วมกันของสหภาพโซเวียตและสหรัฐอเมริกาในสงครามโลกครั้งที่ 2 จึงนำไปสู่ความร่วมมือระหว่างทั้งสองประเทศ เมื่อสงครามสิ้นสุดลง ความขัดแย้งทางระบบ กระบวนการ และวัฒนธรรม ทำให้ประเทศต่าง ๆ กระทบกระทั่งกัน
thai_1543,tha_Thai.devtest,546,หลังจากที่สงครามสิ้นสุดไปแล้วสองปี พันธมิตรในอดีตก็กลับกลายเป็นศัตรู และแล้วสงครามเย็นก็เริ่มขึ้น
thai_1544,tha_Thai.devtest,547,มันจะคงอยู่ไปอีก 40 ปีข้างหน้า และจะมีการต่อสู้อย่างแท้จริงโดยกองทัพตัวแทน ในสมรภูมิต่าง ๆ ตั้งแต่แอฟริกาไปจนถึงเอเชีย ในอัฟกานิสถาน คิวบา และที่อื่น ๆ อีกมากมาย
thai_1545,tha_Thai.devtest,548,เมื่อวันที่ 17 กันยายน 1939 ฝ่ายป้องกันของโปแลนด์ได้แตกพ่าย และความหวังเดียวที่มีคือการถอยกลับและจัดระบบใหม่ตามแนวหัวสะพานโรมาเนีย
thai_1546,tha_Thai.devtest,549,"อย่างไรก็ดี เพียงชั่วข้ามคืนแผนการเหล่านี้ก็ล้าสมัย เมื่อทหารจากกองทัพแดงแห่งสหภาพโซเวียตมากกว่า 800,000 นายได้เข้ามาสร้างแนวรบเบลารุสและยูเครน หลังรุกรานดินแดนแถบตะวันออกของประเทศโปแลนด์โดยขัดต่อสนธิสัญญาสันติภาพริกา สนธิสัญญาห้ามรุกรานระหว่างโซเวียตและโปแลนด์ และสนธิสัญญาระหว่างประเทศอื่น ๆ ไม่ว่าจะเป็นสนธิสัญญาทวิภาคีหรือพหุภาคี"
thai_1547,tha_Thai.devtest,550,การใช้เรือเพื่อขนส่งสินค้าถือเป็นวิธีที่มีประสิทธิภาพมากที่สุดในการขนย้ายคนและสินค้าจำนวนมากข้ามมหาสมุทร
thai_1548,tha_Thai.devtest,551,เดิมที งานของกองทัพเรือได้แก่การดูแลให้ประเทศของตนสามารถรักษาความสามารถในการเคลื่อนย้ายผู้คนและสินค้า พร้อมทั้งขัดขวางความสามารถในการเคลื่อนย้ายผู้คนและสินค้าของข้าศึก
thai_1549,tha_Thai.devtest,552,ตัวอย่างหนึ่งที่น่าสังเกตมากล่าสุด คือแคมเปญแอตแลนติกเหนือของสงครามโลกครั้งที่สอง ที่ชาวอเมริกันพยายามเคลื่อนย้ายกำลังพลและสิ่งของเดินทางข้ามมหาสมุทรแอตแลนติกเพื่อให้ความช่วยเหลืออังกฤษ
thai_1550,tha_Thai.devtest,553,ในขณะเดียวกัน กองทัพเรือเยอรมันซึ่งใช้เรืออูเป็นหลัก ก็พยายามที่จะหยุดยั้งการขนส่งนี้
thai_1551,tha_Thai.devtest,554,หากฝ่ายสัมพันธมิตรล้มเหลว เยอรมนีอาจจะสามารถพิชิตอังกฤษได้ เนื่องจากยึดส่วนที่เหลือของยุโรปไปได้สำเร็จแล้ว
thai_1552,tha_Thai.devtest,555,"ดูเหมือนว่าจะมีการเลี้ยงแพะเป็นครั้งแรกเมื่อประมาณ 10,000 ปีก่อน ในเทือกเขาซากรอสของอิหร่าน"
thai_1553,tha_Thai.devtest,556,วัฒนธรรมและชนเผ่าโบราณเริ่มเลี้ยงพวกมันไว้เพื่อให้เข้าถึงนม เส้นผม เนื้อ และหนังได้ง่าย
thai_1554,tha_Thai.devtest,557,โดยทั่วไปแล้ว แพะเลี้ยงจะถูกเลี้ยงอยู่ในฝูงที่เร่ร่อนไปตามบนเนินเขาหรือในทุ่งปศุสัตว์อื่น ๆ คล้ายกับวิธีเลี้ยงแกะที่รู้จักกันแพร่หลายกว่า โดยผู้เลี้ยงแพะมักเป็นเด็กหรือวัยรุ่น ปัจจุบันก็ยังคงใช้วิธีการต้อนฝูงสัตว์แบบนี้อยู่
thai_1555,tha_Thai.devtest,558,ทางเกวียนสร้างขึ้นในประเทศอังกฤษเในต้นศตวรรษที่ 16
thai_1556,tha_Thai.devtest,559,แม้ว่าทางลากเกวียนจะมีเพียงไม้กระดานคู่ขนาน แต่ก็ทำให้ม้าลากเกวียนสามารถเร่งความเร็วขึ้นได้และลากน้ำหนักได้มากกว่าบนถนนที่ขรุขระกว่าเล็กน้อยในสมัยนั้น
thai_1557,tha_Thai.devtest,560,มีการนำหมอนรองรางรถไฟมาเริ่มใช้เพื่อยึดรางให้เข้าที่ค่อนข้างเร็ว อย่างไรก็ตาม ค่อย ๆ มีการตระหนักได้ในภายหลังว่าตัวรางจะมีประสิทธิภาพมากขึ้นหากมีเหล็กด้านบน
thai_1558,tha_Thai.devtest,561,สิ่งนี้กลายเป็นวิธีปฏิบัติที่ใช้กันโดยทั่วไป แต่เหล็กทำให้ล้อไม้ของเกวียนเกิดการสึกหรอยิ่งกว่าเดิม
thai_1559,tha_Thai.devtest,562,ในที่สุดล้อเหล็กก็มาแทนที่ล้อไม้ และในปี 1767 ก็มีการใช้รางเหล็กล้วนเป็นครั้งแรก
thai_1560,tha_Thai.devtest,563,การลำเลียงขนส่งวิธีแรกที่มนุษย์รู้จักคือการเดิน มนุษย์เริ่มเดินตัวตั้งตรงเมื่อ 2 ล้านปีก่อนพร้อมกับการกำเนิดของโฮโม อีเร็กตัส (Homo Erectus แปลว่า มนุษย์ที่ยืนตรง)
thai_1561,tha_Thai.devtest,564,ออสตราโลพิเธคัสซึ่งเป็นบรรพบุรุษของพวกเขาไม่ได้เดินตัวตรงเป็นปกติวิสัย
thai_1562,tha_Thai.devtest,565,มีการพบสัตว์ที่เดินสองเท้าได้อย่างเชี่ยวชาญในฟอสซิลออสตราโลพิเทคัสจากเมื่อ 4.2-3.9 ล้านปีก่อน ทว่าซาเฮลแอนโทรปัสอาจเดินด้วยสองขาตั้งแต่เมื่อเจ็ดล้านปีก่อน
thai_1563,tha_Thai.devtest,566,เราสามารถเริ่มใช้ชีวิตในรูปแบบที่เป็นมิตรกับสิ่งแวดล้อมมากขึ้น โดยสามารถเข้าร่วมการเคลื่อนไหวด้านสิ่งแวดล้อม และสามารถเป็นแม้กระทั่งนักเคลื่อนไหวเสียด้วยซ้ำ เพื่อลดความทุกข์ยากที่จะเกิดขึ้นในอนาคตได้ในระดับหนึ่ง
thai_1564,tha_Thai.devtest,567,นี่ก็เหมือนกับการรักษาตามอาการในหลายกรณี อย่างไรก็ตาม หากเราไม่ได้ต้องการเพียงวิธีแก้ปัญหาชั่วคราว เราก็ควรค้นหาต้นตอของปัญหาแล้วกำจัดเสีย
thai_1565,tha_Thai.devtest,568,เห็นได้ชัดเพียงพอว่าโลกเปลี่ยนแปลงไปมากเนื่องจากความก้าวหน้าทางวิทยาศาสตร์และเทคโนโลยีของมนุษยชาติ และปัญหาต่าง ๆ ก็มากขึ้นเนื่องจากมีประชากรมากเกินไปและวิถีชีวิตที่ฟุ่มเฟือยของมนุษยชาติ
thai_1566,tha_Thai.devtest,569,หลังจากผ่านการรับรองโดยสภาคองเกรสเมื่อวันที่ 4 กรกฎาคม ร่างฉบับที่เขียนด้วยลายมือซึ่งได้รับการลงนามโดยจอห์น แฮนค็อก ประธานสภาคองเกรสและชาร์ลส์ ทอมสัน เลขาธิการสภาจึงถูกส่งไปยังโรงพิมพ์ของจอห์น ดันแลปที่อยู่ห่างออกไปเพียงไม่กี่ช่วงตึก
thai_1567,tha_Thai.devtest,570,"ตลอดทั้งคืน มีการสร้างสำเนาประมาณ 150 ถึง 200 ฉบับซึ่งปัจจุบันเรียกกันว่า "" Dunlap broadside"""
thai_1568,tha_Thai.devtest,571,จอห์น นิกสัน ได้อ่านเอกสารฉบับนี้ต่อสาธารณะเป็นครั้งแรก ณ ลาน อินดิเพนเดนซ์ฮอลล์ ในวันที่ 8 กรกฎาคม
thai_1569,tha_Thai.devtest,572,มีการส่งฉบับหนึ่งไปให้จอร์จ วอชิงตัน เมื่อวันที่ 6 กรกฎาคม ซึ่งเขาได้อ่านให้กองกำลังในนิวยอร์กฟังเมื่อวันที่ 9 กรกฎาคม มีสำเนาฉบับหนึ่งมาถึงลอนดอนในวันที่ 10 สิงหาคม
thai_1570,tha_Thai.devtest,573,คำประกาศอิสรภาพทั้ง 25 แผ่นที่ยังคงมีอยู่เป็นสำเนาที่เก่าแก่ที่สุดของเอกสารนี้ที่เหลือรอดมาได้ ต้นฉบับที่เขียนด้วยลายมือนั้นไม่เหลืออยู่แล้ว
thai_1571,tha_Thai.devtest,574,นักบรรพชีวินวิทยาในปัจจุบันจำนวนมากเชื่อว่าไดโนเสาร์กลุ่มหนึ่งรอดชีวิตและมีชีวิตอยู่ในปัจจุบัน เราเรียกไดโนเสาร์เหล่านั้นว่านก
thai_1572,tha_Thai.devtest,575,คนจำนวนมากไม่คิดว่าพวกมันเป็นไดโนเสาร์ เพราะพวกมันมีขนและบินได้
thai_1573,tha_Thai.devtest,576,แต่นกมีอะไรหลายอย่างที่ยังคงดูเหมือนกับไดโนเสาร์
thai_1574,tha_Thai.devtest,577,พวกมันมีตีนที่มีเกล็ดและกรงเล็บ พวกมันวางไข่และเดินบนขาหลังสองข้างเช่นเดียวกับทีเร็กซ์
thai_1575,tha_Thai.devtest,578,คอมพิวเตอร์แทบทุกเครื่องที่ใช้งานอยู่ในปัจจุบันอาศัยการจัดการข้อมูลซึ่งเขียนเป็นรหัสในรูปแบบของเลขฐานสอง
thai_1576,tha_Thai.devtest,579,เลขฐานสองสามารถมีได้เพียงหนึ่งในสองค่าเท่านั้น คือ 0 หรือ 1 และตัวเลขเหล่านี้เรียกว่าเลขฐานสอง หรือบิตในศัพท์เฉพาะวงการคอมพิวเตอร์
thai_1577,tha_Thai.devtest,580,พิษภายในอาจไม่ปรากฏในทันที อาการต่าง ๆ เช่น การอาเจียนเป็นอาการที่พบได้ทั่วไปซึ่งไม่สามารถวินิจฉัยได้ทันที
thai_1578,tha_Thai.devtest,581,สิ่งบ่งชี้ที่ดีที่สุดว่ามีการกลืนกินสารพิษเข้าไปอาจได้แก่การที่มีภาชนะของยาหรือสารเคมีที่ใช้ในครัวเรือนที่เป็นพิษเปิดอยู่
thai_1579,tha_Thai.devtest,582,ตรวจสอบฉลากเพื่อดูคำแนะนำการปฐมพยาบาลเฉพาะสำหรับพิษนั้น ๆ
thai_1580,tha_Thai.devtest,583,นักกีฏวิทยาเรียกแมลงกลุ่มนี้ในลักษณะที่เป็นทางการว่าแมลงปีกแข็ง
thai_1581,tha_Thai.devtest,584,คำนี้มาจากการที่คุ้นเคยกับเรือดตั้งแต่สมัยโบราณซึ่งเรือดเป็นแมลงที่ปรับตัวได้เป็นอย่างดีเพื่อให้เกาะอาศัยบนร่างกายมนุษย์
thai_1582,tha_Thai.devtest,585,ทั้งมวนเพชฌฆาตและตัวเรือด เป็นสัตว์ชนิดช่วยตัวเองไม่ได้ตอนฟักออกมา ต้องปรับตัวให้เข้ากับการอาศัยอยู่ในรังหรือที่อยู่อาศัยของผู้ดูแล
thai_1583,tha_Thai.devtest,586,"ทั่วประเทศสหรัฐอเมริกา มีผู้ป่วยโรคปลอกประสาทเสื่อมแข็ง (หรือโรคเอ็มเอส) ราว 400,000 ราย ทำให้กลายเป็นประเทศอันดับต้น ๆ ที่พบโรคทางระบบประสาทวิทยาในกลุ่มวัยรุ่นและวัยกลางคน"
thai_1584,tha_Thai.devtest,587,MS เป็นโรคที่ส่งผลกระทบต่อระบบประสาทส่วนกลางซึ่งประกอบด้วยสมอง ไขสันหลัง และเส้นประสาทตา
thai_1585,tha_Thai.devtest,588,การศึกษาวิจัยพบว่าเพศหญิงมีโอกาสเป็นโรคปลอกประสาทเสื่อมแข็งหรือ MS มากกว่าเพศชายสองเท่า
thai_1586,tha_Thai.devtest,589,คู่สามีภรรยาตัดสินใจได้ว่าการเลี้ยงดูเด็กทารกไม่ใช่สิ่งที่พวกเขาหรือสิ่งที่ลูกของพวกเขาต้องการ
thai_1587,tha_Thai.devtest,590,คู่สามีภรรยาเหล่านี้อาจเลือกที่จะมีบุตรโดยวางแผนรับเลี้ยงบุตรบุญธรรม
thai_1588,tha_Thai.devtest,591,ในการรับบุตรบุญธรรม บุพการีผู้ให้กำเนิดจะยุติสิทธิเลี้ยงดูบุตรของตนเพื่อให้คู่สามีภรรยาคู่อื่นสามารถเลี้ยงดูบุตรได้
thai_1589,tha_Thai.devtest,592,เป้าหมายสำคัญของวิทยาศาสตร์คือการค้นหาวิธีการทำงานของโลกผ่านระเบียบวิธีทางวิทยาศาสตร์ ที่จริงแล้ววิธีการนี้ถือเป็นแนวทางการทำงานสำหรับการวิจัยทางวิทยาศาสตร์แทบทั้งหมด
thai_1590,tha_Thai.devtest,593,ทว่าไม่ได้มีแค่อย่างเดียว การทดลองและการทดสอบ คือการตรวจสอบที่ใช้ในการกำจัดสมมติฐานที่เป็นไปได้อย่างน้อยหนึ่งข้อโดยการถามคำถาม และการเฝ้าสังเกตยังเป็นแนวทางในการวิจัยทางวิทยาศาสตร์อีกด้วย
thai_1591,tha_Thai.devtest,594,นักธรรมชาติวิทยาและนักปรัชญาสนใจในตำรากรีกและโรมันโบราณ และโดยเฉพาะคัมภีร์ไบเบิลในภาษาละติน
thai_1592,tha_Thai.devtest,595,มุมมองของอริสโตเติลได้รับการยอมรับในวิทยาศาสตร์ทุกแขนงรวมถึงจิตวิทยา
thai_1593,tha_Thai.devtest,596,เมื่อองค์ความรู้ของชาวกรีกเสื่อมถอย ชาติตะวันตกก็พบว่าตนเองถูกตัดขาดจากรากฐานทางปรัชญาและวิทยาศาสตร์ของกรีก
thai_1594,tha_Thai.devtest,597,จังหวะต่าง ๆ มากมายในกลไกชีวภาพและพฤติกรรมที่ได้รับการเฝ้าสังเกต มักขึ้นอยู่กับการมีอยู่ของวัฏจักรภายในร่างกายและการทำงานผ่านนาฬิกาชีวภาพของวัฏจักรเหล่านั้น
thai_1595,tha_Thai.devtest,598,จังหวะที่เกิดขึ้นเป็นระยะ (ซึ่งไม่ใช่แค่การตอบสนองต่อสัญญาณภายนอกที่เป็นระยะ) ได้รับการบันทึกว่ามีอยู่ในสิ่งมีชีวิตส่วนใหญ่ ซึ่งรวมถึงแบคทีเรีย เชื้อรา พืช และสัตว์
thai_1596,tha_Thai.devtest,599,นาฬิกาชีวภาพเป็นออสซิลเลเตอร์ที่ทำงานได้ด้วยตนเอง ซึ่งจะยังคงทำงานอย่างเป็นอิสระต่อไปแม้เมื่อไม่มีสิ่งชี้นําจากภายนอกแล้ว
thai_1597,tha_Thai.devtest,600,การทดลองของเฮอร์ชีย์และเชสเป็นเบาะแสสำคัญอย่างหนึ่งที่บ่งชี้ว่าดีเอ็นเอเป็นสารพันธุกรรม
thai_1598,tha_Thai.devtest,601,เฮอร์ชีย์และเชสใช้ฟาจหรือไวรัสในการฝังดีเอ็นเอของพวกเขาลงในแบคทีเรีย
thai_1599,tha_Thai.devtest,602,พวกเขาทำการทดลอง 2 ครั้ง โดยระบุดีเอ็นเอในเฟจด้วยฟอสฟอรัสกัมมันตรังสี หรือระบุโปรตีนของเฟจด้วยกำมะถันกัมมันตรังสี
thai_1600,tha_Thai.devtest,603,ผลกระทบของการกลายพันธุ์มีความหลากหลายขึ้นอยู่กับชนิดของการกลายพันธุ์ ลักษณะสำคัญของชิ้นส่วนทางพันธุกรรมที่ได้รับผลกระทบ และเซลล์ที่ได้รับผลกระทบเป็นเซลล์สืบพันธุ์หรือไม่
thai_1601,tha_Thai.devtest,604,เฉพาะการกลายพันธุ์ในเซลล์ถ่ายทอดสารพันธุกรรมเท่านั้น ที่จะสามารถถ่ายทอดไปยังบุตรหลานได้ ในขณะที่การกลายพันธุ์ที่อื่นอาจทำให้เซลล์ตายหรือกลายเป็นเซลล์มะเร็ง
thai_1602,tha_Thai.devtest,605,การท่องเที่ยวทางธรรมชาติดึงดูดผู้คนที่มีความสนใจในการเยี่ยมชมพื้นที่ทางธรรมชาติเพื่อเพลิดเพลินไปกับทิวทัศน์ รวมไปถึงต้นไม้และสัตว์ป่า
thai_1603,tha_Thai.devtest,606,ตัวอย่างของกิจกรรมในสถานที่ได้แก่ การล่าสัตว์ ตกปลา ถ่ายภาพ ดูนก เที่ยวชมสวน และศึกษาข้อมูลเกี่ยวกับระบบนิเวศ
thai_1604,tha_Thai.devtest,607,ตัวอย่างเช่นการเยี่ยมชม การถ่ายภาพ และการเรียนรู้เกี่ยวกับ organgatuangs ในเกาะบอร์เนียว
thai_1605,tha_Thai.devtest,608,ทุกเช้าผู้คนจะพากันขับรถออกจากเมืองเล็ก ๆ ในชนบทมุ่งหน้าไปทำงาน สวนทางกับคนที่มุ่งหน้าไปทำงานในสถานที่ซึ่งพวกเขาเพิ่งจากมา
thai_1606,tha_Thai.devtest,609,ในการขนส่งสาธารณะที่มีพลวัตนี้ ทุกคนมีส่วนร่วมหรือมีส่วนสนับสนุนการเดินทางด้วยรถยนต์ส่วนตัวไม่ทางใดก็ทางหนึ่ง
thai_1607,tha_Thai.devtest,610,วิทยาศาสตร์ในปัจจุบันระบุว่าระบบเศรษฐกิจที่มีการใช้คาร์บอนจำนวนมหาศาลนี้ได้ทำให้พื้นที่และชั้นบรรยากาศของโลกที่สิ่งมีชีวิตอาศัยอยู่เกิดการเสียสมดุลที่เคยรองรับวิวัฒนาการมนุษย์มาเป็นเวลาสองล้านปี
thai_1608,tha_Thai.devtest,611,ทุกคนล้วนเป็นส่วนหนึ่งของสังคมและใช้ระบบขนส่ง และแทบทุกคนก็บ่นเกี่ยวกับระบบขนส่ง
thai_1609,tha_Thai.devtest,612,ในประเทศที่พัฒนาแล้ว คุณจะแทบไม่ได้ยินคำร้องเรียนในระดับเดียวกันนี้เกี่ยวกับคุณภาพของน้ำหรือสะพานที่พังถล่มลงมา
thai_1610,tha_Thai.devtest,613,เพราะเหตุใดระบบขนส่งจึงทำให้เกิดการร้องเรียนเช่นนี้ ทำไมจึงเกิดความผิดพลาดได้ทุกวัน วิศวกรของระบบขนส่งไร้ความสามารถ หรือมีอะไรที่เป็นเรื่องพื้นฐานมากกว่านั้นเกิดขึ้น
thai_1611,tha_Thai.devtest,614,การไหลของจราจรคือการศึกษาการเคลื่อนที่ระหว่างจุดสองจุดของผู้ขับขี่รายหนึ่ง ๆ และพาหนะ และปฏิสัมพันธ์ที่ทั้งสองฝ่ายมีต่อกัน
thai_1612,tha_Thai.devtest,615,น่าเสียดายที่การศึกษาเรื่องความคล่องตัวของจราจรเป็นเรื่องยาก เนื่องจากพฤติกรรมของผู้ขับขี่เป็นสิ่งที่ไม่สามารถคาดเดาด้วยความมั่นใจ 100%
thai_1613,tha_Thai.devtest,616,โชคดีที่คนขับมักประพฤติตัวค่อนข้างไปในทางเดียวกัน การไหลของจราจรจึงมีแนวโน้มที่จะมีความสม่ำเสมอพอสมควรจนสามารถนำมาตีค่าทางคณิตศาสตร์ได้อย่างคร่าว ๆ
thai_1614,tha_Thai.devtest,617,เพื่อแสดงถึงการไหลของการจราจรให้ดียิ่งขึ้น จึงมีการกำหนดความสัมพันธ์ระหว่างคุณสมบัติหลักสามประการ ได้แก่ (1) การไหล (2) ความหนาแน่น และ (3) ความเร็ว
thai_1615,tha_Thai.devtest,618,ความสัมพันธ์เหล่านี้ช่วยในการวางแผน การออกแบบ และการดำเนินงานของสิ่งอำนวยความสะดวกบนถนน
thai_1616,tha_Thai.devtest,619,แมลงเป็นสัตว์ชนิดแรกที่บินในอากาศ ความสามารถในการบินช่วยให้พวกมันหลบเลี่ยงศัตรูได้ง่ายขึ้น และหาอาหารและคู่ครองได้อย่างมีประสิทธิภาพมากขึ้น
thai_1617,tha_Thai.devtest,620,แมลงส่วนใหญ่มีข้อได้เปรียบตรงที่สามารถพับปีกไปตามความยาวลำตัว
thai_1618,tha_Thai.devtest,621,ช่วยให้พวกมันมีสถานที่เล็ก ๆ ที่หลากหลายมากขึ้นในการหลบซ่อนจากพวกนักล่า
thai_1619,tha_Thai.devtest,622,ปัจจุบันนี้ แมลงที่ไม่สามารถพับปีกไปข้างหลังได้มีเพียงแมลงปอและแมลงชีปะขาว
thai_1620,tha_Thai.devtest,623,เมื่อหลายพันปีก่อน ชายคนหนึ่งนามว่าอริสตาร์คัสกล่าวว่าระบบสุริยะเคลื่อนที่ไปรอบ ๆ ดวงอาทิตย์
thai_1621,tha_Thai.devtest,624,บางคนเห็นด้วยกับความคิดของเขา แต่อีกหลายคนเชื่อในทางตรงข้ามว่าระบบสุริยะ รวมทั้งดวงอาทิตย์ (และแม้แต่ดาวฤกษ์ดวงอื่น ๆ) เคลื่อนที่รอบโลก
thai_1622,tha_Thai.devtest,625,ก็ดูมีเหตุผลดี เพราะว่าโลกไม่ได้ให้ความรู้สึกเหมือนกำลังเคลื่อนไหวอยู่เลย จริงไหม
thai_1623,tha_Thai.devtest,626,แม่น้ำอเมซอนเป็นแม่น้ำที่มีความยาวเป็นอันดับสองและมีขนาดใหญ่เป็นอันดับหนึ่งของโลก โดยมีปริมาณน้ำมากกว่าแม่น้ำที่ใหญ่เป็นอันดับสองมากกว่า 8 เท่า
thai_1624,tha_Thai.devtest,627,นอกจากนี้แม่น้ำอเมซอนยังเป็นแม่น้ำที่กว้างที่สุดในโลก โดยมีบางช่วงเวลาที่กว้างถึงหกไมล์
thai_1625,tha_Thai.devtest,628,น้ำ 20 เปอร์เซ็นต์ไหลออกจากแม่น้ำต่าง ๆ ของโลกลงสู่มหาสมุทรนั้นมาจากแอมะซอน
thai_1626,tha_Thai.devtest,629,"แม่น้ำแอมะซอนสายหลักยาว 6,387 กม. (3,980 ไมล์) เป็นที่รวมของน้ำจากแม่น้ำที่เล็กกว่าเป็นพัน ๆ สาย"
thai_1627,tha_Thai.devtest,630,แม้ว่าการสร้างพีระมิดด้วยหินจะยังคงดำเนินต่อไปจนถึงจุดสิ้นสุดของยุคอาณาจักรเก่า แต่ขนาดและความเป็นเลิศทางเทคนิคในการก่อสร้างมหาพีระมิดแห่งกิซายังนับว่ามีความเหนือชั้นกว่า
thai_1628,tha_Thai.devtest,631,ชาวอียิปต์โบราณในราชอาณาจักรใหม่ต่างพากันประหลาดใจเมื่อได้เห็นอนุสรณ์สถานใของบรรพบุรุษซึ่งมีอายุมากกว่าหนึ่งพันปีแล้ว
thai_1629,tha_Thai.devtest,632,นครวาติกันมีประชากรอยู่ราว 800 คน นับเป็นประเทศเอกราชที่เล็กที่สุดและมีประชากรน้อยที่สุดในโลก
thai_1630,tha_Thai.devtest,633,นครวาติกันใช้ภาษาอิตาลีในการออกกฎหมายและการสื่อสารอย่างเป็นทางการ
thai_1631,tha_Thai.devtest,634,คนส่วนใหญ่ที่ทำงานในรัฐจะใช้ภาษาอิตาลีเป็นภาษาในชีวิตประจำวัน ในขณะที่ภาษาละตินจะถูกใช้บ่อยในพิธีทางศาสนา
thai_1632,tha_Thai.devtest,635,พลเมืองทั้งหมดของนครวาติกันเป็นชาวโรมันคาทอลิก
thai_1633,tha_Thai.devtest,636,ผู้คนรู้จักองค์ประกอบทางเคมีพื้นฐานเช่น ทอง เงิน และทองแดงมาตั้งแต่สมัยโบราณ เนื่องจากสามารถค้นพบสิ่งเหล่านี้ได้ในธรรมชาติในรูปแบบดั้งเดิม และยังขุดหาได้ค่อนข้างง่ายด้วยเครื่องมือดึกดำบรรพ์ต่าง ๆ
thai_1634,tha_Thai.devtest,637,อริสโตเติล ผู้เป็นนักปรัชญา ได้ตั้งทฤษฎีว่าทุกสิ่งประกอบด้วยธาตุสี่อย่างน้อยหนึ่งอย่างหรือมากกว่า ซึ่งไดแก่ ดิน น้ำ ลม และไฟ
thai_1635,tha_Thai.devtest,638,นี่เป็นเหมือนสถานะของสสารทั้งสี่เสียมากกว่า (ในลำดับเดียวกัน) ซึ่งก็คือของแข็ง ของเหลว ก๊าซ และพลาสม่า แต่เขาก็ตั้งทฤษฎีด้วยว่าพวกมันจะเปลี่ยนเป็นสารใหม่เพื่อก่อตัวเป็นสิ่งที่เรามองเห็น
thai_1636,tha_Thai.devtest,639,โดยทั่วไปแล้ว โลหะผสมคือโลหะสองชนิดขึ้นไปผสมกัน อย่าลืมว่ามีธาตุอยู่มากมายในตารางธาตุ
thai_1637,tha_Thai.devtest,640,ธาตุต่างๆ เช่น แคลเซียม และ โพแทสเซียม ถือเป็นโลหะ ซึ่งแน่นอนว่ายังมีโลหะเช่นเงินและทองด้วยเช่นกัน
thai_1638,tha_Thai.devtest,641,นอกจากนี้ คุณอาจมีอัลลอยซึ่งมีองค์ประกอบประเภทอโลหะ เช่น คาร์บอน ผสมอยู่ในปริมาณเล็กน้อย
thai_1639,tha_Thai.devtest,642,ทุกสิ่งในจักรวาลล้วนเกิดขี้นจากสสาร ทุกสสารล้วนเกิดขึ้นจากอนุภาคขนาดเล็กจิ๋วที่เรียกว่าอะตอม
thai_1640,tha_Thai.devtest,643,อะตอมมีขนาดเล็กจิ๋วอย่างยิ่งจนสามารถนำมาบรรจุลงในจุดมหัพภาคท้ายประโยคนี้ได้เป็นล้านล้านอะตอม
thai_1641,tha_Thai.devtest,644,ด้วยเหตุนั้น ดินสอจึงเป็นมิตรที่ดีกับหลาย ๆ คนเมื่อออกวางตลาด
thai_1642,tha_Thai.devtest,645,ที่น่าเศร้าก็คือ เมื่อมีวิธีการเขียนในรูปแบบใหม่ ๆ ทยอยกันเกิดขึ้น ดินสอก็ถูกลดความสำคัญและการใช้งานลงไป
thai_1643,tha_Thai.devtest,646,ผู้คนในปัจจุบันเขียนข้อความบนหน้าจอคอมพิวเตอร์ได้โดยไม่จำเป็นต้องเฉียดเข้าใกล้กบเหลาดินสอเลย
thai_1644,tha_Thai.devtest,647,เราได้แต่สงสัยว่าแป้นพิมพ์จะกลายเป็นอย่างไรเมื่อมีสิ่งที่ใหม่กว่าเข้ามา
thai_1645,tha_Thai.devtest,648,ระเบิดแบบฟิชชันทำงานบนหลักการที่ว่าการรวมนิวเคลียสที่มีโปรตอนและนิวตรอนจำนวนมากต้องใช้พลังงาน
thai_1646,tha_Thai.devtest,649,ก็คล้าย ๆ กับการเข็นครกขึ้นภูเขา การแยกนิวเคลียสอีกครั้งจะปลดปล่อยพลังงานนั้นออกมาบางส่วน
thai_1647,tha_Thai.devtest,650,อะตอมบางชนิดมีนิวเคลียสที่ไม่เสถียร นั่นหมายความว่าพวกมันมีแนวโน้มที่จะแยกออกจากกันจากการขยับเขยื้อนเพียงเล็กน้อย หรืออาจไม่ขยับเลย
thai_1648,tha_Thai.devtest,651,พื้นผิวของดวงจันทร์ประกอบด้วยหินและฝุ่น พื้นผิวชั้นนอกของดวงจันทร์เรียกว่าเปลือก
thai_1649,tha_Thai.devtest,652,เปลือกด้านใกล้หนาประมาณ 70 กม. ส่วนด้านไกลหนาประมาณ 100 กม.
thai_1650,tha_Thai.devtest,653,เปลือกของดวงจันทร์จะบางลงในส่วนที่เป็นทะเลดวงจันทร์ (Maria) แต่หนาขึ้นในส่วนที่เป็นพื้นที่สูง (Highland)
thai_1651,tha_Thai.devtest,654,ฝั่งด้านใกล้อาจมีมาเรียมากกว่านี้เพราะเปลือกผิวบางกว่า ทำให้ลาวาพุ่งขึ้นมาถึงพื้นผิวได้ง่ายกว่า
thai_1652,tha_Thai.devtest,655,เนื้อหาทฤษฎีมุ่งเน้นไปที่การสืบเสาะหาสิ่งที่ทำให้ผู้คนเลือกหรือสนใจ
thai_1653,tha_Thai.devtest,656,ทฤษฎีเหล่านี้แสดงให้เห็นว่าผู้คนมีความต้องการ และ/หรือความปรารถนาบางประการซึ่งเกิดขึ้นภายในขณะที่พวกเขาเติบโตเป็นผู้ใหญ่
thai_1654,tha_Thai.devtest,657,ทฤษฎีเหล่านี้พิจารณาว่าสิ่งใดที่ทำให้คนบางคนต้องการสิ่งที่พวกเขาได้ทำไป และสิ่งใดในสภาพแวดล้อมของพวกเขาที่จะทำให้พวกเขาลงมือทำหรือไม่ทำบางสิ่ง
thai_1655,tha_Thai.devtest,658,ทฤษฏีเชิงเนื้อหาอันโด่งดังสองทฤษฏี ได้แก่ ทฤษฏีลำดับขั้นความต้องการของมาสโลว์ และทฤษฏีสองปัจจัยของเฮิร์ซเบิร์ก
thai_1656,tha_Thai.devtest,659,"พูดโดยทั่วไปแล้ว อาจมีพฤติกรรมเกิดขึ้นได้สองอย่างเมื่อผู้จัดการนำคนที่เคยเป็นเพื่อนร่วมงาน ในด้านหนึ่งก็คือพยายามที่จะเป็น ""ส่วนหนึ่งของพวกเขา"" (หรือเธอ)"
thai_1657,tha_Thai.devtest,660,ผู้จัดการประเภทนี้มีปัญหาในการตัดสินใจที่ไม่เป็นที่นิยม การดำเนินการทางวินัย การประเมินผลการปฏิบัติงาน มอบหมายความรับผิดชอบ และควบคุมให้บุคคลมีความรับผิดชอบ
thai_1658,tha_Thai.devtest,661,ในทางตรงข้าม บุคคลหนึ่งเปลี่ยนเป็นบุคคลที่จำไม่ได้ซึ่งรู้สึกว่าเขาหรือเธอต้องเปลี่ยนทุกอย่างที่ทีมทำมาตลอดและทำให้เป็นของตัวเอง
thai_1659,tha_Thai.devtest,662,ไม่ว่าจะอย่างไรก็ตามผู้นำต้องรับผิดชอบต่อความสำเร็จและความล้มเหลวของทีม
thai_1660,tha_Thai.devtest,663,พฤติกรรมเช่นนี้ส่งผลให้เกิดความระหองระแหงระหว่างผู้นำกับทุกคนที่เหลือในทีมได้บ่อยครั้ง
thai_1661,tha_Thai.devtest,664,ทีมเสมือนมีมาตรฐานความเป็นเลิศเช่นเดียวกับทีมแบบดั้งเดิมทั่วไป แต่มีความแตกต่างที่แยบยล
thai_1662,tha_Thai.devtest,665,สมาชิกทีมเสมือนมักทำหน้าที่เป็นศูนย์ติดต่อสำหรับกลุ่มทางกายภาพที่ใกล้ชิดกัน
thai_1663,tha_Thai.devtest,666,พวกเขามักมีสมาชิกทีมที่คิดเองทำเองมากกว่าสมาชิกตามแบบฉบับดั้งเดิมเนื่องจากทีมของพวกเขาอาจพบกันตามเขตเวลาที่ต่างกันซึ่งผู้บริหารในพื้นที่อาจไม่เข้าใจ
thai_1664,tha_Thai.devtest,667,"การมี “ ทีมล่องหน” ที่แท้จริง (ลาร์สัน และ ลาฟาสโต, 1989, หน้า 109) ยังเป็นองค์ประกอบเฉพาะของทีมเสมือนอีกด้วย"
thai_1665,tha_Thai.devtest,668,“ทีมล่องหน” คือทีมบริหารซึ่งสมาชิกทุกคนต้องมารายงาน ทีมล่องหนจะกำหนดมาตรฐานสำหรับสมาชิกแต่ละคน
thai_1666,tha_Thai.devtest,669,เหตุใดองค์กรหนึ่ง ๆ จึงต้องการผ่านกระบวนการจัดตั้งองค์กรแห่งการเรียนรู้ซึ่งใช้เวลานาน เป้าหมายหนึ่งในการนำแนวคิดเกี่ยวกับการเรียนรู้ขององค์กรไปปฏิบัติก็คือนวัตกรรม
thai_1667,tha_Thai.devtest,670,เมื่อมีการใช้ทรัพยากรที่มีอยู่ทั้งหมดอย่างมีประสิทธิภาพในแผนกที่ทำหน้าที่ต่าง ๆ ทั่วองค์กร ความคิดสร้างสรรค์และความเฉลียวฉลาดก็สามารถเกิดขึ้นได้
thai_1668,tha_Thai.devtest,671,ด้วยเหตุนี้ กระบวนการขององค์กรที่ทำงานร่วมกันเพื่อเอาชนะอุปสรรคสามารถนำไปสู่กระบวนการใหม่ที่มีความริเริ่มสร้างสรรค์เพื่อตอบสนองความต้องการของลูกค้า
thai_1669,tha_Thai.devtest,672,ก่อนองค์กรจะมีความคิดริเริ่มได้ ความเป็นผู้นำจะต้องสร้างวัฒนธรรมแห่งการริเริ่มสร้างสรรค์ไปพร้อมกับการแบ่งปันความรู้และการเรียนรู้ภายในองค์กร
thai_1670,tha_Thai.devtest,673,Angel (2006) อธิบายว่าแนวทาง Continuum ว่าเป็นวิธีสำหรับช่วยให้องค์กรมีประสิทธิภาพสูงขึ้นได้สำเร็จ
thai_1671,tha_Thai.devtest,674,ข้อมูลทางประสาทวิทยาให้ข้อมูลหลักฐานทางกายภาพเพื่อการวิจัยกระบวนการรับรู้ในทางทฤษฎี ข้อมูลเหล่านี้จึงช่วยลดขอบเขตการวิจัยและทำให้การวิจัยมีความแม่นยำมากขึ้น
thai_1672,tha_Thai.devtest,675,ความสัมพันธ์เกี่ยวโยงระหว่างพยาธิวิทยาของสมองและพฤติกรรมจะช่วยสนับสนุนนักวิทยาศาสตร์ในการวิจัยของพวกเขา
thai_1673,tha_Thai.devtest,676,เป็นที่ทราบกันมายาวนานว่า ความเสียหายของสมองประเภทต่าง ๆ ทั้งการบาดเจ็บ รอยโรค และเนื้องอกนั้น ส่งผลต่อพฤติกรรมและก่อให้เกิดการเปลี่ยนแปลงในการทำงานของสภาพจิตใจบางประการด้วย
thai_1674,tha_Thai.devtest,677,การมีเทคโนโลยีใหม่ ๆ เพิ่มขึ้นช่วยให้เรามองเห็นและตรวจสอบโครงสร้างรวมถึงกระบวนการทำงานของสมองในส่วนที่ไม่เคยเห็นมาก่อนได้
thai_1675,tha_Thai.devtest,678,สิ่งนี้ทำให้เรามีข้อมูลและเนื้อหามากมายในการสร้างแบบจำลองสถานการณ์ซึ่งช่วยให้เราเข้าใจกระบวนการในจิตใจได้
thai_1676,tha_Thai.devtest,679,แม้ว่าระบบ AI จะมีความหมายแฝงอย่างชัดเจนถึงนวนิยายแนววิทยาศาสตร์ แต่ระบบ AI ก็เป็นศาสตร์แขนงหนึ่งของวิทยาการคอมพิวเตอร์ที่สำคัญมาก ในการจัดการกับพฤติกรรม การเรียนรู้ และการปรับตัวอย่างชาญฉลาดของเครื่องจักรกล
thai_1677,tha_Thai.devtest,680,การศึกษาวิจัยเกี่ยวกับ AI เกี่ยวข้องกับการทำให้เครื่องจักรปฏิบัติงานที่ต้องใช้พฤติกรรมชาญฉลาดได้โดย​อัตโนมัติ
thai_1678,tha_Thai.devtest,681,ตัวอย่างได้แก่ การควบคุม การวางแผน และการกำหนดเวลา ความสามารถที่จะตอบความคิดเห็นและคำถามของลูกค้า รวมไปถึงการจดจำลายมือ เสียงพูด และใบหน้า
thai_1679,tha_Thai.devtest,682,สิ่งต่าง ๆ เหล่านี้ได้กลายเป็นสาขาวิชาที่แยกออกจากกันโดยมุ่งเน้นไปที่การมอบวิธีแก้ปัญหาในชีวิตจริง
thai_1680,tha_Thai.devtest,683,ปัจจุบัน ระบบ AI มักถูกใช้ในสายงานเศรษฐศาสตร์ การแพทย์ วิศวกรรม และการทหาร เช่นเดียวกับที่สร้างขึ้นในแอปพลิเคชันซอฟต์แวร์สำหรับคอมพิวเตอร์ที่ใช้ในบ้านและวิดีโอเกมต่างๆ นานา
thai_1681,tha_Thai.devtest,684,ทัศนศึกษาเป็นส่วนสำคัญของทุกชั้นเรียน บ่อยครั้งที่ครูจะพานักเรียนของตนออกไปยังสถานที่ต่าง ๆ ซึ่งไม่อาจเดินทางด้วยรถโดยสารได้
thai_1682,tha_Thai.devtest,685,เทคโนโลยีนำเสนอวิธีแก้ปัญหาด้วยการทัศนศึกษาในโลกเสมือนจริง นักเรียนสามารถดูสิ่งประดิษฐ์ในพิพิธภัณฑ์ เยี่ยมชมพิพิธภัณฑ์สัตว์น้ำ หรือชื่นชมผลงานศิลปะที่งดงามขณะนั่งอยู่กับคนอื่นในชั้นเรียนได้
thai_1683,tha_Thai.devtest,686,การร่วมแบ่งปันประสบการณ์ทัศนศึกษาเสมือนจริง เป็นวิธีที่ดีมากวิธีหนึ่งในการสะท้อนการเดินทางและแบ่งปันประสบการณ์กับวิชาเรียนในอนาคต
thai_1684,tha_Thai.devtest,687,ตัวอย่างเช่น นักเรียนจากโรงเรียนเบนเน็ตในรัฐนอร์ทแคโรไลนาออกแบบเว็บไซต์การเดินทางของพวกเขาไปยังเมืองหลวงของรัฐ เว็บไซต์จะได้รับการออกแบบใหม่ทุกปี แต่เวอร์ชันเก่าก็ยังคงเปิดดูได้ทางออนไลน์เพื่อใช้เป็นสแครปบุ๊ก
thai_1685,tha_Thai.devtest,688,บล็อกยังสามารถช่วยปรับปรุงการเขียนของนักเรียนได้ด้วย แม้ว่านักเรียนมักจะเริ่มต้นประสบการณ์การเขียนบล็อกด้วยไวยกรณ์และการสะกดคำที่ไม่ค่อยถูกต้องนัก แต่โดยทั่วไปแล้วการมีผู้รับสารมักจะสามารถช่วยเปลี่ยนแปลงความผิดพลาดเหล่านั้นได้
thai_1686,tha_Thai.devtest,689,เนื่องจากนักเรียนมักเป็นกลุ่มผู้อ่านที่สำคัญที่สุด ผู้เขียนบล็อกจึงเริ่มที่จะปรับปรุงการเขียนของตนอย่างหนักเพื่อที่จะหลีกเลี่ยงการถูกวิพากษ์วิจารณ์
thai_1687,tha_Thai.devtest,690,"การเขียนบล็อกยัง ""ผลักดันให้นักเรียนเข้าใจโลกรอบตัวมากขึ้น"" อีกด้วย ความต้องการที่จะตอบสนองความสนใจของผู้อ่านสร้างแรงบันดาลใจให้นักเรียนว่าต้องเป็นคนฉลาดและน่าสนใจ (Toto, 2004)"
thai_1688,tha_Thai.devtest,691,การเขียนบล็อกเป็นเครื่องมือที่สนับสนุนให้เกิดการร่วมมือและส่งเสริมให้นักเรียนเรียนรู้เพิ่มเติมนอกเวลาเรียนตามปกติ
thai_1689,tha_Thai.devtest,692,"การใช้งานบล็อกอย่างเหมาะสม ""สามารถส่งเสริมให้เด็กนักเรียนรู้จักวิเคราะห์และวิจารณ์มากขึ้น ช่วยให้นักเรียนสามารถกำหนดตำแหน่งของพวกเขาในบริบทของงานเขียนของผู้อื่นผ่านการตอบสนองต่อเนื้อหาในอินเทอร์เน็ตอย่างกระตือรือร้น รวมทั้งสรุปมุมมองของตนเองในประเด็นที่กำหนด (ออราเว็ก, 2002)"
thai_1690,tha_Thai.devtest,693,ออตตาวาคือเมืองหลวงสองภาษาของแคนาดาที่มีเสน่และเรียงรายไปด้วยหอศิลป์และพิพิธภัณฑ์ซึ่งแสดงอดีตและปัจจุบันของแคนาดา
thai_1691,tha_Thai.devtest,694,ไกลออกไปทางใต้เป็นน้ำตกไนแองการา ส่วนทางเหนือมีความงดงามตามธรรมชาติที่ยังบริสุทธิ์อยู่ของมัสโคคาและอื่น ๆ
thai_1692,tha_Thai.devtest,695,สิ่งเหล่านี้และสิ่งอื่น ๆ ทำให้ออนแทรีโอโดดเด่นจนกลายเป็นหัวใจสำคัญของแคนาดาในสายตาคนภายนอก
thai_1693,tha_Thai.devtest,696,พื้นที่ขนาดใหญ่ซึ่งอยู่ห่างไกลออกไปทางเหนือมีประชากรค่อนข้างประปรายและบางพื้นที่รกร้างจนแทบไม่มีคนผู้คนอาศัยอยู่เลย
thai_1694,tha_Thai.devtest,697,การเปรียบเทียบจำนวนประชากรที่ทำให้คนมากมายรู้สึกประหลาดใจก็คือ ชาวอเมริกันเชื้อสายแอฟริกันที่อาศัยอยู่ในสหรัฐอเมริกามีจำนวนมากกว่าพลเมืองแคนาดาเสียอีก
thai_1695,tha_Thai.devtest,698,หมู่เกาะแอฟริกาตะวันออกตั้งอยู่ในมหาสมุทรอินเดีย ที่นอกชายฝั่งด้านตะวันออกของแอฟริกา
thai_1696,tha_Thai.devtest,699,โดยมีเกาะมาดากัสการ์เป็นเกาะที่ใหญ่ที่สุดและใหญ่กว่าเกาะอื่น ๆ มากจนเรียกได้ว่าเป็นทวีปหนึ่งเลยทีเดียวหากกล่าวถึงเรื่องของพันธุ์พืชและสัตว์ป่า
thai_1697,tha_Thai.devtest,700,เกาะเล็ก ๆ ส่วนใหญ่เป็นชาติที่มีเอกราช หรือมีความข้องเกี่ยวกับฝรั่งเศส และขึ้นชื่อว่าเป็นนามรีสอร์ตหรูริมหาด
thai_1698,tha_Thai.devtest,701,นอกจากนี้ ชาวอาหรับยังนำศาสนาอิสลามไปสู่ดินแดนต่าง ๆ และได้รับความนิยมอย่างมากในคอโมโรสและมายอต
thai_1699,tha_Thai.devtest,702,อิทธิพลของยุโรปและลัทธิล่าอาณานิคมเริ่มขึ้นในศตวรรษที่ 15 เมื่อวัชกู ดา กามา นักสำรวจชาวโปรตุเกสพบเส้นทางผ่านแหลมต่าง ๆ จากยุโรปไปยังอินเดีย
thai_1700,tha_Thai.devtest,703,พื้นที่ทางทิศเหนือมีชายแดนติดกับซาเฮล ส่วนทางทิศใต้และทิศตะวันตกติดกับมหาสมุทรแอตแลนติก
thai_1701,tha_Thai.devtest,704,ผู้หญิง: ขอแนะนำให้นักท่องเที่ยวผู้หญิงทุกคนบอกว่าตนแต่งงานแล้ว ไม่ว่าสถานภาพสมรสที่แท้จริงจะเป็นอย่างไรก็ตาม
thai_1702,tha_Thai.devtest,705,หากสวมแหวนด้วยก็จะเป็นประโยชน์ (แต่ไม่ใช่แหวนที่ดูแพงเกินไป
thai_1703,tha_Thai.devtest,706,ผู้หญิงพึงตระหนักว่าความต่างทางวัฒนธรรมอาจทำให้พวกเธอคิดว่าเป็นการล่วงละเมิด และไม่ใช่เรื่องแปลกที่จะถูกตาม จับแขน ฯลฯ
thai_1704,tha_Thai.devtest,707,จงหนักแน่นในการปฏิเสธผู้ชายและอย่ากลัวที่จะยืนหยัด (ไม่ว่าจะมีความต่างทางวัฒนธรรมหรือไม่ ก็ไม่ได้ทำให้เป็นเรื่องที่ยอมรับได้!)
thai_1705,tha_Thai.devtest,708,เมืองคาซาบลังกาที่ทันสมัยได้ก่อตั้งขึ้นโดยชาวประมงชาวเบอร์เบอร์ (Berber) ในช่วงศตวรรษที่ 10 และชาวฟินิเชีย โรมัน และเมเรนิดใช้ที่นี่เป็นท่าเรือยุทธศาสตร์ที่เรียกว่าแอนฟา (Anfa)
thai_1706,tha_Thai.devtest,709,ชาวโปรตุเกสทำลายที่นี่แล้วสร้างขึ้นใหม่โดยตั้งชื่อว่า Casa Branca เพียงเพื่อจะละทิ้งมันหลังเกิดแผ่นดินไหวในปี 1755
thai_1707,tha_Thai.devtest,710,สุลต่านของโมร็อกโกสร้างเมืองนี้ขึ้นมาใหม่โดยใช้ชื่อว่า Daru l-Badya และบรรดาพ่อค้าชาวสเปนซึ่งตั้งฐานการค้าที่นั่นตั้งชื่อให้ว่าคาซาบลังกา
thai_1708,tha_Thai.devtest,711,กาซาบล็องกา คือ สถานที่แห่งหนึ่งที่น่าสนใจน้อยที่สุดสำหรับการเลือกซื้อสินค้าในโมร็อกโก
thai_1709,tha_Thai.devtest,712,รอบ ๆ เมื่องเก่าเมดินา คุณสามารถหาสถานที่ขายสินค้าโมร็อกโกแบบดั้งเดิมได้ง่าย เช่น ทาจีน เครื่องปั้นดินเผา เครื่องหนัง ฮุคคา และของจิปาถะอื่น ๆ อีกมากมาย แต่ทั้งหมดนี้สำหรับนักท่องเที่ยวเท่านั้น
thai_1710,tha_Thai.devtest,713,โกมา คือเมืองท่องเที่ยวของสาธารณรัฐประชาธิปไตยคองโก อยู่ทางตะวันออกสุดใกล้กับรวันดา
thai_1711,tha_Thai.devtest,714,ในปี พ.ศ. 2545 เมืองโกมาถูกทำลายโดยลาวาจากภูเขาไฟอิรากองโก ทำให้ถนนในเมืองถูกฝังกลบไปเกือบทั้งหมด โดยเฉพาะในส่วนใจกลางเมือง
thai_1712,tha_Thai.devtest,715,แม้โกมาจะมีความปลอดภัยพอสมควร แต่หากจะไปเที่ยวนอกเขตเมืองโกมา ก็ควรศึกษาข้อมูลก่อนเพื่อให้เข้าใจสถานการณ์การต่อสู้ที่ยืดเยื้อในจังหวัดนอร์ทคิวู
thai_1713,tha_Thai.devtest,716,เมืองนี้ยังเป็นฐานที่ตั้งสำหรับการปีนภูเขาไฟ Nyiragongo พร้อมด้วยการเดินตามหากอริลลาภูเขาที่ถูกที่สุดในแอฟริกา
thai_1714,tha_Thai.devtest,717,คุณสามารถเดินทางรอบโกมาด้วยโบดา-โบดา (มอเตอร์ไซค์รับจ้าง) โดยราคาปกติ (ในท้องถิ่น) จะอยู่ที่ประมาณ 500 ฟรังก์คองโกสำหรับการเดินทางระยะสั้น
thai_1715,tha_Thai.devtest,718,"เมื่อรวมกับความเข้าถึงได้ยาก ""Timbuktu"" จึงกลายเป็นคำเปรียบเปรยสำหรับดินแดนที่อยู่ห่างไกลและแปลกใหม่"
thai_1716,tha_Thai.devtest,719,ปัจจุบันนี้ Timbuktu เป็นเมืองที่ยากจนแม้ว่าชื่อเสียงของเมืองจะทำให้ที่นี่กลายเป็นสถานที่ท่องเที่ยวและมีสนามบินก็ตาม
thai_1717,tha_Thai.devtest,720,ในปี พ.ศ. 2533 ที่นี่ถูกเพิ่มลงในรายชื่อแหล่งมรดกโลกที่ตกอยู่ในภาวะอันตรายเนื่องด้วยภัยคุกคามจากทรายในทะเลทราย
thai_1718,tha_Thai.devtest,721,ที่นี่เป็นหนึ่งในจุดหยุดพักที่สำคัญระหว่างรายการสิ่งมหัศจรรย์พิเศษของโลกแอฟริกาของ เฮนรี หลุยส์ เกตส์ ทางช่อง PBS
thai_1719,tha_Thai.devtest,722,เมืองนี้แตกต่างจากเมืองอื่น ๆ ของประเทศอย่างสิ้นเชิง เนื่องจากมีบรรยากาศของอาหรับมากกว่าของแอฟริกัน
thai_1720,tha_Thai.devtest,723,อุทยานแห่งชาติครูเกอร์ (เคเอ็นพี) ตั้งอยู่ทางทิศตะวันออกเฉียงเหนือของแอฟริกาใต้ ขนานไปกับพรมแดนของโมซัมบิกที่อยู่ทางตะวันออก โดยมีซิมบับเวอยู่ทางทิศเหนือ และพรมแดนภาคใต้ติดกับแม่น้ำคร็อกโคไดล์
thai_1721,tha_Thai.devtest,724,"อุทยานแห่งนี้ครอบคลุมพื้นที่ 19,500 ตร.กม. โดยแบ่งเป็น 14 เขตนิเวศที่แตกต่างซึ่งแต่ละเขตรองรับสัตว์ป่าที่แตกต่างกันไป"
thai_1722,tha_Thai.devtest,725,ที่นี่เป็นสถานที่ท่องเที่ยวหลักแห่งหนึ่งของแอฟริกาใต้และถือเป็นเรือธงของอุทยานแห่งชาติแอฟริกาใต้ (SANParks)
thai_1723,tha_Thai.devtest,726,มีการเก็บค่าธรรมเนียมการอนุรักษ์และค่าธรรมเนียมการเข้าอุทยานในแต่ละวันเช่นเดียวกับอุทยานแห่งชาติในแอฟริกาใต้แห่งอื่น ๆ
thai_1724,tha_Thai.devtest,727,นอกจากนี้หากใครซื้อบัตรเข้าชม Wild Card อาจจะคุ้มกว่าเพราะสามารถเข้าชมอุทยานแห่งชาติในเขตแอฟริกาใต้ได้ทุกแห่ง ซึ่งอาจเลือกเข้าชมเพียงบางแห่งหรือทุกแห่งตามความต้องการ (1)
thai_1725,tha_Thai.devtest,728,เกาะฮ่องกงทำให้ดินแดนฮ่องกงมีชื่อเสียง และยังเป็นสถานที่ที่นักท่องเที่ยวจำนวนมากมองว่าควรเน้นเป็นหลัก
thai_1726,tha_Thai.devtest,729,ตึกที่ตั้งอยู่เรียงรายซึ่งสร้าง Hong Kong skyline ขึ้นมา ถูกนำไปเปรียบกับแผนภูมิแท่งเรืองแสงที่ทำขึ้นมาให้เห็นได้ง่าย ๆ ด้วยผืนน้ำที่ปรากฏอยู่ในบริเวณท่าเรือวิคตอเรีย
thai_1727,tha_Thai.devtest,730,หากต้องการเห็นทิวทัศน์ที่ดีที่สุดของฮ่องกง จงออกจากเกาะแล้วไปที่ริมน้ำฝั่งเกาลูนที่อยู่ตรงข้าม
thai_1728,tha_Thai.devtest,731,ความพัฒนาก้าวหน้าของเมืองส่วนใหญ่ในเกาะฮ่องกงมีความหนาแน่นบนพื้นที่ตามแนวชายฝั่งทางตอนเหนือที่ถูกยึดคืน
thai_1729,tha_Thai.devtest,732,นี่คือสถานที่ที่ชาวอาณานิคมอังกฤษยึดไว้เป็นของตนเอง เพราะฉะนั้น หากคุณกำลังมองหาหลักฐานที่บ่งบอกถึงอดีตของอาณานิคมแห่งนี้ล่ะก็ ที่นี่คือจุดเริ่มต้นที่ดี
thai_1730,tha_Thai.devtest,733,ซุนดาร์บันส์ คือบริเวณป่าชายเลนชายฝั่งทะเลที่ใหญ่ที่สุดในโลกซึ่งทอดยาวราว 80 กม. (50 ไมล์) ไปสู่เขตด้อยความเจริญของบังคลาเทศและอินเดียซึ่งอยู่ห่างจากชายฝั่ง
thai_1731,tha_Thai.devtest,734,องค์การยูเนสโกประกาศให้ซุนดาร์บันส์เป็นมรดกโลก ส่วนหนึ่งของป่าที่อยู่ในเขตแดนของอินเดียเรียกว่าอุทยานแห่งชาติซุนดาร์บันส์
thai_1732,tha_Thai.devtest,735,ผืนป่าไม่ได้มีเพียงแค่ป่าชายเลนเท่านั้น ยังมีซากของป่าใหญ่ที่หลงเหลืออยู่ซึ่งครั้งนึงเคยครอบคลุมที่ราบลุ่มแม่น้ำคงคา
thai_1733,tha_Thai.devtest,736,"ซุนดาร์บันส์ครอบคลุมพื้นที่ 3,850 ตร.กม. ซึ่งประมาณหนึ่งในสามปกคลุมด้วยน้ำ/พื้นที่ที่เป็นบึง"
thai_1734,tha_Thai.devtest,737,"สุนทรพนเป็นพื้นที่เขตรักษาพันธุ์สัตว์ป่ามาตั้งแต่ปี 1966 โดยคาดว่าในปัจจุบัน พื้นที่แห่งนี้มีเสือโคร่งเบงกอลอยู่ราว ๆ 400 ตัว และมีกวางดาวอยู่ประมาณ 30,000 ตัว"
thai_1735,tha_Thai.devtest,738,รถโดยสารออกจากสถานีรถระหว่างมณฑล (ข้ามแม่น้ำ) ตลอดทั้งวัน โดยส่วนใหญ่แล้วรถที่มุ่งหน้าไปทางตะวันออกและ Jakar/Bumthang จะออกจากสถานีระหว่างเวลา 06.30 and 07.30 น.
thai_1736,tha_Thai.devtest,739,ขอแนะนำให้ซื้อตั๋วล่วงหน้าเป็นเวลาสองสามวันเนื่องจากรถโดยสารระหว่างเขตมักจะเต็มบ่อย ๆ
thai_1737,tha_Thai.devtest,740,ในเขตส่วนใหญ่มีรถโดยสารแจแปนิสโคสเตอร์ขนาดเล็กซึ่งสะดวกสบายและมั่นคงคอยให้บริการ
thai_1738,tha_Thai.devtest,741,แท็กซี่ทางเดียวกันไปด้วยกันเป็นช่องทางการเดินทางไปยังจุดหมายใกล้ ๆ ที่สะดวกและรวดเร็ว ตัวอย่างเช่น ไป​เมืองพาโร (150 นู) และ ไปเมืองพูนาคา (200 นู)
thai_1739,tha_Thai.devtest,742,สะพานแม่น้ำฏอยาป็อกคือสะพานที่ยึดไว้ด้วยสายเคเบิลซึ่งทอดข้ามแม่น้ำโอยาป็อกเพื่อเชื่อมต่อเมือง Oiapoque ในบราซิลและ Saint-Georges de l'Oyapock ในเฟรนช์เกียนาเข้าด้วยกัน
thai_1740,tha_Thai.devtest,743,เสาทาวเวอร์ทั้งสองสูงตะหง่านขึ้นไปถึง 83 เมตร มีความยาว 378 เมตร และประกอบด้วยเลน 2 เลนซึ่งมีความกว้าง 3.50 เมตร
thai_1741,tha_Thai.devtest,744,สะพานอยู่สูงจากพื้นเบื้องล่าง 15 เมตร การก่อสร้างแล้วเสร็จในเดือนสิงหาคม 2011 แต่ไม่ได้เปิดให้ใช้งานจนกระทั่งเดือนมีนาคม 2017
thai_1742,tha_Thai.devtest,745,สะพานดังกล่าวมีกำหนดที่จะเปิดใช้งานอย่างเต็มรูปแบบในเดือนกันยายนปี 2017 ซึ่งเป็นเวลาที่คาดว่าด่านศุลกากรของบราซิลจะเสร็จสมบูรณ์
thai_1743,tha_Thai.devtest,746,Guaraní คือกลุ่มชนพื้นเมืองที่สำคัญที่สุดซึ่งอาศัยอยู่ในพื้นที่ที่เป็นปารากวัยตะวันออกในปัจจุบัน โดยดำรงชีพด้วยการเป็นนักล่ากึ่งเร่ร่อนที่ทำการเกษตร
thai_1744,tha_Thai.devtest,747,ภูมิภาคชาโกเคยเป็นถิ่นอาศัยของชนเผ่าพื้นเมืองอื่น ๆ เช่น Guaycurú และ Payaguá ซึ่งมีชีวิตรอดด้วยการล่าสัตว์ รวมตัวกันและตกปลา
thai_1745,tha_Thai.devtest,748,"ในศตวรรษที่ 16 ปารากวัย ซึ่งเคยได้รับการขนามนามว่า ""จังหวัดยักษ์ใหญ่ของหมู่เกาะอินดีส"" ถือกำเนิดขึ้นจากการเผชิญหน้ากันของผู้พิชิตชาวสเปนกับกลุ่มชนพื้นเมือง"
thai_1746,tha_Thai.devtest,749,ชาวสเปนเป็นผู้ก่อให้เกิดยุคล่าอาณานิคมที่มีระยะเวลายาวนานถึงสามศตวรรษ
thai_1747,tha_Thai.devtest,750,นับตั้งแต่ก่อตั้ง Asunción ขึ้นในปี 1537 ปารากวัยก็ได้รักษาคุณลักษณะและอัตลักษณ์ของชนพื้นเมืองเอาไว้มากมาย
thai_1748,tha_Thai.devtest,751,อาร์เจนตินาขึ้นชื่อว่ามีทีมโปโลและผู้เล่นที่ดีที่สุดประเทศหนึ่งของโลก
thai_1749,tha_Thai.devtest,752,ทัวร์นาเมนต์ที่ใหญ่ที่สุดของปีจัดขึ้นในเดือนธันวาคมที่สนามโปโลในลาสคาญิตัส
thai_1750,tha_Thai.devtest,753,สามารถรับชมทัวร์นาเมนต์และการแข่งขันขนาดเล็กกว่าได้ที่นี่ในช่วงเวลาอื่น ๆ ของปี
thai_1751,tha_Thai.devtest,754,สำหรับข่าวสารต่าง ๆ เกี่ยวกับการจัดงานแข่งขันกีฬาโปโลและสถานที่ซื้อบัตรสำหรับการเข้าชม กรุณาตรวจสอบได้ที่ Asociacion Argentina de Polo (สมาคมกีฬาโปโลแห่งประเทศอาเจนตินา)
thai_1752,tha_Thai.devtest,755,สกุลเงินที่ใช้อย่างเป็นทางการในฟอล์กแลนด์คือปอนด์ฟอล์กแลนด์ (FKP) ซึ่งมีมูลค่าเท่ากับหนึ่งปอนด์อังกฤษ (GBP)
thai_1753,tha_Thai.devtest,756,สามารถแลกเปลี่ยนเงินได้ที่ธนาคารแต่เพียงแห่งเดียวในหมู่เกาะซึ่งตั้งอยู่ในสแตนลีย์ ตรงข้ามกับร้านเอฟไอซี เวสต์
thai_1754,tha_Thai.devtest,757,โดยทั่วไปจะสามารถใช้เงินปอนด์ของอังกฤษได้ในทั่วทุกที่ของหมู่เกาะนี้ รวมถึงในการใช้บัตรเครดิตสแตนลีย์ และเงินดอลลาร์สหรัฐก็มักได้รับการยอมรับเช่นกัน
thai_1755,tha_Thai.devtest,758,เป็นไปได้ว่าหมู่เกาะรอบนอกอาจไม่รับบัตรเครดิต แม้ว่าจะยอมรับสกุลเงินของอังกฤษและสหรัฐอเมริกาก็ตาม ตรวจสอบกับเจ้าของล่วงหน้าเพื่อกำหนดวิธีการชำระเงินที่ใช้ได้
thai_1756,tha_Thai.devtest,759,แทบจะเป็นไปไม่ได้เลยที่จะแลกเปลี่ยนสกุลเงินของหมู่เกาะฟอล์กแลนด์นอกเกาะ ดังนั้นให้แลกเปลี่ยนเงินก่อนออกจากเกาะ
thai_1757,tha_Thai.devtest,760,เนื่องจากมอนเตวิเดโอตั้งอยู่ทางใต้ของเส้นศูนย์สูตร ในยามที่ซีกโลกเหนือเป็นฤดูหนาว ที่นั่นจะเป็นฤดูร้อน และในยามที่ซีกโลกเหนือเป็นฤดูร้อน ที่นั่นจะเป็นฤดูหนาว
thai_1758,tha_Thai.devtest,761,มอนเตวิเดโออยู่ในภูมิภาคกึ่งเขตร้อน ในเดือนที่อยู่ในช่วงฤดูร้อน อุณหภูมิที่มากกว่า 30°C ถือเป็นเรื่องปกติ
thai_1759,tha_Thai.devtest,762,ฤดูหนาวอาจหนาวเย็นผิดคาด กล่าวคือแม้อุณหภูมิเองนั้นแทบไม่ลดลงต่ำกว่าจุดเยือกแข็ง แต่จะทำให้รู้สึกหนาวกว่าที่เทอร์โมมิเตอร์บอกเนื่องจากลมและความชื้น
thai_1760,tha_Thai.devtest,763,"ไม่มีฤดู ""ฝน"" และฤดู ""แห้งแล้ง"" โดยเฉพาะ ปริมาณน้ำฝนค่อนข้างจะเท่ากันตลอดทั้งปี"
thai_1761,tha_Thai.devtest,764,แม้ว่าสัตว์จำนวนมากในอุทยานจะคุ้นเคยกับการมองเห็นมนุษย์ แต่ถึงอย่างไรสัตว์ป่านก็ยังเป็นสัตว์ป่า และไม่ควรได้รับอาหารหรือถูกรบกวน
thai_1762,tha_Thai.devtest,765,เจ้าหน้าที่อุทยานแจ้งว่าให้อยู่ห่างจากหมีและหมาป่าอย่างน้อย 100 หลาหรือเมตร และห่างจากสัตว์ป่าอื่น ๆ ทั้งหมด 25 หลาหรือเมตร
thai_1763,tha_Thai.devtest,766,ไม่ว่าพวกมันจะดูเชื่องขนาดไหน วัวกระทิง กวางมูส หมี และสัตว์ขนาดใหญ่เกือบทั้งหมดก็สามารถโจมตีได้
thai_1764,tha_Thai.devtest,767,ในแต่ละปีมีผู้มาเยือนหลายสิบรายได้รับบาดเจ็บเนื่องจากไม่ได้รักษาระยะห่างที่เหมาะสม สัตว์เหล่านี้มีขนาดใหญ่ ดุร้าย และอาจเป็นอันตราย จึงต้องเว้นระยะห่างให้พวกมันมีที่ว่าง
thai_1765,tha_Thai.devtest,768,นอกจากนี้ โปรดทราบว่ากลิ่นต่าง ๆ จะดึงดูดหมีและสัตว์ป่าอื่น ๆ ดังนั้น ให้หลีกเลี่ยงการพกพาหรือปรุงอาหารที่มีกลิ่นแรง และรักษาแคมป์ให้สะอาดอยู่เสมอ
thai_1766,tha_Thai.devtest,769,"อาปีอา คือเมืองหลวงซามัว ตั้งอยู่บนเกาะอูโปลู และมีประชากรเพียงเกือบ 40,000 คน"
thai_1767,tha_Thai.devtest,770,อาปีอาก่อตั้งขึ้นในทศรรษที่ 1850 และเป็นเมืองหลวงอย่างเป็นทางการของซามัวมาตั้งแต่ปี 1959
thai_1768,tha_Thai.devtest,771,ท่าเรือแห่งนี้เป็นสถานที่ซึ่งเกิดความขัดแย้งทางกองทัพเรือที่ฉาวโฉ่ในปี 1889 เมื่อเรือ 7 ลำจากเยอรมนี สหรัฐฯ และอังกฤษปฏิเสธที่จะออกจากท่าเรือ
thai_1769,tha_Thai.devtest,772,เรือทุกลำถูกทำให้จมลง เว้นเพียงเรือลาดตระเวนของอังกฤษลำเดียวเท่านั้น ชาวอเมริกันและชาวเยอรมันสูญหายเกือบ 200 ชีวิต
thai_1770,tha_Thai.devtest,773,ในระหว่างการต่อสู้เพื่ออิสรภาพที่ขบวนการเมาจัดตั้งขึ้น การชุมนุมอย่างสงบในเมืองส่งผลให้ Tupua Tamasese Lealofi III ผู้เป็นหัวหน้าใหญ่ถูกสังหาร
thai_1771,tha_Thai.devtest,774,มีชายหาดอยู่มากมายเนื่องจากมีโอ๊คแลนด์มีท่าเรือสองแห่งที่อยู่คนละฝั่งกัน ชายหาดซึ่งเป็นที่นิยมมากที่สุดอยู่ในสามพื้นที่
thai_1772,tha_Thai.devtest,775,ชายหาดนอร์ทชอร์ (ในเขตนอร์ทฮาร์เบอร์) อยู่บนมหาสมุทรแปซิฟิก และทอดยาวจากลองเบย์ในตอนเหนือไปยังเดเวนพอร์ทในตอนใต้
thai_1773,tha_Thai.devtest,776,ชายหาดเหล่านี้เป็นชายหาดที่เต็มไปด้วยทรายที่ว่ายน้ำได้อย่างปลอดภัยเกือบทั้งหมด และส่วนใหญ่มีร่มเงาจากต้นโพฮูตูคาวา
thai_1774,tha_Thai.devtest,777,ชายหาดทามากิไดรฟ์อยู่ที่ท่าเรือไวเตมาตาในย่านชานเมืองอันหรูหราของ มิชชั่นเบย์และเซนต์เฮลิเยอร์ในโอ๊คแลนด์ตอนกลาง
thai_1775,tha_Thai.devtest,778,บางครั้งชายหาดเหล่านี้ก็เป็นชายหาดสำหรับครอบครัวที่มีคนแน่นขนัด และมีร้านค้าตั้งเรียงรายไปตามชายฝั่ง การว่ายน้ำนั้นปลอดภัย
thai_1776,tha_Thai.devtest,779,"ยี่ห้อเบียร์ท้องถิ่นชั้นนำก็คือ 'นัมเบอร์วัน' (Number One) ซึ่งไม่ใช่เบียร์ที่ซับซ้อน แต่รสชาติน่ารื่นรมย์และให้ความรู้สึกสดชื่น เบียร์ท้องถิ่นอีกยี่ห้อหนึ่งเรียกว่า ""Manta"" (1)"
thai_1777,tha_Thai.devtest,780,มีไวน์ฝรั่งเศสมากมายที่พลาดไม่ได้ แต่ไวน์นิวซีแลนด์และออสเตรเลียอาจเหมาะกับการเดินทางมากกว่า
thai_1778,tha_Thai.devtest,781,น้ำประปาในท้องถิ่นสามารถดื่มได้อย่างปลอดภัย แต่ถ้าคุณกลัวก็สามารถหาซื้อน้ำบรรจุขวดได้ไม่ยาก
thai_1779,tha_Thai.devtest,782,สำหรับชาวออสเตรเลีย กาแฟ 'แฟลตไวท์' ถือเป็นเรื่องแปลก ส่วนชอร์ตแบล็กก็คือ 'เอสเปรสโซ' คาปูชิโนต้องใส่ครีมกองพูน (ไม่ใช่ฟอง) และชานั้นเสิร์ฟแบบไม่ใส่นม
thai_1780,tha_Thai.devtest,783,ช็อกโกแลตร้อนถือว่าได้มาตรฐานเบลเยียม น้ำผลไม้มีราคาแพงแต่รสชาติดีมาก
thai_1781,tha_Thai.devtest,784,ตลอดทั้งปีมีการทริปท่องเที่ยวมากมายที่ไปยังแนวปะการัง และไม่ค่อยพบเจออาการบาดเจ็บที่มาจากสาเหตุเหล่านี้ที่แนวปะการังสักเเท่าไร
thai_1782,tha_Thai.devtest,785,อย่างไรก็ตาม ขอคำแนะนำจากเจ้าหน้าที่ ปฏิบัติตามป้ายทุกอัน และให้ความสำคัญเป็นอย่างยิ่งกับคำเตือนด้านความปลอดภัย
thai_1783,tha_Thai.devtest,786,แมงกะพรุนกล่องปรากฏตัวใกล้ชายหาดและใกล้ปากแม่น้ำตั้งแต่เดือนตุลาคมถึงเมษายนทางเหนือของเมือง 1770 สามารถพบได้นอกเวลาดังกล่าวเป็นครั้งคราว
thai_1784,tha_Thai.devtest,787,มีปลาฉลามอยู่จริง ๆ แต่พวกมันแทบไม่ทำร้ายมนุษย์ ปลาฉลามส่วนมากกลัวมนุษย์และมักจะว่ายหนีไปที่อื่น
thai_1785,tha_Thai.devtest,788,จระเข้น้ำเค็มไม่ได้อยู่อาศัยในมหาสมุทรเป็นหลัก ที่อยู่อาศัยหลักของมันอยู่ในบริเวณปากแม่น้ำทางตอนเหนือของร็อกแฮมป์ตัน
thai_1786,tha_Thai.devtest,789,การจองล่วงหน้าทำให้นักท่องเที่ยวอุ่นใจได้ว่าจะมีที่สักแห่งให้นอนเมื่อมาถึงจุดหมายปลายทาง
thai_1787,tha_Thai.devtest,790,บริษัทตัวแทนการท่องเที่ยวมักจะทำการตกลงกับโรงแรมอยู่แล้ว แต่คุณก็ยังสามารถที่จะทำการจองที่พักรูปแบบอื่น ๆ เช่น ลานกางเต็นท์ผ่านบริษัทตัวแทนการท่องเที่ยวได้เช่นกัน
thai_1788,tha_Thai.devtest,791,ปกติแล้วบริษัทตัวแทนการท่องเที่ยวมักเสนอแพคเกจซึ่งรวมอาหารเช้าและการเดินทางไปยัง/ออกจากสนามบิน หรือแม้กระทั่งแพคเกจตั๋วเครื่องบินและโรงแรม
thai_1789,tha_Thai.devtest,792,พวกเขายังสามารถสงวนการจองไว้ให้คุณได้ถ้าคุณต้องการเวลาในการพิจารณาข้อเสนอหรือจัดหาเอกสารอื่น ๆ สำหรับใช้ในการเดินทางของคุณ (ตัวอย่างเช่น วีซ่า)
thai_1790,tha_Thai.devtest,793,หากต้องการแก้ไขหรือร้องขอสื่งใด ควรดำเนินการผ่านตัวแทนการท่องเที่ยว ไม่ควรติดต่อไปที่โรงแรมโดยตรง
thai_1791,tha_Thai.devtest,794,เทศกาลดนตรีบางงาน ผู้เข้าร่วมงานจะตั้งแคมป์ในพื้นที่ เพราะส่วนใหญ่เห็นว่าเป็นประสบการณ์สำคัญของงาน
thai_1792,tha_Thai.devtest,795,หากคุณต้องการรับประสบการณ์แบบใกล้ชิด คุณจะต้องไปถึงให้เร็วเพื่อหาสถานที่ตั้งแคมป์ที่ใกล้กับดนตรี
thai_1793,tha_Thai.devtest,796,จำไว้ว่าแม้ดนตรีบนเวทีหลักอาจจบไป แต่เทศกาลบางส่วนจะยังเล่นดนตรีต่อไปจนดึก
thai_1794,tha_Thai.devtest,797,บางเทศกาลมีพื้นที่พิเศษสำหรับตั้งแคมป์สำหรับครอบครัวที่พาเด็กเล็กมาด้วย
thai_1795,tha_Thai.devtest,798,ควรตรวจสอบที่ตั้งของห้องโดยสารในกรณีที่เดินทางข้ามทะเลบอลติกตอนเหนือในช่วงฤดูหนาว เนื่องจากการแล่นผ่านน้ำแข็งจะทำให้เกิดเสียงดังที่ค่อนข้างน่ากลัวสำหรับผู้ที่มีโอกาสได้รับผลกระทบมากที่สุด
thai_1796,tha_Thai.devtest,799,การล่องเรือเซนต์ปีเตอร์สเบิร์กยังได้รวมถึงการใช้เวลาในเมือง ผู้โดยสารได้รับการละเว้นในเรื่องวีซ่า (โปรดตรวจสอบเงื่อนไข)
thai_1797,tha_Thai.devtest,800,โดยทั่วไปบ่อนคาสิโนจะพยายามอย่างยิ่งเพื่อให้แขกทุกคนใช้เงินและเวลาให้มากที่สุด โดยมักจะไม่มีหน้าต่างหรือนาฬิกาและหาประตูทางออกได้ยาก
thai_1798,tha_Thai.devtest,801,พวกเขามักมีอาหาร เครื่องดื่ม และความบันเทิงมานำเสนอเพื่อให้แขกอารมณ์ดีและยังคงอยู่ในสถานที่
thai_1799,tha_Thai.devtest,802,บางสถานที่มีการให้บริการเครื่องดื่มแอลกอฮอล์ ทว่าความมึนเมาส่งผลเสียต่อการตัดสินใจ และนักพนันที่ดีทั้งหลายตระหนักถึงความสำคัญของการสามารถครองสติได้เป็นอย่างดี
thai_1800,tha_Thai.devtest,803,ผู้ใดที่จะต้องขับรถในพื้นที่สูงหรือข้ามเขาควรเตรียมตัวรับมือกับหิมะ น้ำแข็ง หรืออุณหภูมิที่ต่ำจนถึงจุดเยือกแข็งไว้ด้วย
thai_1801,tha_Thai.devtest,804,บนถนนที่เป็นน้ำแข็งและมีหิมะมาก แรงเสียดทานจะต่ำ ทำให้ไม่สามารถขับรถได้เหมือนกับตอนที่ขับบนถนนลาดยางมะตอยเปล่า ๆ
thai_1802,tha_Thai.devtest,805,ในระหว่างพายุหิมะ หิมะสามารถตกลงมาจนเพียงพอที่จะทำให้คุณไม่สามารถไปไหนมาไหนได้ในเวลาเพียงน้อยนิด
thai_1803,tha_Thai.devtest,806,ทัศนวิสัยอาจถูกจำกัดโดยหิมะที่ตกหรือถูกลมพัด หรือหยดน้ำที่ควบแน่นหรือน้ำแข็งบนหน้าต่างรถ
thai_1804,tha_Thai.devtest,807,ในทางตรงข้าม สภาพอากาศอันหนาวเย็นและเต็มไปด้วยหิมะเป็นเรื่องปกติธรรมดาในหลายประเทศ และส่วนใหญ่การจราจรจะคล่องตัวตลอดปี
thai_1805,tha_Thai.devtest,808,ซาฟารีอาจเป็นสิ่งดึงดูดใจทางการท่องเที่ยวที่ยิ่งใหญ่ที่สุดและเป็นไฮไลต์สำหรับผู้มาเยือนหลายคน
thai_1806,tha_Thai.devtest,809,คำว่าซาฟารีที่นิยมใช้กันหมายถึง การเดินทางทางบกเพื่อดูชมสัตว์ป่าแอฟริกาที่น่าทึ่ง โดยเฉพาะในทุ่งหญ้าสะวันนา
thai_1807,tha_Thai.devtest,810,สัตว์บางประเภท เช่น ช้างและยีราฟ มีแนวโน้มที่จะเข้าใกล้รถ และอุปกรณ์มาตรฐานจะช่วยให้มองเห็นได้เป็นอย่างดี
thai_1808,tha_Thai.devtest,811,บางครั้งสิงโต เสือชีตาห์ และเสือดาว ก็ขี้อาย และคุณจะเห็นพวกมันได้ชัดขึ้นด้วยกล้องส่องทางไกล
thai_1809,tha_Thai.devtest,812,"การเดินซาฟารี (หรือที่เรียกว่า ""การเดินป่า"" ""การเดินป่าซาฟารี"" หรือ ""การเดินเท้า"") ประกอบด้วยการเดินป่าเป็นเวลาสองสามชั่วโมงหรือหลายวัน"
thai_1810,tha_Thai.devtest,813,พาราลิมปิกจะจัดขึ้นในปีค.ศ. 2021 ตั้งแต่วันที่ 24 สิงหาคม ถึงวันที่ 5 กันยายน กิจกรรมบางส่วนจะจัดขึ้นในสถานที่อื่น ๆ ทั่วญี่ปุ่น
thai_1811,tha_Thai.devtest,814,โตเกียวจะเป็นเมืองเดียวในเอเชียที่ได้เป็นเจ้าภาพการแข่งขันกีฬาโอลิมปิกฤดูร้อนสองครั้งจากการเป็นเจ้าภาพจัดการแข่งขันในปี 1964
thai_1812,tha_Thai.devtest,815,หากคุณจองตั๋วเครื่องบินและที่พักสำหรับปี 2020 ก่อนจะมีประกาศเลื่อน คุณอาจประสบกับสถานการณ์ยากลำบากอยู่บ้าง
thai_1813,tha_Thai.devtest,816,นโยบายการยกเลิกจะแตกต่างกันออกไป แต่ช่วงปลายเดือนมีนาคม นโยบายการยกเลิกที่สืบเนื่องมาจากโคโรนาไวรัสส่วนใหญ่จะไม่ขยายไปจนถึงเดือนกรกฎาคม 2020 เมื่อโอลิมปิกได้รับการกำหนดวันแล้ว
thai_1814,tha_Thai.devtest,817,"คาดกันว่าบัตรเข้าชมส่วนใหญ่จะมีราคาตั้งแต่ 2,500 เยน ไปจนถึง 130,000 เยน โดยบัตรทั่วไปจะมีราคาราว 7,000 เยน"
thai_1815,tha_Thai.devtest,818,การรีดเสื้อผ้าที่เปียกชื้นช่วยทำให้แห้งได้ หลายโรงแรมมีบริการให้ยืมเตารีดและโต๊ะรีดผ้า ถึงแม้จะไม่ได้อยู่ในห้องพักก็ตาม
thai_1816,tha_Thai.devtest,819,หากไม่มีเตารีด หรือหากคุณไม่คิดที่จะใส่ถุงเท้าที่รีดแล้ว คุณอาจจะลองใช้เครื่องเป่าผมดูได้ ถ้าหากว่ามี
thai_1817,tha_Thai.devtest,820,ระวังอย่าให้ผ้าร้อนเกินไป (ซึ่งอาจทำให้เกิดการหดตัวหรือไหม้เกรียมในกรณีที่รุนแรง)
thai_1818,tha_Thai.devtest,821,มีวิธีต่างๆ นานาในการกรองน้ำให้บริสุทธิ์ บางวิธีก็มีประสิทธิภาพในการต้านภัยคุกคามที่เฉพาะเจาะจงมากกว่า
thai_1819,tha_Thai.devtest,822,ในบางพื้นที่ การต้มน้ำหนึ่งนาทีก็เพียงพอแล้ว ในบางพื้นที่จำเป็นต้องต้มหลายนาที
thai_1820,tha_Thai.devtest,823,เครื่องกรองมีความแตกต่างด้านประสิทธิภาพซึ่งคุณควรใส่ใจในเรื่องนี้ และควรพิจารณาที่จะซื้อน้ำที่อยู่ในขวดปิดสนิทซึ่งมาจากบริษัทที่มีชื่อเสียง
thai_1821,tha_Thai.devtest,824,นักท่องเที่ยวอาจเผชิญกับสัตว์รบกวนที่พวกเขาไม่คุ้นเคยในภูมิภาคที่เป็นบ้านเกิด
thai_1822,tha_Thai.devtest,825,ศัตรูพืชก่อให้เกิดการสูญเสียอาหาร ก่อความรำคาญ หรือในกรณีที่แย่กว่านั้นคืออาจทำให้เกิดอาการแพ้ พิษแพร่กระจาย หรือแพร่เชื้อได้
thai_1823,tha_Thai.devtest,826,สิ่งมีชีวิตที่แพร่เชื้อหรือสัตว์อันตรายที่สามารถทำร้ายหรือฆ่าคนได้ด้วยกำลังมักไม่ถือว่าเป็นสัตว์รบกวน
thai_1824,tha_Thai.devtest,827,การชอปปิงปลอดภาษีเป็นโอกาสในการซื้อสินค้าที่ได้รับการยกเว้นภาษีและภาษีสรรพสามิตในบางพื้นที่
thai_1825,tha_Thai.devtest,828,บางครั้งนักท่องเที่ยวที่เดินทางไปยังประเทศที่มีการเก็บภาษีสูงสามารถลดค่าใช้จ่ายได้พอสมควร โดยเฉพาะเมื่อซื้อสินค้าประเภทเครื่องดื่มแอลกอฮอล์และยาสูบ
thai_1826,tha_Thai.devtest,829,เส้นทางที่ทอดยาวระหว่างพอยต์แมเรียนและแฟร์มอนต์มีสภาพการขับขี่ที่ท้าทายที่สุดบนทางหลวงสายบัฟฟาโล-พิตส์เบิร์ก ซึ่งมักจะผ่านภูมิประเทศที่เป็นป่าเปลี่ยว
thai_1827,tha_Thai.devtest,830,หากคุณไม่คุ้นเคยกับการขับขี่บนถนนในชนบท เตรียมตัวรับมือกับสถานการณ์ยากลำบากต่าง ๆ โดยมีทางลาดชัน เลนแคบ และโค้งหักศอก เป็นหลัก
thai_1828,tha_Thai.devtest,831,ขีดจำกัดความเร็วที่ระบุนั้นต่ำกว่าในส่วนก่อนหน้าและส่วนต่อมาซึ่งปกติอยู่ที่ 35-40 ไมล์/ชม. (56-64 กม./ชม.) อย่างชัดเจน และการปฏิบัติตามอย่างเคร่งครัดนั้นมีความสำคัญยิ่งกว่าสิ่งอื่นใด
thai_1829,tha_Thai.devtest,832,แต่ก็น่าฉงนใจอยู่ที่บริการโทรศัพท์มือถือของที่นี่สัญญาณแรงกว่าที่อื่นที่อยู่ในเส้นทางเดียวกันอีกมากมาย เช่น Pennsylvania Wilds
thai_1830,tha_Thai.devtest,833,ขนมอบของเยอรมันค่อนข้างอร่อย และในบาวาเรียมีค่อนข้างมากมายและหลากหลาย เหมือนกับขนมอบของประเทศเพื่อนบ้านที่อยู่ทางใต้ ซึ่งก็คือออสเตรียนั่นเอง
thai_1831,tha_Thai.devtest,834,ขนมอบผลไม้คือสิ่งที่พบได้ทั่วไป โดยจะใช้แอปเปิลมาทำเป็นขนมอบตลอดทั้งปี ส่วนเชอร์รี และผลพลัมจะมีในช่วงฤดูร้อน
thai_1832,tha_Thai.devtest,835,ขนมอบเยอรมันจำนวนมากยังมีอัลมอนด์ เฮเซลนัต และถั่วชนิดอื่น ๆ อีกด้วย เค้กยอดนิยมมักจะเข้ากันได้ดีกับกาแฟรสชาติเข้มข้น
thai_1833,tha_Thai.devtest,836,"หากคุณต้องการขนมอบชิ้นเล็ก ๆ แต่รสชาติเข้มข้น ลองชิมขนมที่เรียกว่า Berliner, Pfannkuchen หรือ Krapfen แล้วแต่ภูมิภาค"
thai_1834,tha_Thai.devtest,837,แกงคืออาหารชนิดหนึ่งที่ทำจากสมุนไพรและเครื่องเทศเป็นหลักโดยปรุงร่วมกับเนื้อหรือผักชนิดต่าง ๆ
thai_1835,tha_Thai.devtest,838,"แกงอาจมีทั้งชนิด ""แห้ง"" หรือ ""น้ำ"" ขึ้นอยู่กับปริมาณของเหลว"
thai_1836,tha_Thai.devtest,839,แถบไกลทะเลทางตอนเหนือของประเทศอินเดียและประเทศปากีสถานมักนิยมใส่โยเกิร์ตในแกงกะหรี่ แต่จะนิยมใส่กะทิในประเทศอินเดียตอนใต้และบริเวณชายฝั่งอื่น ๆ ของอนุทวีป
thai_1837,tha_Thai.devtest,840,"เนื่องจากมีหมู่เกาะให้เลือกถึง 17,000 เกาะ คำว่าอาหารอินโดนีเซียจึงเป็นคำเรียกกว้าง ๆ ที่ครอบคลุมถึงอาหารประจำภูมิภาคทั่วประเทศ"
thai_1838,tha_Thai.devtest,841,แต่หากใช้โดยไม่มีคำบ่งชี้คุณสมบัติอื่น ๆ แล้ว คำนี้มีแนวโน้มว่าจะหมายถึงอาหารที่แต่เดิมนั้นมาจากภาคกลางและภาคตะวันออกของเกาะชวา
thai_1839,tha_Thai.devtest,842,อาหารชวาซึ่งปัจจุบันมีให้บริการอย่างแพร่หลายทั่วทั้งหมู่เกาะ ประกอบด้วยอาหารที่ปรุงรสอย่างเรียบง่าย เครื่องปรุงรสที่โดดเด่นของชาวชวา ได้แก่ ถั่วลิสง พริก น้ำตาล (โดยเฉพาะน้ำตาลมะพร้าวชวา) และเครื่องเทศต่าง ๆ ที่มีกลิ่นหอม
thai_1840,tha_Thai.devtest,843,โกลนมีไว้รองรับเท้าของผู้ขี่ที่ห้อยลงที่ด้านข้างอานทั้งสองด้าน
thai_1841,tha_Thai.devtest,844,สิ่งนี้ทำให้ผู้ขับขี่มั่นคงมากขึ้น แต่อาจมีข้อกังวลด้านความปลอดภัยเนื่องจากเท้าของผู้ขับขี่อาจติดอยู่ข้างในได้
thai_1842,tha_Thai.devtest,845,หากผู้ขี่ถูกเหวี่ยงลงมาจากหลังม้าแต่เท้ายังติดอยู่ในโกลน พวกเขาอาจถูกลากตามม้าไปได้หากม้าวิ่งหนี สามารถใช้มาตรการป้องกันความปลอดภัยได้หลายประการเพื่อลดความเสี่ยงนี้ลง
thai_1843,tha_Thai.devtest,846,อันดับแรก ผู้ขับขี่ส่วนใหญ่สวมรองเท้าบู๊ตมีส้นและพื้นรองเท้าที่เรียบและแคบ
thai_1844,tha_Thai.devtest,847,ถัดมา ในอานบางรุ่น โดยเฉพาะอานแบบอังกฤษมีแถบนิรภัยที่ช่วยให้สายโกลนหนังหลุดออกจากอานได้หากถูกผู้ขี่ซึ่งกำลังตกจากหลังม้ากระชาก
thai_1845,tha_Thai.devtest,848,Cochamó Valley คือสถานที่ปีนเขาชั้นนำของชิลีที่เรียกว่า Yosemite แห่งอเมริกาใต้ ที่นี่มีกำแพงหินแกรนิตขนาดใหญ่และหน้าผามากมาย
thai_1846,tha_Thai.devtest,849,ยอดเขานั้นมีทิวทัศน์อันน่าทึ่งบนจุดยอด นักปีนเขาจากทั่วทุกมุมโลกต่างพากันสร้างเส้นทางใหม่อย่างต่อเนื่องท่ามกลางอุปสรรคกีดขวางที่อาจเกิดขึ้นอย่างไม่มีที่สิ้นสุด
thai_1847,tha_Thai.devtest,850,กีฬาหิมะลงเขาซึ่งรวมถึงการเล่นสกีและสโนว์บอร์ดเป็นกีฬายอดนิยมที่เกี่ยวกับการเลื่อนไถลลงไปตามภูมิประเทศที่มีหิมะปกคลุมโดยมีสกีหรือสโนว์บอร์ดติดอยู่ที่เท้า
thai_1848,tha_Thai.devtest,851,"การเล่นสกีเป็นกิจกรรมการเดินทางที่สำคัญชนิดหนึ่งซึ่งมีผู้ชื่นชอบมากมาย บางครั้งเรียกกันว่า ""สกีบัม"" ซึ่งเป็นการวางแผนวันหยุดพักผ่อนทั้งหมดสำหรับการเล่นสกีที่สถานที่เฉพาะแห่งหนึ่ง"
thai_1849,tha_Thai.devtest,852,"แนวคิดการเล่นสกีนั้นมีมาแต่โบราณ โดยมีภาพเขียนผนังถ้ำที่บ่งชี้ว่ามีนักสกีเกิดขึ้นตั้งแต่ช่วง 5,000 ปีก่อนคริสตกาล"
thai_1850,tha_Thai.devtest,853,การเล่นสกีลงเขาในรูปแบบกีฬามีความเป็นมาตั้งแต่ศตวรรษที่ 17 เป็นอย่างน้อย และชาวนอร์เวย์ได้เปิดชมรมสกีเพื่อการพักผ่อนหย่อนใจแห่งแรกขึ้นในปี 1861 ในออสเตรเลีย
thai_1851,tha_Thai.devtest,854,การเดินทางแบบแบกเป้ด้วยสกี กิจกรรมนี้เรียกอีกอย่างว่าสกีในเขตทุรกันดาร ท่องเที่ยวด้วยสกี หรือเดินป่าด้วยสกี
thai_1852,tha_Thai.devtest,855,การเล่นสกีแบบนี้อาจจัดว่าเป็นกิจกรรมในลักษณะเดียวกันกับการเล่นสกีแบบอัลไพน์หรือการปีนเขา แต่ปกติแล้วไม่ได้มีความเกี่ยวข้องกัน โดยการเล่นสกีแบบอัลไพน์จะเล่นในภูมิประเทศที่มีความสูงชันและต้องใช้สกีและรองเท้าบู๊ตที่มีลักษณะแข็งแรงกว่ามาก
thai_1853,tha_Thai.devtest,856,ให้คิดเสียว่าเส้นทางเล่นสกีเป็นเหมือนเส้นทางเดินป่า
thai_1854,tha_Thai.devtest,857,ในสภาพที่ดีคุณจะสามารถทำระยะทางได้ไกลกว่าการเดิน แต่คุณมักไม่มีโอกาสบ่อยครั้งนักที่จะได้ทำความเร็วของการเล่นสกีข้ามทุ่งโดยไม่มีเป้หนัก ๆ ในลู่วิ่งที่ได้รับการปรับแต่ง
thai_1855,tha_Thai.devtest,858,ยุโรปเป็นทวีปที่ค่อนข้างเล็กทว่ามีประเทศที่เป็นเอกราชมากมาย ในสถานการณ์ปกติ การเดินทางผ่านหลายประเทศหมายความว่าต้องมีการขอวีซ่าหลายหนและผ่านการตรวจหนังสือเดินทางหลายครั้ง
thai_1856,tha_Thai.devtest,859,อย่างไรก็ดี เขตเชงเก้นจะทำหน้าที่คล้ายกับประเทศหนึ่งอยู่บ้างในแง่นี้
thai_1857,tha_Thai.devtest,860,ตราบใดที่คุณอยู่ในเขตนี้ โดยปกติแล้วคุณจะสามารถข้ามพรมแดนได้โดยไม่ต้องผ่านด่านตรวจหนังสือเดินทางอีก
thai_1858,tha_Thai.devtest,861,ในทำนองเดียวกัน หากมีวีซ่าเชงเก้น คุณก็ไม่จำเป็นต้องขอวีซ่าแยกจากแต่ละประเทศที่เป็นสมาชิกในกลุ่มเชงเก้น จึงช่วยประหยัดทั้งเวลา เงิน และยังลดงานเอกสารที่ต้องดำเนินการ
thai_1859,tha_Thai.devtest,862,ไม่มีคำจำกัดความสากลมาชี้ว่าสิ่งของที่มีการผลิตขึ้นมาสิ่งไหนเป็นโบราณวัตถุ หน่วยงานด้านภาษีบางแห่งจะกำหนดให้สินค้าที่มีอายุเกิน 100 ปีเป็นโบราณวัตถุ
thai_1860,tha_Thai.devtest,863,คำจำกัดความแตกต่างกันไปตามภูมิศาสตร์ โดยขีดจำกัดอายุอาจน้อยลงในสถานที่ต่าง ๆ เช่น อเมริกาเหนือ มากกว่าในยุโรป
thai_1861,tha_Thai.devtest,864,ผลิตภัณฑ์งานฝีมืออาจถูกกำหนดให้เป็นของโบราณแม้จะมีอายุน้อยกว่าสินค้าคล้ายคลึงกันที่ผลิตจำนวนมากก็ตาม
thai_1862,tha_Thai.devtest,865,การเลี้ยงกวางเรนเดียร์เป็นวิธีเลี้ยงชีพที่สำคัญในหมู่ชาวซามีและวัฒนธรรมโดยรอบ การค้าก็มีความสำคัญสำหรับอาชีพอื่น ๆ อีกหลายอาชีพเช่นเดียวกัน
thai_1863,tha_Thai.devtest,866,ทว่าชาวซามีไม่ได้ทำฟาร์มซึ่งเลี้ยงกวางเรนเดียร์จำนวนมากไปเสียทุกคน แม้แต่ในดั้งเดิมก็ตาม แต่พวกเขาใช้ชีวิตด้วยการตกปลา ล่าสัตว์ และทำสิ่งอื่น ๆ ที่คล้ายกัน โดยใช้กวางเรนเดียร์เป็นสัตว์ลากจูงเสียเป็นส่วนใหญ่
thai_1864,tha_Thai.devtest,867,ปัจจุบันมีชาว Sámi จำนวนมากทำงานในการค้าสมัยใหม่ การท่องเที่ยวคืิอรายได้ที่สำคัญในย่าน Sámi ใน Sápmi
thai_1865,tha_Thai.devtest,868,"แม้จะมีการใช้อย่างแพร่หลาย โดยเฉพาะอย่างยิ่งในหมู่คนที่ไม่ใช่ชาวโรมานี คำว่า ""Gypsy"" มักถูกมองว่าไม่เหมาะสมเนื่องจากมีความเชื่อมโยงกับการเหมารวมในเชิงลบและการรับรู้ที่ไม่ถูกต้องเกี่ยวกับชาวโรมานี"
thai_1866,tha_Thai.devtest,869,หากประเทศที่คุณจะไปเยือนมีข้อแนะนำในการเดินทางเข้า ประกันสุขภาพระหว่างการเดินทางหรือประกันการยกเลิกการเดินทางที่คุณทำไว้อาจได้รับผลกระทบ
thai_1867,tha_Thai.devtest,870,นอกจากนี้ คุณอาจต้องการขอคำปรึกษาจากหน่วยงานรัฐอื่น ๆ ที่ไม่ใช่ในประเทศของคุณ แต่คำปรึกษาเหล่านั้นจะจัดทำขึ้นโดยอิงจากประชาชนในประเทศนั้น ๆ
thai_1868,tha_Thai.devtest,871,ตัวอย่างหนึ่งก็คือ พลเมืองอเมริกันในตะวันออกกลางอาจเผชิญสถานการณ์ที่แตกต่างจากชาวยุโรปหรือชาวอาหรับ
thai_1869,tha_Thai.devtest,872,คำแนะนำเหล่านั้นเป็นเพียงการสรุปคร่าว ๆ ของสถานการณ์ทางการเมืองในประเทศเดียวเท่านั้น (1)
thai_1870,tha_Thai.devtest,873,มุมมองที่นำเสนอมักเป็นข้อมูลคร่าว ๆ ทั่วไป และย่นย่อจนเกินไปเมื่อเทียบกับข้อมูลอย่างละเอียดที่หาได้จากที่อื่น
thai_1871,tha_Thai.devtest,874,สภาพอากาศรุนแรง เป็นคำสามัญที่ใช้โดยทั่วไปซึ่งหมายถึง ลักษณะสภาพอากาศที่เป็นอันตรายที่มีความเป็นไปได้ที่จะก่อให้เกิดความเสียหาย ภาวะผกผันร้ายแรงทางสังคม หรือความสูญเสียต่อชีวิตมนุษย์
thai_1872,tha_Thai.devtest,875,สภาพอากาศรุนแรงสามารถเกิดขึ้นที่ใดในโลกก็ได้ และสภาพอากาศรุนแรงมีหลากหลายประเภทซึ่งขึ้นอยู่กับพื้นฐานทางด้านภูมิศาสตร์ ภูมิประเทศ และสภาพภูมิอากาศ
thai_1873,tha_Thai.devtest,876,ลมแรง ลูกเห็บ ปริมาณน้ำฟ้ามากเกินไป และไฟป่า เป็นรูปแบบและผลกระทบต่าง ๆ ของสภาพอากาศรุนแรง เช่นเดียวกับพายุฝนฟ้าคะนอง ทอร์นาโด พายุงวงช้าง และไซโคลน
thai_1874,tha_Thai.devtest,877,ปรากฏการณ์สภาพอากาศรุนแรงที่เกิดในภูมิภาคและตามฤดูกาล ได้แก่ พายุบลิซซาร์ด พายุหิมะ พายุน้ำแข็ง และพายุฝุ่น
thai_1875,tha_Thai.devtest,878,ขอแนะนำเป็นอย่างยิ่งให้นักท่องเที่ยวตระหนักถึงความเสี่ยงทางสภาพอากาศที่รุนแรงในพื้นที่นั้น ๆ ซึ่งอาจส่งผลต่อแผนการท่องเที่ยว
thai_1876,tha_Thai.devtest,879,ใครก็ตามที่วางแผนจะไปเยือนประเทศที่อยู่ในเขตสงครามควรจะได้รับการฝึกอบรมจากมืออาชีพเสียก่อน
thai_1877,tha_Thai.devtest,880,"การค้นหา ""หลักสูตรสภาพแวดล้อมที่เป็นปรปักษ์"" ทางอินเทอร์เน็ตอาจทำให้ทราบที่อยู่ของบริษัทในพื้นที่"
thai_1878,tha_Thai.devtest,881,หลักสูตรจะครอบคลุมประเด็นต่าง ๆ ทั้งหมดที่กล่าวถึงและลงลึกในรายละเอียดมากขึ้นโดยอ้างอิงจากประสบการณ์จริง
thai_1879,tha_Thai.devtest,882,โดยปกติแล้วหลักสูตรหนึ่งจะใช้เวลา 2-5 วัน และจะเกี่ยวข้องกับการแสดงบทบาทสมมุติ วิธีการปฐมพยาบาล และอาจมีการฝึกใช้อาวุธในบางครั้ง
thai_1880,tha_Thai.devtest,883,หนังสือและนิตยสารที่เกี่ยวกับวิธีเอาตัวรอดในสถานที่ทุรกันดารเป็นสิ่งที่พบเห็นได้ทั่วไป ทว่าสิ่งพิมพ์ที่เกี่ยวข้องกับเขตสงครามนั้นมีไม่มาก
thai_1881,tha_Thai.devtest,884,ผู้เดินทางที่วางแผนจะผ่าตัดแปลงเพศในต่างแดนจะต้องตรวจสอบว่าได้นำเอกสารต่าง ๆ ที่ยังไม่หมดอายุติดตัวไปด้วยสำหรับการเดินทางขากลับ
thai_1882,tha_Thai.devtest,885,รัฐบาลต่าง ๆ มีความเต็มใจในระดับที่ต่างกันไปในการออกหนังสือเดินทางแบบไม่ระบุเพศ (X) หรือเอกสารที่ปรับปรุงข้อมูลให้ตรงกับชื่อและเพศที่ต้องการ
thai_1883,tha_Thai.devtest,886,ความเต็มใจในการให้เกียรติเอกสารเหล่านี้ของรัฐบาลต่างประเทศก็หลากหลายไม่แพ้กัน
thai_1884,tha_Thai.devtest,887,ในยุคหลัง 11 กันยายน 2001 การตรวจค้นที่จุดตรวจความปลอดภัยกลายเป็นเรื่องที่ล่วงละเมิดผู้คนมากขึ้น
thai_1885,tha_Thai.devtest,888,บุคคลข้ามเพศก่อนการผ่าตัดไม่ควรคาดหวังที่จะต้องผ่านเครื่องสแกนโดยที่ความเป็นส่วนตัวและศักดิ์ศรีของพวกเขาไม่ถูกกระทบกระเทือน
thai_1886,tha_Thai.devtest,889,กระแสน้ำย้อนกลับ คือกระแสน้ำจากคลื่นที่ซัดเข้าหาฝั่งไหลย้อนกลับ ซึ่งมักเกิดที่บริเวณแนวปะการังหรือบริเวณที่คล้ายคลึงกัน
thai_1887,tha_Thai.devtest,890,ทอพอโลยีใต้น้ำส่งผลให้กระแสที่ไหลกลับมีความรุนแรงในระดับที่อยู่ลึกกว่า และกระแสน้ำที่ไหลเร็วไปยังน้ำลึกอาจก่อตัวขึ้นที่นั่น
thai_1888,tha_Thai.devtest,891,การเสียชีวิตส่วนใหญ่ม่สาเหตุจากความเหนื่อยล้าขณะพยายามว่ายทวนกระแสน้ำกลับมา ซึ่งเป็นเรื่องที่อาจทำไม่สำเร็จ
thai_1889,tha_Thai.devtest,892,ทันทีที่คุณออกจากกระแสน้ำ การว่ายน้ำกลับไม่ใช่เรื่องที่ยากกกว่าปกติอีกต่อไป
thai_1890,tha_Thai.devtest,893,ลองพุ่งเป้าไปตรงที่ที่คุณจะไม่ติดกับ อีกมิฉะนั้นคุณอาจขึ้นต้องรอรับการช่วยเหลือ ขึ้นอยู่กับทักษะของคุณและมีผู้สังเกตเห็นคุณหรือไม่
thai_1891,tha_Thai.devtest,894,อาการช็อกเมื่อกลับประเทศบ้านเกิดจะเกิดขึ้นเร็วกว่าอาการช็อกทางวัฒนธรรม (มีระยะแรกสั้นกว่า) คงอยู่นานกว่า และอาจรุนแรงกว่า
thai_1892,tha_Thai.devtest,895,นักท่องเที่ยวที่ปรับตัวให้เข้ากับวัฒนธรรมใหม่ได้ง่าย บางครั้งก็เผชิญกับความยากลำบาก โดยเฉพาะอย่างยิ่งในการปรับตัวให้เข้ากับวัฒนธรรมในถิ่นกำเนิดของตนเองอีกครั้ง
thai_1893,tha_Thai.devtest,896,เมื่อกลับบ้านหลังจากใช้ชีวิตในต่างแดน คุณปรับตัวเข้ากับวัฒนธรรมใหม่ไปแล้วและหลงลืมธรรมเนียมบางอย่างของวัฒนธรรมในบ้านเกิดของคุณ
thai_1894,tha_Thai.devtest,897,เมื่อคุณไปต่างประเทศ ในช่วงแรกๆ ผู้คนมักจะอดทนและเข้าอกเข้าใจ เพราะรู้ว่าผู้ที่เดินทางไปประเทศแห่งใหม่ย่อมต้องการการปรับตัว
thai_1895,tha_Thai.devtest,898,ผู้คนอาจไม่ทันคาดคิดว่าความอดทนและความเข้าอกเข้าใจก็เป็นที่สิ่งจำเป็นเช่นกันสำหรับนักเดินทางที่กำลังกลับบ้าน
thai_1896,tha_Thai.devtest,899,การแสดงแสงและเสียงที่พีระมิด คือสิ่งที่น่าสนใจที่สุดอย่างหนึ่งในบริเวณนี้สำหรับเด็ก ๆ
thai_1897,tha_Thai.devtest,900,คุณสามารถมองเห็นพีระมิดได้ในความมืด และสามารถมองเห็นได้ในช่วงเงียบสงบก่อนที่การแสดงจะเริ่มขึ้น
thai_1898,tha_Thai.devtest,901,ปกติแล้วจะมีเสียงของนักท่องเที่ยวและพ่อค้าแม่ค้าให้ได้ยินอยู่เสมอ เรื่องราวของแสงสีเสียงก็เหมือนกับหนังสือนิทานนั่นเอง
thai_1899,tha_Thai.devtest,902,สฟิงซ์ถูกจัดให้เป็นฉากหลังและผู้บรรยายของเรื่องเล่ายาวเรื่องนี้
thai_1900,tha_Thai.devtest,903,ฉากจะปรากฏบนพีระมิด และพีระมิดต่าง ๆ จะสว่างขึ้น
thai_1901,tha_Thai.devtest,904,หมู่เกาะเชตแลนด์ใต้ซึ่งถูกค้นพบในปี 1819ได้ถูกหลายชาติอ้างสิทธิ์ เป็นเกาะที่มีฐานมากที่สุด โดยยังมีการใช้งานอยู่ 16 แห่งในปี 2020
thai_1902,tha_Thai.devtest,905,หมู่เกาะแห่งนี้อยู่ห่างจากคาบสมุทร 120 กม. ไปทางทิศเหนือ เกาะที่ใหญ่ที่สุดคือเกาะคิงจอร์จซึ่งเป็นที่ตั้งของวิลลา ลาส เอสเตรลลาส
thai_1903,tha_Thai.devtest,906,อื่น ๆ ได้แก่ เกาะ Livingston และ Deception ที่ซึ่งหลุมปล่องภูเขาไฟที่ยังคุกรุ่นอยู่มอบทัศนียภาพท่าเรือธรรมชาติอันงดงาม
thai_1904,tha_Thai.devtest,907,เอลส์เวิร์ธแลนด์ เป็นดินแดนทางใต้ของคาบสมุทร โอบล้อมด้วยทะเลเบลลิงเชาเซน
thai_1905,tha_Thai.devtest,908,ภูเขาของคาบสมุทรที่นี่รวมตัวกับที่ราบสูง จากนั้นโผล่ขึ้นอีกครั้งเพื่อก่อตัวเป็นเทือกเขาเอลส์เวิร์ธยาว 360 กม. ที่ถูกธารน้ำแข็งมินเนโซตาแบ่งครึ่ง
thai_1906,tha_Thai.devtest,909,"ส่วนที่อยู่ทางตอนเหนือหรือที่เรียกว่า Sentinel Range มีเทือกเขาทีี่สูงที่สุดในแอนตาร์กติกา ซึ่งก็คือวินสันแมสซิฟที่มียอดเขาวินสันสูง 4,892 เมตร"
thai_1907,tha_Thai.devtest,910,ในสถานที่ห่างไกลซึ่งไม่มีพื้นที่ใช้งานโทรศัพท์มือถือ โทรศัพท์ดาวเทียมอาจเป็นทางเลือกเดียวของคุณ
thai_1908,tha_Thai.devtest,911,โดยทั่วไปแล้ว โทรศัพท์ดาวเทียมไม่ใช่สิ่งที่ใช้แทนโทรศัพท์มือถือได้ เนื่องจากต้องอยู่กลางแจ้งโดยมีเส้นทางสู่ดาวเทียมที่ปราศจากสิ่งกีดขวางเพื่อโทรออก
thai_1909,tha_Thai.devtest,912,มีการใช้บริการนี้ในการขนส่งอยู่บ่อย ๆ ซึ่งรวมถึงเรือสำราญและการสำรวจที่ต้องการทั้งข้อมูลและเสียงจากระยะไกล
thai_1910,tha_Thai.devtest,913,ผู้ให้บริการโทรศัพท์ในท้องถิ่นของคุณควรให้ข้อมูลเกี่ยวกับการเชื่อมต่อบริการนี้ได้
thai_1911,tha_Thai.devtest,914,ตัวเลือกที่ได้รับความนิยมมากขึ้นสำหรับผู้ที่วางแผนหยุดพักหนึ่งปี คือการเดินทางและเรียนรู้
thai_1912,tha_Thai.devtest,915,นี่เป็นเรื่องที่ผู้ที่เรียนจบมัธยมศึกษานิยมกันเป็นพิเศษ โดยทำให้พวกเขาสามารถหยุดพักหนึ่งปีก่อนเข้ามหาวิทยาลัยโดยไม่กระทบต่อการศึกษา
thai_1913,tha_Thai.devtest,916,ในหลายกรณี การลงทะเบียนเรียนหลักสูตรปีหยุดพักในต่างประเทศสามารถช่วยเพิ่มโอกาสในการเข้าศึกษาต่อในระดับอุดมศึกษาในประเทศบ้านเกิดของคุณได้
thai_1914,tha_Thai.devtest,917,โดยทั่วไปจะมีค่าธรรมเนียมการศึกษาในการลงทะเบียนสำหรับโปรแกรมการเรียนเหล่านี้
thai_1915,tha_Thai.devtest,918,"ฟินแลนด์คือจุดหมายปลายทางของการพายเรือที่ยอดเยี่ยม ""ดินแดนแห่งทะเลสาบพันแห่ง"" นี้มีเกาะหลายพันแห่งด้วยเช่นกัน ทั้งที่อยู่ในทะเลสาบและในหมู่เกาะตามฝั่งทะเล"
thai_1916,tha_Thai.devtest,919,คุณไม่จำเป็นต้องใช้เรือยอชต์ในหมู่เกาะและทะเลสาบ
thai_1917,tha_Thai.devtest,920,แม้ว่าหมู่เกาะตามชายฝั่งทะเลและทะเลสาบซึ่งมีขนาดใหญ่ที่สุดจะมีความกว้างมากพอให้เรือยอชต์แล่นผ่านได้ แต่เรือลำเล็กหรือแม้แต่เรือคายัคทำให้คุณได้สัมผัสกับประสบการณ์ที่แตกต่างออกไป
thai_1918,tha_Thai.devtest,921,การเล่นเรือเป็นงานอดิเรกประจำชาติของฟินแลนด์ โดยที่ชาวฟินแลนด์ทุก ๆ เจ็ดหรือแปดคนจะมีเรือหนึ่งลำ
thai_1919,tha_Thai.devtest,922,ซึ่งเท่า ๆ กับนอร์เวย์ สวีเดน และนิวซีแลนด์ แต่ก็ค่อนข้างมีเอกลักษณ์พิเศษ (ตัวอย่าง เช่น ในเนเธอร์แลนดื ตัวเลขคือ 1 ต่อ 40)
thai_1920,tha_Thai.devtest,923,เรือสำราญบอลติกที่โดดเด่นส่วนใหญ่จอดพักระยะยาวในเมืองเซ็นต์ปีเตอร์สเบิร์ก ประเทศรัสเซีย
thai_1921,tha_Thai.devtest,924,นั่นหมายความว่าคุณจะเยี่ยมชมเมืองแห่งประวัติศาสตร์ได้แบบเต็มวันสองถึงสามวันโดยกลับมานอนบนเรือในตอนกลางคืนได้
thai_1922,tha_Thai.devtest,925,หากคุณขึ้นฝั่งโดยใช้แค่การท่องเที่ยวบนเรือเท่านั้น คุณไม่จำเป็นต้องมีวีซ่าแยกต่างหาก (ณ ปี 2009)
thai_1923,tha_Thai.devtest,926,เรือสำราญบางลำมีภาพเมืองเบอร์ลินในเยอรมนีอยู่ในโบรชัวร์ ดังที่คุณเห็นจากแผนที่ด้านบน เบอร์ลินไม่ได้อยู่ใกล้ทะเลแม้แต่น้อยและการไปเที่ยวชมเมืองดังกล่าวไม่รวมอยู่ในค่าล่องเรือ
thai_1924,tha_Thai.devtest,927,การเดินทางโดยเครื่องบินสามารถเป็นประสบการณ์ที่น่ากลัวสำหรับคนทุกวัยและทุกภูมิหลัง โดยเฉพาะอย่างยิ่งหากไม่เคยบินมาก่อนหรือเคยเผชิญเหตุการณ์ที่ทำให้มีบาดแผลทางใจ
thai_1925,tha_Thai.devtest,928,นี่ไม่ใช่สิ่งที่ต้องรู้สึกละอาย มันไม่ต่างจากความกลัวและความไม่ชอบสิ่งอื่น ๆ ตามความรู้สึกส่วนบุคคลที่คนจำนวนมากมี
thai_1926,tha_Thai.devtest,929,สำหรับบางคนแล้ว การทำความเข้าใจเกี่ยวกับวิธีการทำงานของเครื่องบินและสิ่งที่จะเกิดขึ้นในระหว่างเที่ยวบิน อาจช่วยให้เอาชนะความกลัวซึ่งมีพื้นฐานมาจากความไม่รู้หรือการควบคุมไม่ได้
thai_1927,tha_Thai.devtest,930,บริษัทจัดส่งได้รับค่าตอบแทนที่ดีสำหรับการจัดส่งสิ่งต่าง ๆ อย่างรวดเร็ว บ่อยครั้งที่เวลามีความสำคัญมากกับเอกสารทางธุรกิจ สินค้า หรืออะไหล่สำหรับการซ่อมแซมเร่งด่วน
thai_1928,tha_Thai.devtest,931,ในบางเส้นทาง บริษัทขนาดใหญ่จะมีเครื่องบินเป็นของตัวเอง แต่จะมีปัญหาสำหรับเส้นทางอื่น ๆ และบริษัทที่เล็กกว่า
thai_1929,tha_Thai.devtest,932,หากส่งพัสดุผ่านการขนส่งทางอากาศ การขนถ่ายและผ่านพิธีศุลกากรอาจใช้เวลาหลายวันในบางเส้นทาง
thai_1930,tha_Thai.devtest,933,วิธีเดียวที่จะทำให้ผ่านไปได้เร็วขึ้นคือส่งเป็นสัมภาระใต้ท้องเครื่อง กฎระเบียบของสายการบินจะไม่อนุญาตให้ส่งสัมภาระโดยไม่มีผู้โดยสารได้ ซึ่งนั่นเป็นเหตุผลที่ต้องคุณต้องอยู่ที่นั้น
thai_1931,tha_Thai.devtest,934,วิธีที่รู้กันในการโดยสารในชั้นเฟิร์สคลาสหรือในชั้นธุรกิจ คือการควักเงินจำนวนมากเพื่อรับสิทธิพิเศษนี้ (หรือถ้าให้บริษัทของคุณจ่ายให้ก็ยิ่งดี)
thai_1932,tha_Thai.devtest,935,อย่างไรก็ตาม บริการเหล่านี้ไม่ได้มาในราคาถูก จากการคำนวณคร่าว ๆ ด้วยหลักการทั่วไป คุณคาดได้เลยว่าสำหรับชั้นธุรกิจคุณจะต้องจ่ายมากถึงสี่เท่าของอัตราค่าโดยสารปกติของชั้นประหยัด และสิบเอ็ดเท่าสำหรับชั้นเฟิสต์คลาส!
thai_1933,tha_Thai.devtest,936,พูดโดยทั่วไปแล้ว ไม่มีประโยชน์อันใดเลยที่จะพยายามหาส่วนลดสำหรับที่นั่งชั้นธุรกิจหรือชั้นหนึ่งในเที่ยวบินตรงจาก A ถึง B
thai_1934,tha_Thai.devtest,937,สายการบินรู้ดีว่ามีกลุ่มหลักของผู้เดินทางด้วยเครื่องบินอยู่จำนวนหนึ่งซึ่งยินดีจ่ายเงินแพงสูงสุดเพื่อให้ได้รับสิทธิพิเศษในการเดินทางไปที่ไหนสักแห่งด้วยความรวดเร็วและสะดวกสบาย พวกเขาจึงคิดค่าใช้จ่ายตามบริการที่มอบให้
thai_1935,tha_Thai.devtest,938,เมืองหลวงของประเทศมอลโดวาคือ Chişinău ภาษาท้องถิ่นของที่นี่คือภาษาโรมาเนีย แต่มีการใช้ภาษารัสเซียทั่วไป
thai_1936,tha_Thai.devtest,939,มอลโดวาเป็นสาธารณรัฐที่มีหลากหลายชาติพันธุ์และต้องทนทุกข์ทรมานจากการมีความขัดแย้งด้านชาติพันธุ์
thai_1937,tha_Thai.devtest,940,ในปี พ.ศ. 2537 ความขัดแย้งนี้นำไปสู่การก่อตั้งดินแดนที่เรียกตัวเองว่าสาธารณรัฐทรานส์นิสเตรีย ซึ่งตั้งอยู่ในมอลโดวาตะวันออก ดินแดนนี้มีรัฐบาลและสกุลเงินเป็นของตนเอง แต่ไม่ได้รับการยอมรับจากประเทศสมาชิกใดๆ ในองค์กรสหประชาชาติ
thai_1938,tha_Thai.devtest,941,ทั้งสองดินแดนของมอลโดวาได้สานความสัมพันธ์ทางเศรษฐกิจขึ้นอีกครั้ง แม้ว่าจะไม่สามารถเกิดข้อตกลงทางการเมืองกันได้ก็ตาม
thai_1939,tha_Thai.devtest,942,ประชากรในประเทศมอลโดวาส่วนใหญ่เป็นผู้นับถือศาสนาคริสต์นิกายออร์โธด็อกซ์
thai_1940,tha_Thai.devtest,943,อิซมีร์เป็นเมืองขนาดใหญ่อันดับที่สามของตุรกี เมืองนี้มีประชากรราว 3.7 ล้านคนและเป็นเมืองท่าใหญ่เป็นอันดับสองรองจากอิสตันบูล และเป็นศูนย์กลางการคมนาคมที่ดียิ่ง
thai_1941,tha_Thai.devtest,944,ครั้งหนึ่ง ที่นี่เคยเป็นเมืองโบราณของสเมียร์นา ปัจจุบันเป็นศูนย์กลางการค้าที่ทันสมัย ได้รับการพัฒนา และจอแจพลุกพล่าน โดยตั้งอยู่รอบอ่าวขนาดใหญ่และมีภูเขาล้อมรอบ
thai_1942,tha_Thai.devtest,945,ถนนกว้าง อาคารที่มีด้านหน้าเป็นกระจก และศูนย์การค้าอันทันสมัยแทรกตัวอยู่ท่ามกลางหลังคากระเบื้องสีแดงแบบดั้งเดิม ตลาดในศตวรรษที่ 18 มัสยิดและโบสถ์เก่าแก่ แม้ว่าเมืองนี้จะมีบรรยากาศแบบยุโรปฝั่งเมดิเตอร์เรเนียนมากกว่าตุรกีดั้งเดิม
thai_1943,tha_Thai.devtest,946,สามารถชมทิวทัศน์ของเกาะเอสเตอรอยที่อยู่ใกล้เคียงได้จากหมู่บ้านฮาลดาร์สวิก และที่นี่ยังมีโบสถ์ทรงแปดเหลี่ยมที่ดูแปลกตา
thai_1944,tha_Thai.devtest,947,ในบริเวณสุสาน มีประติมากรรมหินอ่อนรูปนกพิราบที่น่าสนใจอยู่เหนือบางหลุมศพ
thai_1945,tha_Thai.devtest,948,การเดินเล่นที่หมู่บ้านที่น่าสนใจแห่งนี้ใช้เวลาครึ่งชั่วโมง
thai_1946,tha_Thai.devtest,949,เมืองซินตราที่โรแมนติกและน่าหลงใหลอยู่ทางทิศเหนือในระยะที่สามารถเข้าถึงได้ง่าย และกลายมามีชื่อเสียงในหมู่ชาวต่างชาติหลังจาก ลอร์ด ไบรอน ได้บันทึกความงดงามของที่นี่เอาไว้
thai_1947,tha_Thai.devtest,950,รถโดยสาร Scotturb สาย 403 ซึ่งเดินทางไป Sintra เป็นประจำ จอดที่ Cabo da Roca
thai_1948,tha_Thai.devtest,951,นอกจากนี้ไปทางเหนือเพื่อเยี่ยมชมโบสถ์แม่พระฟาติมา (ศาลเจ้า) ซึ่งเป็นสถานที่ที่มีชื่อเสียงไปทั่วโลกในเรื่องการประจักษ์ของพระแม่มารีย์
thai_1949,tha_Thai.devtest,952,โปรดจำไว้ว่าคุณกำลังเยี่ยมชมสถานที่ฝังศพจำนวนมาก และอีกเช่นกัน มันเป็นสถานที่ที่มีคุณค่าเหลือคณานับต่อประชากรส่วนหนึ่งของโลก
thai_1950,tha_Thai.devtest,953,ยังมีชายและหญิงอีกจำนวนมากที่รอดชีวิตอยู่ และมีอีกหลายคนที่คนรักถูกฆ่าหรือทำงานจนกระทั่งเสียชีวิต จะชาวยิวหรือไม่ใช่ชาวยิวก็ไม่ต่างกัน
thai_1951,tha_Thai.devtest,954,โปรดปฏิบัติต่อสถานที่แห่งนี้ด้วยความเคารพ เคร่งขรึม และให้เกียรติ อย่าเล่นตลกเกี่ยวกับการฆ่าล้างเผ่าพันธุ์หรือนาซี
thai_1952,tha_Thai.devtest,955,อย่าทำให้สถานที่เสียหายด้วยการทำเครื่องหมายหรือรอยขูดขีดภาพบนสิ่งปลูกสร้างต่าง ๆ
thai_1953,tha_Thai.devtest,956,ภาษาราชการของบาร์เซโลนาได้แก่ภาษาคาตาลันและภาษาสเปน ประชากรประมาณครึ่งหนึ่งนิยมพูดภาษาคาตาลันมากกว่า ผู้คนส่วนใหญ่เข้าใจภาษานี้ และเกือบทุกคนรู้ภาษาสเปน
thai_1954,tha_Thai.devtest,957,อย่างไรก็ดี ป้ายต่าง ๆ ส่วนใหญ่ระบุเป็นภาษาคาตาลันเท่านั้น เนื่องจากกฎหมายกำหนดให้เป็นภาษาราชการภาษาแรก
thai_1955,tha_Thai.devtest,958,กระนั้น ยังมีการใช้ภาษาสเปนอย่างแพร่หลายในการขนส่งสาธารณะและสถานที่อื่นๆ
thai_1956,tha_Thai.devtest,959,การประกาศปกติในรถไฟใต้ดินจะประกาศเป็นภาษาคาตาลันเท่านั้น แต่ระบบอัตโนมัติจะประกาศการหยุดชะงักที่ไม่ได้วางแผนไว้ในหลายภาษา รวมถึงภาษาสเปน อังกฤษ ฝรั่งเศส อาหรับ และญี่ปุ่น
thai_1957,tha_Thai.devtest,960,ชาวปารีสขึ้นชื่อในเรื่องความเห็นแก่ตัว หยาบคาย และหยิ่งยโส
thai_1958,tha_Thai.devtest,961,"แม้ว่านี่มักจะเป็นการเหมารวมแบบไม่ถูกต้องนัก แต่วิธีที่จะทำตัวให้กลมกลืนไปกับชาวปารีสได้ดีที่สุดก็ยังคงเป็นการประพฤติตนอย่างดีที่สุด ทำตัวให้เหมือนคนที่ ""bien élevé"" (ได้รับการเลี้ยงดูมาเป็นอย่างดี) ซึ่งจะทำให้เดินทางไปที่ต่าง ๆ ได้ง่ายขึ้นมาก"
thai_1959,tha_Thai.devtest,962,สีหน้าท่าทางที่ดูหยาบคายของชาวปารีสจะมลายสิ้นไปอย่างรวดเร็วเมื่อคุณแสดงมารยาทพื้นฐานต่อหน้าพวกเขา
thai_1960,tha_Thai.devtest,963,อุทยานแห่งชาติ Plitvice Lakes คือป่าไม้ที่หนาแน่นโดยมีต้นบีช ต้นสน และต้นเฟอร์ เป็นส่วนใหญ่ ทั้งยังมีการผสมผสานของพืชพันธุ์ในเทือกเขาแอลป์และเมดิเตอร์เรเนียนอีกด้วย
thai_1961,tha_Thai.devtest,964,ที่นี่มีชุมชนพืชหลากหลายเนื่องจากมีขอบเขตภูมิอากาศจุลภาคที่กว้าง ทำให้เนื้อดินมีความแตกต่างและระดับของความสูงที่แตกต่างกันออกไป
thai_1962,tha_Thai.devtest,965,บริเวณนี้ยังเป็นถิ่นฐานของสัตว์และนกมากมายหลายหลากสายพันธุ์อีกด้วย
thai_1963,tha_Thai.devtest,966,สามารถพบสัตว์หายากได้ที่นั่น เช่น หมีสีน้ำตาลยุโรป หมาป่า นกอินทรี นกฮูก ลิงซ์ แมวป่า และแคเพอร์เคลี รวมทั้งสัตว์สายพันธุ์ทั่วไปอีกมากมาย
thai_1964,tha_Thai.devtest,967,ขณะเยี่ยมชมอาราม ผู้หญิงจะต้องสวมกระโปรงคลุมเข่า และเสื้อผ้าปิดไหล่มิดชิด
thai_1965,tha_Thai.devtest,968,อารามส่วนใหญ่มีกระโปรงพันรอบตัวบริการแก่สตรีที่ไม่ได้เตรียมตัวมา แต่ถ้าคุณนำมาเองก็จะได้รับรอยยิ้มจากพระหรือแม่ชีซึ่งอยู่ที่ทางเข้า โดยเฉพาะหากว่าเป็นกระโปรงที่มีสีสันสดใส
thai_1966,tha_Thai.devtest,969,ในมาตรฐานเดียวกัน ผู้ชายก็ต้องสวมใส่กางเกงขายาวคลุมเข่า
thai_1967,tha_Thai.devtest,970,ซึ่งสามารถยืมได้จากคลังที่ทางเข้าเช่นกัน แต่เสื้อผ้าเหล่านี้ไม่ได้รับการซักหลังจากการใช้ทุกครั้ง คุณจึงอาจรู้สึกไม่สบายใจที่จะสวมกระโปรงเหล่านี้ ไซซ์เดียวใช้ได้สำหรับทุกคน!
thai_1968,tha_Thai.devtest,971,อาหารพื้นเมืองของชาวมายอร์กาซึ่งคล้ายคลึงกับอาหารในแถบเมดิเตอร์เรเนียน ในการใช้ขนมปัง ผักและเนื้อสัตว์ (โดยเฉพาะเนื้อหมู) เป็นหลัก และมักใช้น้ำมันมะกอกสำหรับทุกอย่าง
thai_1969,tha_Thai.devtest,972,อาหารเย็นยอดนิยมง่าย ๆ โดยเฉพาะในช่วงฤดูร้อนคือ Pa amb Oli ซึ่งก็คือขนมปังที่มีน้ำมันมะกอก มะเขือเทศ และเครื่องปรุงรสอื่น ๆ เช่น ชีส ปลาทูน่า ฯลฯ
thai_1970,tha_Thai.devtest,973,คำนามทั้งหมดรวมถึงคำว่า Sie ที่แปลว่าคุณ ขึ้นต้นด้วยอักษรพิมพ์ใหญ่เสมอ แม้จะอยู่กลางประโยคก็ตาม
thai_1971,tha_Thai.devtest,974,นี่เป็นวิธีสำคัญในการแยกแยะคำกริยาและกรรมบางตัว
thai_1972,tha_Thai.devtest,975,เป็นไปได้ว่ามันอาจจะทำให้การอ่านง่ายขึ้นอีกด้วย แม้ว่าการเขียนจะซับซ้อนอยู่บ้างเนื่องจากต้องค้นหาคำตอบว่าคำกริยาหรือคำคุณศัพท์ที่ใช้นั้นถูกทำให้อยู่ในรูปแทนคำนามหรือไม่
thai_1973,tha_Thai.devtest,976,การออกเสียงในภาษาอิตาลีนั้นง่ายพอสมควรเพราะคำส่วนใหญ่จะออกเสียงตรงตามวิธีการเขียน
thai_1974,tha_Thai.devtest,977,ตัวพยัญชนะหลักที่ต้องระวังให้ดีคือ c และ g เนื่องจากวิธีการออกเสียงจะแตกต่างกันออกไปตามรูปสระที่ตามมา
thai_1975,tha_Thai.devtest,978,นอกจากนี้ อย่าลืมออกเสียง r และ rr ให้แตกต่างกันด้วย คำว่า caro แปลว่าที่รัก ส่วน carro แปลว่ารถม้า
thai_1976,tha_Thai.devtest,979,ไวยากรณ์ของภาษาเปอร์เซียนั้นง่ายพอสมควรและไม่ส่วนใหญ่ไม่ซับซ้อน
thai_1977,tha_Thai.devtest,980,ด้วยเหตุนี้ การอ่านแบบเรียนไวยากรณ์ขั้นต้นนี้จะช่วยคุณได้มากในการเรียนรู้ไวยากรณ์ภาษาเปอร์เซีย และจะทำให้เข้าใจวลีต่าง ๆ ได้มากขึ้น
thai_1978,tha_Thai.devtest,981,ไม่จำเป็นต้องบอกก้รู้ว่า ถ้าคุณรู้ภาษาในกลุ่มโรมานซ์ คุณจะเรียนรู้ภาษาโปรตุเกสได้อย่างง่ายดาย
thai_1979,tha_Thai.devtest,982,ทว่าผู้ที่รู้ภาษาสเปนเพียงเล็กน้อยอาจสรุปได้อย่างรวดเร็วว่าภาษาโปรตุเกสนั้นมีความใกล้เคียงกันมากพอที่จะไม่ต้องเรียนแยกกัน
thai_1980,tha_Thai.devtest,983,หอดูดาวในยุคก่อนสมัยใหม่นั้นล้าสมัยไปแล้วในปัจจุบันนี้ ทว่ายังคงตั้งอยู่เพื่อเป็นพิพิธภัณฑ์หรือสถานที่เพื่อการศึกษา
thai_1981,tha_Thai.devtest,984,เนื่องจากมลพิษทางแสงในยุคที่มีปัญหาหนักหน่วงไม่ใช่ปัญหาแบบเดียวกับที่เป็นอยู่ในปัจจุบัน ปัญหาเหล่านี้มักเกิดขึ้นในเมือง หรือสถานศึกษาต่าง ๆ ซึ่งเข้าถึงได้ง่ายกว่าที่สร้างขึ้นในยุคปัจจุบัน
thai_1982,tha_Thai.devtest,985,กล้องโทรทรรศน์สำหรับการวิจัยสมัยใหม่ส่วนใหญ่เป็นอุปกรณ์ขนาดมหึมาที่ตั้งอยู่บนพื้นที่ห่างไกลในบริเวณที่มีสภาพบรรยากาศเหมาะสม
thai_1983,tha_Thai.devtest,986,การชมดอกซากุระหรือที่เรียกกันว่าฮานามิ เป็นส่วนหนึ่งของวัฒนธรรมญี่ปุ่นมาตั้งแต่ศตวรรษที่ 8
thai_1984,tha_Thai.devtest,987,แนวคิดนี้มาจากประเทศจีน ซึ่งเป็นประเทศที่ดอกบ๊วยได้รับความนิยม
thai_1985,tha_Thai.devtest,988,ในญี่ปุ่น งานเลี้ยงชมซากุระครั้งแรกจัดขึ้นโดยจักรพรรดิให้ตัวพระองค์เองและสมาชิกชนชั้นสูงคนอื่น ๆ ที่อยู่ในบริเวณราชสำนักเท่านั้น
thai_1986,tha_Thai.devtest,989,"พืชจะดูดีที่สุดเมื่ออยู่ในสภาพแวดล้อมตามธรรมชาติ ดังนั้นจงหักห้ามใจที่จะเก็บตัวอย่างแม้ ""เพียงอย่างเดียว"""
thai_1987,tha_Thai.devtest,990,"หากคุณเข้าไปในสวนที่ได้รับการจัดอย่างเป็นทางการแล้วเก็บ ""ตัวอย่าง"" คุณจะถูกเชิญออกโดยไม่มีการโต้เถียง"
thai_1988,tha_Thai.devtest,991,โดยทั่วไปแล้ว สิงคโปร์เป็นสถานที่ที่มีความปลอดภัยระดับสูงมากและเดินทางได้สะดวก และคุณสามารถซื้อได้เกือบทุกสิ่งทุกอย่างหลังจากเดินทางไปถึง
thai_1989,tha_Thai.devtest,992,"แต่การตั้งอยู่ใน ""เขตร้อนสูง"" ที่อยู่เหนือเส้นศูนย์สูตรเพียงไม่กี่องศา ทำให้คุณต้องรับมือกับทั้งความร้อน (ตลอดเวลา) และแดดจ้า (เมื่อฟ้าโปร่ง ซึ่งไม่บ่อยนัก)"
thai_1990,tha_Thai.devtest,993,นอกจากนี้ยังมีรถโดยสารอีกสองสามคันที่ไปทางเหนือไปยังเฮบรอน ซึ่งเป็นสถานที่ฝังศพแบบดั้งเดิมของอับราฮัม อิสอัค ยาโคบ ซึ่งเป็นผู้นำทางศาสนาในพระคัมภีร์ และภรรยาของพวกเขา
thai_1991,tha_Thai.devtest,994,ตรวจสอบว่ารถโดยสารที่คุณกำลังคิดจะโดยสารมีเส้นทางเดินรถไปยังเมืองฮีบรอนและไม่ใช่แค่ไปยังนิคมคีร์ยัต อาร์บา ซึ่งเป็นเขตตั้งถิ่นฐานของชาวยิวที่อยู่ละแวกใกล้เคียง
thai_1992,tha_Thai.devtest,995,ทางน้ำบนพื้นที่ภายในประเทศอาจเป็นธีมที่ดีสำหรับการพักผ่อนในวันหยุด
thai_1993,tha_Thai.devtest,996,ตัวอย่างเช่น การเยี่ยมชมปราสาทในหุบเขาลัวร์และไรน์ หรือล่องเรือในแม่น้ำดานูบไปยังแหล่งท่องเที่ยวที่น่าสนใจ หรือล่องเรือไปตามลำคลองอีรี
thai_1994,tha_Thai.devtest,997,และยังระบุถึงเส้นทางสำหรับปีนเขาและขี่จักรยานที่ได้รับความนิยมอีกด้วย
thai_1995,tha_Thai.devtest,998,คริสต์มาสเป็นเทศกาลหนึ่งที่สำคัญมากที่สุดของชาวคริสต์ และมีการเฉลิมฉลองเนื่องจากเป็นวันประสูติของพระเยซู
thai_1996,tha_Thai.devtest,999,ประเพณีหลายอย่างที่เกี่ยวข้องกับวันหยุดยังถูกรับมาใช้โดยผู้ที่ไม่ได้นับถือศาสนาคริสต์ในประเทศที่นับถือศาสนาคริสต์และประเทศที่ไม่ได้นับถือศาสนาคริสต์ทั่วโลก
thai_1997,tha_Thai.devtest,1000,มีธรรมเนียมที่จะต้องผ่านพ้นคืนอีสเตอร์โดยไม่หลับนอนในพื้นที่เปิดเพื่อชมพระอาทิตย์ขึ้น
thai_1998,tha_Thai.devtest,1001,แน่นอนว่ามีคำอธิบายทางศาสนศาสตร์ของศาสนาคริสต์สำหรับประเพณีนี้ แต่อาจเป็นพิธีกรรมสำหรับฤดูใบไม้ผลิและความอุดมสมบูรณ์ปฏิบัติกันในช่วงก่อนศาสนาคริสต์
thai_1999,tha_Thai.devtest,1002,โบสถ์ที่มีความเป็นแบบดั้งเดิมมากหน่อยมักจัดงานอีสเตอร์วีจิลในคืนวันเสาร์ในช่วงสุดสัปดาห์อีสเตอร์ โดยกลุ่มคริสต์ศาสนิกชนที่มาชุมนุมกันมักจะเฉลิมฉลองการฟื้นคืนพระชนม์ชีพของพระคริสต์ ในช่วงเวลาเที่ยงคืนเพื่อเฉลิมฉลอง
thai_2000,tha_Thai.devtest,1003,สัตว์ทุกตัวที่มาถึงเกาะนี้แต่เดิมล้วนมาที่นี่ด้วยการว่ายน้ำ บิน หรือลอยน้ำ
thai_2001,tha_Thai.devtest,1004,ระยะทางอันห่างไกลจากทวีปส่งผลให้สัตว์เลี้ยงลูกด้วยนมไม่สามารถเดินทางมาได้ เต่ายักษ์จึงครองความเป็นเจ้าแห่งสัตว์แทะเล็มในกาลาปากอส
thai_2002,tha_Thai.devtest,1005,นับตั้งแต่มนุษย์เข้ามาในหมู่เกาะกาลาปากอส ก็ได้มีการนำสัตว์เลี้ยงลูกด้วยนมจำนวนมากเข้ามา อาทิเช่น แพะ ม้า วัว หนู แมว และสุนัข
thai_2003,tha_Thai.devtest,1006,หากคุณไปเยือนบริเวณอาร์กติกหรือแอนตาร์กติกในช่วงฤดูหนาว คุณจะได้สัมผัสกับโพลาร์ไนต์ซึ่งหมายความว่าพระอาทิตย์ไม่ได้ขึ้นเหนือขอบฟ้า
thai_2004,tha_Thai.devtest,1007,นี่เป็นโอกาสดีที่จะได้เห็นแสงเหนือเพราะท้องฟ้าจะมืดตลอดเวลา ไม่มากก็น้อย
thai_2005,tha_Thai.devtest,1008,เนื่องจากพื้นที่ต่าง ๆ มีประชากรเบาบางและมลภาวะไม่มากนัก จึงมักไม่เป็นปัญหา คุณยังสามารถเพลิดเพลินกับดาวต่าง ๆ ได้อีกด้วย
thai_2006,tha_Thai.devtest,1009,วัฒนธรรมในการทำงานของญี่ปุ่นมีลำดับชั้นและมีความเป็นทางการมากกว่าที่ชาวตะวันตกคุ้นเคย
thai_2007,tha_Thai.devtest,1010,ชุดสูทคือชุดเป็นทางการแบบมาตรฐาน และเพื่อนร่วมงานจะเรียกกันด้วยนามสกุลหรือตำแหน่งงาน
thai_2008,tha_Thai.devtest,1011,ความสามัคคีในสถานที่ทำงานเป็นสิ่งจำเป็นอย่างยิ่ง โดยเน้นการพยายามทำงานเป็นกลุ่มมากกว่าการยกย่องความสำเร็จเป็นรายบุคคล
thai_2009,tha_Thai.devtest,1012,บ่อยครั้งที่คนทำงานต้องได้รับการอนุมัติจากผู้บังคับบัญชาในการตัดสินใจต่าง ๆ และถูกคาดหวังให้ต้องปฏิบัติตามคำสั่งของผู้บังคับบัญชาโดยไม่มีคำถามใด ๆ ทั้งสิ้น
